time,Master1Paths4.AVGSlave_1.PTP_Stack[0].offsetFromMaster:vector
0,0
0,0
0.340668848418,0
0.356284450722,0
0.371939113045,0
0.387555972743,0
0.40317378936,6.49e-07
0.418804160781,3.124e-06
0.43444377426,0.00215343
0.450051256908,0.00538259
0.465670356578,0.00861178
0.481291040281,0.00968818
0.496923647111,0.0096885
0.512546297783,0
0.528177924779,0
0.543800551557,0
0.559438515472,-0.00968002
0.575050551806,-0.00752917
0.590674699665,-0.00215118
0.606304081961,0
0.621925653181,0
0.63755061651,0
0.653184328081,0.0236685
0.668805682167,0.0236685
0.684425603876,0.0236685
0.70005349262,0
0.715673200104,0
0.731303889572,0
0.746925249366,0
0.762545542811,0
0.778179224314,0
0.793794083081,0
0.809434503229,0
0.825042429215,0
0.840685004291,0.0578544
0.856306393326,0.0578539
0.871935855066,0.0385697
0.887552634637,0
0.90317125796,0
0.918798122768,0
0.934432192986,0
0.950046659396,0
0.965672885068,0
0.98130078631,0.134995
0.99693045484,0.137136
1.012555969205,0.141421
1.028172261508,0.141421
1.043791961278,0.0942807
1.059435187798,1.838e-06
1.075046188734,-0.094278
1.090677636303,-0.109992
1.106300791404,-0.109992
1.121921985232,0
1.137552023564,0
1.153177929637,0
1.168797752852,0.345691
1.184427850934,0.345689
1.200048066553,0.345691
1.215676591919,0.345692
1.231305412861,0
1.246937402016,0
1.26254388217,0
1.278167524333,0.345692
1.293794194582,0.345691
1.309414745301,0.23046
1.325048259314,0
1.340682034644,0
1.356311842365,0
1.371925822631,0
1.387560339882,0
1.403179505617,0
1.418805531812,0.768197
1.434427937279,0.768198
1.450055699312,0.768199
1.465259306477,0
1.528178168709,0.768198
1.543806454992,0.768199
1.559440177395,0.768199
1.575055134612,0
1.5906700513,0
1.606299510866,0
1.621923347233,0
1.637554395648,0
1.65275930057,0
1.778170918859,0
1.793803602927,1.15762
1.809428462379,1.18608
1.825047334177,1.24298
1.840682500885,1.24298
1.856306595492,1.24298
1.871939623715,0
1.887553124255,0
1.903169923041,0
1.918801394009,-1.24298
1.934430389749,-0.966764
1.950048962177,-0.276218
1.965259323167,0
2.153174153757,0.138109
2.168800698452,0
2.184432207222,0
2.200053217906,0
2.215670963317,0.552436
2.231291548437,0.552436
2.246934846086,0.552436
2.262551246403,0
2.278173446382,0
2.293804834328,0
2.309430459678,0
2.325051443782,0
2.340675954205,0
2.356302651536,0.859341
2.371937222542,0.920724
2.387548196633,1.00257
2.403171018507,1.04349
2.418800266692,1.04349
2.434430883876,0.695659
2.450042060325,6.22e-07
2.465669864966,-0.695657
2.481301098307,-0.811601
2.496934885035,-0.811601
2.512557419816,-0.231886
2.528186949722,0.618361
2.543809792185,0
2.559434742228,0
2.575041491339,0
2.590676020749,1.73914
2.606299499031,1.73914
2.621927488302,0
2.637548204399,0
2.653179333889,0
2.668803712811,1.73914
2.684435105765,1.73914
2.700052447553,1.15943
2.715671848393,6.52e-07
2.731305342838,-1.15943
2.746936615757,-1.35267
2.762545327936,0
2.778169062025,0
2.793799726612,0
2.809422545443,0
2.825048143902,0
2.840674992382,2.89857
2.856313183629,0
2.871921747527,0
2.887551789285,0
2.903168899865,3.28505
2.918803742243,3.28505
2.934425299227,0
2.950055421005,0
2.965675979745,0
2.981295605569,3.28504
2.996931906234,3.28504
3.01255504771,2.51209
3.028179722769,0.966188
3.043797869663,-0.579714
3.059435506977,-1.15943
3.075054320355,-1.15943
3.090684834569,-0.515303
3.106301755895,0.515299
3.121921939322,1.52443
3.137555304971,2.08267
3.153172673848,2.25444
3.168791049137,0
3.184427915085,0
3.200047841934,0
3.21567561833,1.12722
3.23130571381,1.12722
3.2469244858,0
3.262557137389,0
3.278178493371,0
3.293796849129,1.64252
3.309429416147,1.64252
3.325053689167,1.09502
3.340678760166,1.54e-07
3.356300311025,-1.09501
3.37194341824,-1.27752
3.387556533547,0
3.403182073528,0
3.418809851123,0
3.434430217987,0
3.450054860362,0
3.465671750345,2.73754
3.481295203401,0
3.496925503196,0
3.512551644517,0
3.528172188197,3.10254
3.543795900509,3.10254
3.559441417221,3.10254
3.575046498434,3.10254
3.590665291221,2.06836
3.606295917566,0
3.62192434688,0
3.637549490676,0
3.65318031614,1.859e-06
3.668798820012,2.632e-06
3.684423712141,2.675e-06
3.700047212167,1.526e-06
3.715671965095,1.526e-06
3.731307210513,2.15e-07
3.746943447482,2.04e-07
3.762560258405,2.21e-07
3.778175399173,4.35e-07
3.7937956559,4.35e-07
3.809421752954,1.231e-06
3.825055429339,2.626e-06
3.840670342715,1.79e-06
3.85630009699,1.617e-06
3.871921417036,2.041e-06
3.887556864809,1.334e-06
3.903170919458,-5.79e-07
3.918788413524,8.17e-07
3.934431166486,1.465e-06
3.950053304057,1.163e-06
3.965679693851,5.88e-07
3.981314963057,5.88e-07
3.996932580185,5.05e-07
4.012549084201,5.05e-07
4.028175703798,4.97e-07
4.043810572927,3.92e-07
4.059432832798,2.95e-07
4.075052286803,1.76e-07
4.090677460379,6.8e-08
4.10630348059,2e-08
4.121931444041,1.7e-08
4.137547000358,8.6e-08
4.153168559353,1.7e-08
4.168805780772,1.61e-07
4.184425693902,-4.23e-07
4.20004466314,-2.81e-07
4.215670308891,-2.17e-07
4.231309044815,1.3e-06
4.2469309654,2.322e-06
4.262553456373,2.322e-06
4.278178947573,1.692e-06
4.29380388445,-1.1e-07
4.309432041206,-3.83e-07
4.325059536555,-2.924e-06
4.340677395874,-2.039e-06
4.356303592807,-2.52e-07
4.371920290797,1.929e-06
4.387545805264,1.51e-06
4.403174934645,2.533e-06
4.418793155312,2.533e-06
4.4344275704,1.394e-06
4.450060732471,7.32e-07
4.465682648249,-1.4e-06
4.481298366159,-1.4e-06
4.496925520186,-2.707e-06
4.512557000326,-3.117e-06
4.528177447489,-8.22e-07
4.543811736742,1.207e-06
4.559422389868,1.207e-06
4.575054412719,1.969e-06
4.590684052487,1.969e-06
4.606303121815,1.839e-06
4.621927060476,1.559e-06
4.63755407061,8.97e-07
4.653177361987,5.83e-07
4.668810226397,4.13e-07
4.684430042953,5.81e-07
4.700040485731,5.81e-07
4.715677178546,5.81e-07
4.731302154308,4.91e-07
4.746919870211,3.92e-07
4.762545592141,2.9e-07
4.7781703015,2.1e-07
4.793810407059,1.79e-07
4.809422739615,1.32e-07
4.82505625273,1.01e-07
4.84066624278,1.01e-07
4.856301876295,9.5e-08
4.871928260275,4.4e-08
4.887546658453,-1e-09
4.903181687223,6e-09
4.918797244179,6e-09
4.934426625719,3.3e-08
4.950040217044,8.3e-08
4.965681389314,1.64e-07
4.981298478928,2.51e-07
4.99692999885,2.46e-07
5.012547132119,3.52e-07
5.02817164159,4.9e-07
5.043795428667,6.58e-07
5.059427541546,-1.94e-07
5.075054747367,8.19e-07
5.090671736303,8.66e-07
5.106298586552,8.2e-07
5.121934416349,7.29e-07
5.137550112763,2.195e-06
5.153177241119,2.948e-06
5.168801680672,1.482e-06
5.184440975676,1.386e-06
5.200057472792,1.54e-07
5.215671707216,-7.24e-07
5.231303544835,-7.24e-07
5.246934844278,2.06e-07
5.262552962385,2.87e-07
5.278171893599,6.21e-07
5.293809839923,6.56e-07
5.309433906455,6.79e-07
5.325050422291,1.594e-06
5.34067839285,1.569e-06
5.35630905854,1.446e-06
5.371927796885,3.21e-07
5.387557836608,-6.19e-07
5.403176570732,-7.2e-07
5.418802162256,-7.26e-07
5.434435892637,3.73e-07
5.45005255758,3.73e-07
5.46567096353,2.53e-07
5.481298418459,2.05e-07
5.496943676569,1.26e-07
5.512554620235,1.26e-07
5.52818174762,8.3e-08
5.543800884696,1.837e-06
5.559427358367,1.817e-06
5.575046769153,1.784e-06
5.590677061251,-5.16e-07
5.606302684071,6e-09
5.621933605227,-1.565e-06
5.637557128148,-1.347e-06
5.653177543861,-3.016e-06
5.668810557958,-7.76e-07
5.684437372776,-5.55e-07
5.700049952442,4.53e-07
5.715675117195,7.24e-07
5.731307521407,7.24e-07
5.746920892968,-1.09e-07
5.762559075742,-1.09e-07
5.778173545766,-1.68e-07
5.793802408038,-2.32e-07
5.809429499725,2.8e-08
5.825052221568,6.89e-07
5.840674023831,1.8e-08
5.856296622377,6.52e-07
5.871932338468,7.02e-07
5.887545806938,4.92e-07
5.903179030984,4.92e-07
5.918798886695,4.92e-07
5.934437059968,-7.09e-07
5.950043966432,-6.18e-07
5.965683304515,-5.4e-07
5.981298759996,-2.338e-06
5.996932867803,-1.631e-06
6.012546623851,1.95e-07
6.028176628292,2.46e-07
6.043806278019,2.5e-07
6.059434346934,2.5e-07
6.07505205743,1.5e-07
6.090676221191,1.56e-07
6.106300810109,8e-09
6.121924731713,-4.98e-07
6.137543038973,-1.12e-07
6.153176494969,-1.5e-08
6.168799014609,-1.38e-07
6.184425417093,-1.05e-07
6.20005046482,-3.7e-08
6.215671509521,8.5e-08
6.231293286625,-1.2e-08
6.24692535958,9e-09
6.262546979671,1.103e-06
6.27818135652,2.454e-06
6.293798105467,1.36e-06
6.309423556998,1.314e-06
6.325042906253,1.254e-06
6.340675477912,-3.88e-07
6.356295027214,-5.19e-07
6.371927322331,-5.14e-07
6.387548002341,-6.15e-07
6.403176149067,1.444e-06
6.418805418829,1.475e-06
6.43443392161,1.475e-06
6.450041020981,7.48e-07
6.465677339332,-2.64e-07
6.481301279411,-1.011e-06
6.496928945252,-9.34e-07
6.512543118635,4.41e-07
6.528172470296,4.41e-07
6.543789618701,5.03e-07
6.559424738961,2.12e-07
6.575052797558,6.49e-07
6.590665685916,4.27e-07
6.606298082944,5.08e-07
6.621934902276,1.164e-06
6.637555182152,1.195e-06
6.653180465789,7.04e-07
6.668795726333,7.04e-07
6.684416635709,3.2e-08
6.70005210637,-7.7e-08
6.715678428684,-7.7e-08
6.731296623871,-1.32e-07
6.746926512378,-8e-08
6.762542906344,-4.1e-08
6.778172566639,-2.3e-08
6.793806124751,-7.3e-08
6.809437017088,-5.8e-08
6.825042129586,-6.8e-08
6.840677999224,-2.56e-07
6.856305409677,-2.98e-07
6.871924849457,-1.62e-07
6.887553526653,-3.45e-07
6.903183057058,-1.748e-06
6.918811879089,-1.604e-06
6.934428360197,-1.577e-06
6.95004766753,-1.489e-06
6.96567745765,2.2e-08
6.981300673281,2.2e-08
6.996922610326,1.15e-07
7.012550384763,-9.08e-07
7.02817926506,-8.92e-07
7.043801868711,-8.47e-07
7.059445540491,-5.19e-07
7.075047337592,-2.166e-06
7.090666860284,-2.166e-06
7.106295107336,-2.166e-06
7.121937115609,-2.169e-06
7.137558737148,-1.975e-06
7.153170936193,-3.1e-07
7.168797207158,-1.5e-07
7.184428759833,-2.07e-07
7.200042204605,-2.95e-07
7.215674749308,1.09e-07
7.231296813749,9.61e-07
7.24691772258,1.125e-06
7.262541740067,1.31e-06
7.278176852767,1.31e-06
7.293793137291,1.81e-07
7.309425281507,-3.73e-07
7.32504675316,-6.96e-07
7.340674662789,-6.96e-07
7.356299587624,-3.39e-07
7.371941355324,-3.8e-08
7.387551337533,1.665e-06
7.40317108248,1.665e-06
7.418803978797,1.683e-06
7.434435110948,1.64e-07
7.450050750627,9.6e-08
7.465666601733,9.6e-08
7.48129914199,9.6e-08
7.496927566842,-6.33e-07
7.512549416377,-5.93e-07
7.528176477263,-2.98e-07
7.543801041733,-9.24e-07
7.559427380606,-2.63e-07
7.575060140097,2.98e-07
7.590668915374,-2.1e-08
7.606310769829,-3.3e-08
7.621939486215,1e-09
7.637547782599,1e-09
7.653181141773,-2.01e-07
7.668798838661,1.779e-06
7.684434733859,1.767e-06
7.700043796127,-2.78e-07
7.715678257771,-6.8e-08
7.731301991961,-6.8e-08
7.746927845383,-1.14e-07
7.762542552562,-1.083e-06
7.778186942044,-1.895e-06
7.793795355742,-1.895e-06
7.809430631659,-1.938e-06
7.825048152901,-3.237e-06
7.84068112554,-2.543e-06
7.856299489887,-2.035e-06
7.87193965228,-2.035e-06
7.887553391624,-4.98e-07
7.903173388488,2.7e-08
7.918807235416,5.11e-07
7.934436454909,5.11e-07
7.950050350811,5.11e-07
7.96567742578,4.24e-07
7.9812853214,3.1e-07
7.996928820624,2.22e-07
8.01254484357,1.976e-06
8.028179167396,1.64e-07
8.043799844848,2.49e-07
8.059440654824,-1.036e-06
8.075060222975,-8.46e-07
8.090666144582,-8.46e-07
8.1063045836,4.79e-07
8.12192368042,8.36e-07
8.137553241147,8.36e-07
8.153179279493,6.58e-07
8.168808266332,6.91e-07
8.184439406466,2.9e-08
8.200050653793,1.357e-06
8.215689292474,1.25e-06
8.231303942121,4.14e-07
8.246933903363,-1.139e-06
8.262562352624,2.02e-07
8.278177165359,-1.31e-07
8.293800948475,2.02e-07
8.309439069403,2.1e-07
8.32504440397,2.13e-07
8.340679413806,3.77e-07
8.356311630784,3.83e-07
8.371937969633,1.76e-07
8.387553030571,2.26e-07
8.403178757392,1.56e-07
8.418806121991,1.56e-07
8.4344395119,1.56e-07
8.450041041339,7.3e-08
8.465672250798,6.6e-08
8.481294485282,-8.07e-07
8.49692069675,-8.07e-07
8.512545115169,-3.84e-07
8.528170807289,-1.909e-06
8.543793547304,-1.889e-06
8.559433004564,-2.92e-07
8.575047746501,-2.98e-07
8.590676795358,-1.04e-06
8.606310524348,2.1e-07
8.621937489906,-9.88e-07
8.637543819928,-9.7e-07
8.653181102632,-9.48e-07
8.668802862657,-7.29e-07
8.684444302215,-7.63e-07
8.700059574798,-7.63e-07
8.715683028192,-7.63e-07
8.731304593768,-1.98e-07
8.746923180634,7.18e-07
8.762550150451,-7.05e-07
8.778171097708,5.93e-07
8.793797830789,8.26e-07
8.809439409322,-1.54e-07
8.825052818903,-2.41e-07
8.840674552907,-2.41e-07
8.856301719592,7.13e-07
8.871933515107,1.71e-06
8.887546579676,7.87e-07
8.90317060245,8.93e-07
8.918801883534,3.756e-06
8.934437484694,1.853e-06
8.950041458508,4.96e-07
8.965672267113,5.44e-07
8.981301828211,2.084e-06
8.996925546675,2.084e-06
9.01254892397,2.084e-06
9.028183309136,3.296e-06
9.043803898366,3.752e-06
9.059430794278,2.182e-06
9.075041703962,6.02e-07
9.090668542056,8.82e-07
9.106303541464,2.24e-07
9.12193934881,-2.83e-07
9.137551583357,-2e-07
9.153179040148,-4.36e-07
9.168797942276,-6.36e-07
9.18442884304,-6.36e-07
9.200052535908,-1.354e-06
9.21567556364,-1.354e-06
9.231295758933,-1.313e-06
9.246925116087,-1.15e-06
9.262549216541,-2.18e-07
9.278180492233,-9.9e-08
9.293802016895,-9.7e-08
9.309440487635,-1.66e-07
9.325046947357,5.4e-08
9.340675864796,5.4e-08
9.35629454005,1.996e-06
9.371925039358,2.148e-06
9.387543390522,2.148e-06
9.403180460323,2.737e-06
9.418802759981,7.55e-07
9.434429156971,-2.34e-07
9.450041996885,3.64e-07
9.465675360436,2e-08
9.481298487237,-7.12e-07
9.496933795822,-1.601e-06
9.512545934618,-2.409e-06
9.528178530158,-2.409e-06
9.543804350228,-9.07e-07
9.559434327837,-7.83e-07
9.575050065826,-5.42e-07
9.590672671846,1.82e-07
9.606306341623,1.34e-07
9.621923355327,2.8e-08
9.637558355925,2.8e-08
9.653188307541,2.8e-08
9.668800399086,-9.8e-08
9.68442838879,-1.976e-06
9.700048772636,-1.988e-06
9.715681903218,-1.988e-06
9.731309945085,-1.36e-07
9.746924986343,5.9e-08
9.762550773046,5.9e-08
9.778178823117,2.38e-07
9.79379412188,4.17e-07
9.809421938892,5.93e-07
9.825052944668,5.93e-07
9.840663631411,5.93e-07
9.856296872368,5.32e-07
9.871922984442,2.094e-06
9.887555396247,1.869e-06
9.903171783507,-5.95e-07
9.918790244362,-7.28e-07
9.934426892904,9.28e-07
9.950054862842,-8.39e-07
9.965682319895,7.59e-07
9.981298991517,7.59e-07
9.996927761338,7.15e-07
10.012553693059,-2.49e-07
10.028181824962,-3.03e-07
10.043792396529,-3.03e-07
10.059425607024,5.98e-07
10.075052114709,6.39e-07
10.0906741932,6.96e-07
10.106306992927,6.96e-07
10.121926535629,-1.52e-07
10.13755316712,-1.52e-07
10.153183172992,-9.4e-08
10.16880081887,-2.4e-08
10.184418517406,4.8e-08
10.200052423671,1.09e-07
10.215679558584,1.09e-07
10.231289077074,4.21e-07
10.246933058584,4.42e-07
10.262539608935,2.009e-06
10.278174397124,2.84e-07
10.293801341337,-1.371e-06
10.309422204085,-2.105e-06
10.325054172728,-8.17e-07
10.340670296227,-3.629e-06
10.356302311909,-1.901e-06
10.37192463472,-1.901e-06
10.387561831615,-1.578e-06
10.403178300925,-1.578e-06
10.418803084687,-1.42e-07
10.434429515007,-8.3e-08
10.45005714679,-8.3e-08
10.465668110417,7.9e-07
10.481299509213,2.018e-06
10.49693914376,1.752e-06
10.512547084704,-6.6e-08
10.528169877638,1.011e-06
10.543802957632,-4.42e-07
10.559428372875,-5.35e-07
10.575058153324,2.6e-07
10.590678113343,7.08e-07
10.606303941425,7.08e-07
10.621925189645,7.64e-07
10.637549127847,-1.23e-07
10.653172122782,-4.4e-07
10.668791902717,-4.34e-07
10.684430390235,-4.34e-07
10.700055085095,-5.35e-07
10.71568151158,-4.37e-07
10.73131468413,-2.356e-06
10.746916687456,-2.851e-06
10.762541691724,-2.851e-06
10.778172586754,-7.54e-07
10.793795883719,-5.82e-07
10.809438260602,-3.79e-07
10.825046516588,1.58e-07
10.840680811015,2.66e-07
10.856312292462,3.1e-08
10.871936095121,-5.24e-07
10.887544541808,1.004e-06
10.903169905817,9.82e-07
10.918791716228,-7.5e-08
10.934425360862,1.177e-06
10.950050426112,1.177e-06
10.96568539662,1.06e-07
10.981307765565,1.526e-06
10.996938965934,1.401e-06
11.012549915107,8.85e-07
11.028170882749,1.003e-06
11.043795493952,1.889e-06
11.059428664124,1.051e-06
11.075050051022,1.051e-06
11.090667947887,-7e-08
11.106292519363,-3.24e-07
11.12192800401,-3.24e-07
11.137548370631,-5.99e-07
11.153170595737,-4.96e-07
11.168808377377,-3.85e-07
11.184434617384,-3.85e-07
11.200045362559,-3.85e-07
11.215682369477,9.29e-07
11.231302950272,1.017e-06
11.246937075478,1.113e-06
11.262541231076,1.113e-06
11.27817210182,-2.2e-08
11.293806140311,-1.18e-07
11.309428142983,-3.3e-08
11.325049022026,-1.66e-07
11.340676495448,-1.66e-07
11.356295916942,-1.73e-07
11.371933861563,-1.655e-06
11.387548311822,-1.655e-06
11.40317228263,-1.879e-06
11.418799879215,-2.64e-07
11.434427617435,-2.03e-07
11.450057873256,2.73e-07
11.46567931961,2.72e-07
11.481297132004,3.05e-07
11.496924093215,2.86e-07
11.512545529327,2.57e-07
11.528174531311,1.28e-07
11.543796091026,1.4e-07
11.559433095204,1.4e-07
11.575048661823,2.07e-07
11.590681834512,9.85e-07
11.606294403222,9.85e-07
11.62192749044,9.39e-07
11.637553410787,1.1e-07
11.653170090429,9e-08
11.668791864907,9e-08
11.684424163894,9.8e-08
11.700047695565,1.02e-07
11.715674370342,9.3e-08
11.731294501795,9.3e-08
11.746926419394,5.8e-08
11.762548045469,5.8e-08
11.778171208807,-1.07e-06
11.793792935726,-1.397e-06
11.809426154351,-5.66e-07
11.825048278549,6.01e-07
11.840674424627,-8.02e-07
11.856304872299,6.01e-07
11.871927689847,6.2e-07
11.887548096928,-2.28e-07
11.903182159082,-3.22e-07
11.918803088179,-1.07e-07
11.934426305768,-1.82e-07
11.950053486987,-1.82e-07
11.965679490937,-2.42e-07
11.981308017807,-2.58e-07
11.996926413978,-1.58e-06
12.012544761253,-1.58e-06
12.028177636173,-1.517e-06
12.043794177151,-1.434e-06
12.05942128773,-3.7e-08
12.075052161856,-1e-09
12.090669974785,-1e-09
12.106307216353,9e-09
12.121931843286,9e-09
12.137556685709,-1.1e-08
12.153171934788,-1.1e-08
12.168808806656,-5.72e-07
12.184437101978,-4.79e-07
12.200051293119,-1.234e-06
12.215671126063,-5.62e-07
12.231303686114,-5.7e-07
12.246929048257,-1.12e-07
12.262550289389,-1.06e-07
12.278165529225,1.129e-06
12.293802379256,1.185e-06
12.309433308519,1.47e-06
12.325048824173,1.47e-06
12.340678496113,5.9e-07
12.356309051893,5.9e-07
12.371937009282,4.47e-07
12.387554698625,4.5e-08
12.403181433505,-1.665e-06
12.418802795504,-3.212e-06
12.434431892489,-3.212e-06
12.45006008608,-1.979e-06
12.465674244003,7.6e-07
12.481308821406,1.004e-06
12.496935908643,2.328e-06
12.512550724096,1.279e-06
12.528174626613,2.13e-07
12.543796440641,-6.43e-07
12.559430461608,-6e-08
12.575051599886,-4.73e-07
12.590671439396,-1.149e-06
12.606291553286,-2.119e-06
12.621933778278,-1.536e-06
12.637553304345,-1.47e-06
12.653173141801,-1.088e-06
12.668791828613,5.9e-08
12.684437563325,5.9e-08
12.700045667722,2.13e-07
12.715667475172,-2.49e-07
12.731301408421,-2.02e-07
12.746937192548,-1.86e-07
12.762549861448,2.43e-07
12.778179224595,1.94e-07
12.793797221933,1.94e-07
12.809435767558,1.94e-07
12.825058613691,1.49e-07
12.84067814411,1.03e-07
12.856299249442,2.54e-07
12.871937416026,4.74e-07
12.887549169818,2.61e-07
12.903178248874,2.1e-07
12.918798778557,2.1e-07
12.934430477239,-5.2e-08
12.95005417805,-6.5e-08
12.965675402148,-1.105e-06
12.981302024467,-2.498e-06
12.996931373188,-1.449e-06
13.012550805678,-1.406e-06
13.02817401189,-1.12e-06
13.043790225566,3.54e-07
13.059443280216,3.54e-07
13.075047821434,3.51e-07
13.090677426511,6.14e-07
13.106306420284,-7e-08
13.121935617637,-4.63e-07
13.137554080944,-2.29e-07
13.153173631226,2.42e-07
13.168803998619,2.41e-07
13.184427704855,-1.051e-06
13.200048594645,-9.36e-07
13.215665761857,-1.343e-06
13.231299394334,-1.343e-06
13.246941218437,-1.762e-06
13.262565334479,4.2e-08
13.278182020573,4.2e-08
13.293792428129,7.9e-08
13.309429891405,-1.75e-07
13.325055355623,-2.41e-07
13.340672945951,-2.41e-07
13.356300493207,1.23e-07
13.371924623065,1.066e-06
13.387551127623,1.172e-06
13.403170429013,1.829e-06
13.41880959953,1.829e-06
13.434451683982,7.67e-07
13.450053145161,-3.38e-07
13.465678112889,-1.282e-06
13.481303478873,-1.282e-06
13.496921670901,-9.68e-07
13.512551815736,-8.73e-07
13.528180110229,-5.7e-08
13.543809506895,7.57e-07
13.559435129886,8.03e-07
13.575046353468,2.1e-07
13.590670704469,2.1e-07
13.606303523089,-8.81e-07
13.621933996425,-1.004e-06
13.63754994642,-8.86e-07
13.653171573315,-5.91e-07
13.668799044729,9.61e-07
13.684434581768,1.565e-06
13.700052770471,1.565e-06
13.715676063311,7.52e-07
13.731297316741,-7.02e-07
13.746924796427,-1.496e-06
13.762558015046,-1.496e-06
13.778176510529,-6.32e-07
13.793806800611,-3.33e-07
13.809427997425,-2.09e-07
13.825046441469,4.05e-07
13.840684644075,-2.09e-07
13.856304761065,1.705e-06
13.871939835947,1.428e-06
13.887556587199,1.329e-06
13.903180408156,-1.992e-06
13.918801303481,-2.976e-06
13.93442450009,-2.976e-06
13.950052281236,-1.463e-06
13.965674114134,-1.297e-06
13.981311531851,1.19e-07
13.996934725106,2.35e-07
14.012552382039,2.35e-07
14.028173522606,-1.081e-06
14.043801869239,-1.081e-06
14.05943740556,-9.89e-07
14.075047577952,-9.74e-07
14.090675933346,5.4e-07
14.106300753101,6.73e-07
14.121931320905,7.73e-07
14.13754470598,6.67e-07
14.153185761021,8.17e-07
14.168806147059,3.93e-07
14.184427506598,3.67e-07
14.200050347168,-3.47e-07
14.215672891134,9.1e-08
14.231294895273,-1.116e-06
14.246921158013,-4.98e-07
14.262542966142,-5.94e-07
14.278177751293,5.03e-07
14.293803129101,5.03e-07
14.309437250962,5.03e-07
14.325053978316,3.87e-07
14.340684058627,6.22e-07
14.356297441195,-3.29e-07
14.371928015618,-7.42e-07
14.387543476801,-8.09e-07
14.403179404413,-6.9e-08
14.418803314315,-6.9e-08
14.434424151703,2.3e-08
14.450054433287,3.96e-07
14.465687024071,4.42e-07
14.481301889113,4.61e-07
14.496928228527,3.57e-07
14.512550743172,1.009e-06
14.528175218367,1.009e-06
14.543806362938,1.381e-06
14.559421056282,1.381e-06
14.57504895019,1.155e-06
14.590676863782,9.81e-07
14.606306444126,3.41e-07
14.621934801577,-2.24e-07
14.637551180376,2.71e-07
14.653173361548,1.252e-06
14.668793619169,8.15e-07
14.684432753156,8.15e-07
14.700051316591,3e-07
14.715665023318,-2.231e-06
14.73130730218,-3.423e-06
14.746917236086,-3.423e-06
14.762548606038,-2.83e-06
14.778169581266,-1.105e-06
14.793797096857,1.01e-07
14.809440420985,2.116e-06
14.825048588688,2.122e-06
14.840673871125,7.2e-07
14.856293638975,7.2e-07
14.871919626371,6.19e-07
14.887550934695,4e-08
14.903175129868,-8.1e-08
14.91880940519,-1.57e-07
14.934421218453,-2.05e-07
14.950056535635,-6.24e-07
14.965665149502,-6.24e-07
14.981305734192,-1.47e-07
14.996939335964,-5.5e-08
15.012545918365,-2.71e-07
15.028177108676,-2.71e-07
15.043792487763,0
15.05942596901,-4.25e-07
15.07504530527,-4.25e-07
15.090671985682,-2e-08
15.106311548211,4.78e-07
15.121934214963,4.94e-07
15.137557059253,4.94e-07
15.153175697427,2.42e-07
15.16880561883,1.45e-07
15.18443993778,5.3e-08
15.200051893473,2.1e-08
15.215667392593,2.1e-08
15.231297418465,2.1e-08
15.246924548034,3.5e-08
15.262556943603,-5.4e-08
15.278180444116,-3.8e-07
15.293794163397,-4.6e-07
15.309431796857,1.77e-07
15.325052077939,-9e-08
15.340672713835,7.9e-07
15.356302751291,7.9e-07
15.371935676599,8.24e-07
15.387546064266,2.3e-08
15.403180381481,-4.35e-07
15.418811006324,-1.09e-06
15.434432641468,-6.87e-07
15.450052675721,-1.283e-06
15.465673593602,-1.265e-06
15.481300830412,-5.87e-07
15.496926615934,3.47e-07
15.512553342282,6.4e-08
15.528176498231,1.15e-07
15.543804269141,1.57e-07
15.559440794021,1.57e-07
15.575060432236,1.3e-07
15.590685446572,1.45e-07
15.606313822349,9.3e-08
15.621937525631,3.7e-08
15.637546425846,-8.02e-07
15.653166289192,9.96e-07
15.668788400244,1.102e-06
15.684430865613,1.411e-06
15.700048054846,1.311e-06
15.71568473395,1.311e-06
15.731295244228,7.9e-08
15.746925989376,2.5e-08
15.762547865418,2.5e-08
15.778184817023,-4.16e-07
15.793804510836,1.65e-07
15.809429099772,9.73e-07
15.825048852766,5.12e-07
15.840680939346,1.278e-06
15.856288678496,1.428e-06
15.871937223847,1.311e-06
15.887545877036,-3.28e-07
15.903173345199,1.179e-06
15.918796932899,1.179e-06
15.934432508318,2.983e-06
15.950043832669,3.249e-06
15.965675284282,3.249e-06
15.981304615807,1.831e-06
15.996934671545,-7.6e-08
16.012555312655,-4.28e-07
16.028177233604,-4.28e-07
16.043800288242,-4.9e-07
16.059435380627,-6.04e-07
16.07504734777,-5.71e-07
16.090675366802,5.3e-08
16.106296275033,-5.17e-07
16.121937361938,-3.56e-07
16.137548654887,-2.9e-07
16.153171787616,-2.9e-07
16.168794435032,-3.26e-07
16.18443081312,-2.87e-07
16.200048423195,-3.33e-07
16.215671561893,-3.8e-07
16.231296370638,-3.02e-07
16.246939687138,-3.48e-07
16.26255631167,-3.48e-07
16.27817322755,-1.9e-07
16.293795209553,-2.1e-08
16.309430279071,9.2e-08
16.325047103299,1.14e-07
16.34067916368,1.71e-07
16.356306451874,1.47e-07
16.371944436444,2.8e-08
16.38755948981,9.06e-07
16.403177514969,8.33e-07
16.41879485995,5.64e-07
16.434431553623,5.58e-07
16.450044197828,1.51e-06
16.465675419149,5.37e-07
16.48130443815,1.152e-06
16.496938900453,1.274e-06
16.512555306905,1.592e-06
16.528180515331,7.4e-07
16.54380075094,7.64e-07
16.55943929422,1.57e-07
16.575055093943,-1.06e-07
16.590681646955,-1.06e-07
16.606316502172,1e-08
16.621929151342,1.39e-07
16.637545178685,1.9e-07
16.653181779291,2.2e-07
16.668796008619,2.11e-07
16.684426265009,1.76e-07
16.70005439294,1.3e-07
16.715674739065,8.4e-08
16.731307376084,-5.49e-07
16.746927548291,-5.64e-07
16.762552295258,-1.149e-06
16.778180871411,-5.4e-07
16.793798667803,-5.76e-07
16.809424254756,4.13e-07
16.825059953092,-1.71e-07
16.840666551558,3.28e-07
16.856299623364,-1.51e-07
16.871924573472,-1.5e-07
16.887558316632,-9.92e-07
16.903171224177,-1.56e-07
16.918805459388,-1.22e-07
16.934428544439,-7.9e-08
16.950040151107,-6.7e-08
16.965670928374,-6.7e-08
16.981298228486,-1.9e-08
16.996932392004,-1.1e-08
17.012555977557,-2.2e-08
17.028178324765,-2.19e-07
17.043788405141,1.85e-07
17.059440175744,-3.6e-08
17.075046196953,-6.1e-08
17.090679744269,1.28e-07
17.106307833175,3.67e-07
17.121945184128,7.22e-07
17.137553681725,7.22e-07
17.153179717512,1.771e-06
17.168808092755,1.962e-06
17.184428046521,9.74e-07
17.200046031003,1.228e-06
17.215677443209,2.369e-06
17.231303412563,1.086e-06
17.246926548068,1.895e-06
17.262552409337,1.895e-06
17.27817616509,6.32e-07
17.293800687015,-7.27e-07
17.309430312562,-7.83e-07
17.325059092529,-7.83e-07
17.34067446133,-1.76e-07
17.356298555386,-1.04e-07
17.371926074113,-4.4e-08
17.387552533093,-4.4e-08
17.403167773635,-7.6e-08
17.418796689173,7.8e-08
17.434430462309,-1.83e-07
17.450062251893,-2.59e-07
17.465680236864,2e-09
17.481300436684,-4.24e-07
17.49693881367,-1.48e-06
17.51254401722,-1.83e-07
17.528177466048,1.87e-07
17.543807014204,-2.14e-07
17.559434032635,1.659e-06
17.575040124323,1.695e-06
17.590668591967,2.03e-07
17.606308606168,-1.53e-07
17.621932297371,-6.17e-07
17.637541271094,-7.37e-07
17.653170365964,-7.77e-07
17.668802050466,-7.87e-07
17.684435453309,-7.87e-07
17.700058676895,-3.72e-07
17.715684111728,-2.81e-07
17.731303611013,-2.23e-07
17.746927689671,-1.21e-07
17.762559341458,-1.21e-07
17.778178862492,4.6e-07
17.793802264191,4.74e-07
17.809422515681,4.47e-07
17.825044822454,-1.93e-07
17.840671867964,4.09e-07
17.856292631466,-2.07e-07
17.871935946894,-2.99e-07
17.887546514857,-2.99e-07
17.903171146596,1.32e-07
17.918796658732,-9.28e-07
17.93444050872,-8.35e-07
17.950057984504,-4.24e-07
17.965668915541,1.12e-06
17.981292393132,1.369e-06
17.996925430701,1.369e-06
18.012554130522,2.105e-06
18.028186348951,1.319e-06
18.043798274913,1.48e-07
18.059431246486,-4.19e-07
18.075048647806,7.15e-07
18.090679254767,1.2e-08
18.106295937309,1.4e-08
18.121935339502,4e-08
18.137551195852,7e-08
18.153174834076,4e-08
18.168803840058,7e-08
18.184431671565,1.34e-07
18.200043375064,-1.163e-06
18.215681566262,-1.115e-06
18.231302498531,2.45e-07
18.246928750821,5.28e-07
18.262557409309,5.19e-07
18.278182743889,9.96e-07
18.293793345254,9.89e-07
18.30944353066,4.78e-07
18.325050644862,-3.58e-07
18.340678784971,-4.35e-07
18.356300682716,-4.88e-07
18.371934352468,-1.89e-07
18.387562192567,-6.49e-07
18.403172105113,-1.458e-06
18.418810598034,-1.458e-06
18.434419947314,-1.433e-06
18.450046881295,-1.265e-06
18.465671422022,-8e-09
18.481288574705,-8e-09
18.496927948689,6e-09
18.512547327142,-3.8e-08
18.528170203709,-7.2e-08
18.54380524873,-5.1e-08
18.559424508361,-1.2e-08
18.575047414685,-1.2e-08
18.590676552408,-2.3e-08
18.606301985518,1.2e-08
18.621934052723,0
18.637550829882,-4.7e-08
18.653180186699,-9.8e-08
18.668811527689,-9.8e-08
18.684440932054,-1.79e-07
18.700050256082,-7.14e-07
18.715668746185,-1.951e-06
18.731302952683,-1.951e-06
18.746936921226,-6.94e-07
18.762553617236,-5.76e-07
18.778176004592,-1.305e-06
18.793798786957,9e-09
18.809433988488,1.11e-07
18.82504568142,2.21e-07
18.840672736506,-4.62e-07
18.856300979577,-4.62e-07
18.871934533954,-3.37e-07
18.887553390912,-1.87e-06
18.903181991146,-2.332e-06
18.918800104918,-1.457e-06
18.934430763968,-9.69e-07
18.950043785094,-9.69e-07
18.965678706488,-9.69e-07
18.981292483253,-6.15e-07
18.996936466425,-4.6e-08
19.012549217029,1.104e-06
19.02816995895,2.29e-07
19.043791181196,2.33e-07
19.059433087874,1.122e-06
19.075049728055,1.122e-06
19.090666329028,9.62e-07
19.106294006569,1.327e-06
19.121928215891,1.307e-06
19.137555808098,3.22e-07
19.153175548488,-1.94e-07
19.168797707948,-1.214e-06
19.184419583175,-1.214e-06
19.200050531383,-9.96e-07
19.215676129333,-1.31e-07
19.231304139288,-8.06e-07
19.246929935961,8.34e-07
19.262560806694,-1.2e-08
19.27817138652,-1.053e-06
19.293800421664,-1.098e-06
19.309434451335,-7.02e-07
19.325051257103,-7.02e-07
19.340677428191,-4.02e-07
19.356303288267,-4.96e-07
19.37193731415,2.2e-08
19.387551227329,6.91e-07
19.403178739114,3.14e-07
19.418800251379,4.13e-07
19.434427600089,4.13e-07
19.450050267167,4.58e-07
19.465676270739,3.72e-07
19.481299292023,4.34e-07
19.496944103427,-9.6e-08
19.512555229087,-9.6e-08
19.528163515009,-3.47e-07
19.543803517351,-1.501e-06
19.559425578344,-1.501e-06
19.575053179506,-1.375e-06
19.590685626283,-1.595e-06
19.606300877445,-1.571e-06
19.62192842767,-1.16e-07
19.637546257445,-2.7e-08
19.653173047802,3.86e-07
19.668802522884,2.495e-06
19.684425658315,3.86e-07
19.700054329014,1.144e-06
19.715680577311,1.048e-06
19.731299920353,9.14e-07
19.74693155057,9.14e-07
19.76254548498,8.08e-07
19.778172091853,-1.41e-07
19.793802303504,-1.81e-07
19.809420513912,-1.4e-07
19.825050163531,-1.81e-07
19.840679592763,-1.51e-07
19.856305118684,5.92e-07
19.871937602554,1.476e-06
19.887559260388,1.383e-06
19.903184231018,1.383e-06
19.918792144998,1.176e-06
19.93443318795,1.311e-06
19.950050709967,2.136e-06
19.965673492125,2.068e-06
19.9812993223,2.068e-06
19.996922861529,1.07e-06
20.012556106786,-8.85e-07
20.028183634925,-8.85e-07
20.043799472509,-1.182e-06
20.059427284531,-8.31e-07
20.075050582303,-4.43e-07
20.090673504265,-3.28e-07
20.106305911009,-1.9e-07
20.1219450892,1.84e-07
20.137549038243,2.14e-07
20.153161081544,1.214e-06
20.168796419174,2.18e-07
20.184435164068,2.13e-07
20.200060356812,-1.01e-07
20.215680334248,3.59e-07
20.231299466276,-1.14e-07
20.246932441798,-1.3e-07
20.262550707027,-1.33e-07
20.278176180224,-1.33e-07
20.293803926718,-1.33e-07
20.309432928179,-1.17e-07
20.325049032831,-5.5e-08
20.340685516812,4.7e-08
20.356313270165,4.7e-08
20.371932282203,4.7e-08
20.387545326639,1.37e-07
20.403186251612,1.92e-07
20.41880694078,-2.44e-07
20.434436357446,1.58e-07
20.450053313652,7.79e-07
20.465678242046,1.175e-06
20.48129176303,4.86e-07
20.496930702142,1.021e-06
20.512547527416,9.89e-07
20.52817791407,9.89e-07
20.543805424907,4.98e-07
20.559432526649,4.09e-07
20.575046472096,-2.16e-07
20.590670765811,1.55e-07
20.606299893762,1.55e-07
20.621930919888,-1.8e-08
20.637548612849,2.47e-07
20.653181002913,3.67e-07
20.668809568168,1.049e-06
20.68443510623,8.61e-07
20.700053124601,8.61e-07
20.715671965676,8.08e-07
20.731304370255,-5.64e-07
20.746931151082,-1.438e-06
20.762554458912,-1.438e-06
20.778184905722,-1.412e-06
20.793803456821,-3.45e-07
20.809436952817,-3.45e-07
20.825047220806,-1.273e-06
20.840674482241,-1.273e-06
20.856298389831,-1.156e-06
20.871939529683,-7.81e-07
20.887549844243,3.16e-07
20.903173964485,3.82e-07
20.91880001264,1.837e-06
20.934442154284,1.837e-06
20.95006142334,9.3e-08
20.96567282834,-1.372e-06
20.981292802088,-1.472e-06
20.996929596323,-1.511e-06
21.012546457412,1.36e-07
21.028174569291,1.91e-07
21.043797320977,2.83e-07
21.059448925367,2.57e-07
21.075051694995,1.55e-07
21.090674123384,7.68e-07
21.106299208115,5.14e-07
21.121928981052,-5.17e-07
21.137546300517,-5.12e-07
21.153176815353,-1.51e-07
21.168805746679,-1.51e-07
21.184428103909,-1.04e-07
21.200051876972,3.67e-07
21.215673531267,1.2e-06
21.231294707011,1.2e-06
21.246935172479,1.228e-06
21.262559141768,4.13e-07
21.278171592578,-1.1e-08
21.293806196602,-1.75e-07
21.309440758923,-1.1e-08
21.325059045629,8.2e-07
21.34068335523,7.86e-07
21.356312933799,1.138e-06
21.371917537531,1.233e-06
21.38755322378,9.74e-07
21.40317977469,6.58e-07
21.418802864209,6.58e-07
21.434429656727,2.62e-07
21.450055503619,1.48e-07
21.465685996272,1.48e-07
21.481297776992,2.01e-07
21.496935721023,1.5e-07
21.512557324817,1.86e-07
21.528170730634,2.19e-07
21.5437982902,-1.41e-07
21.559421540183,-1.41e-07
21.575058574511,-1.41e-07
21.590666448136,-9.7e-08
21.606302427158,5.44e-07
21.62192492745,5.23e-07
21.637560163723,-1.24e-07
21.653180700114,1.475e-06
21.668790048975,3.54e-07
21.684430248063,-4.34e-07
21.700052906749,-1.065e-06
21.71567570379,-9.7e-08
21.731299682057,-9.7e-08
21.74694084414,2e-08
21.762553757054,7.02e-07
21.778177381713,1.789e-06
21.793798899371,3.266e-06
21.809433603011,4.132e-06
21.825055346071,4.132e-06
21.840676279588,2.97e-06
21.856298915656,1.055e-06
21.871937361732,-4.73e-07
21.887552579782,-1.575e-06
21.903180573316,-2.798e-06
21.91880481354,-2.784e-06
21.934441927837,-1.442e-06
21.95004988182,-1.22e-06
21.965678850434,4.76e-07
21.981298395606,4.76e-07
21.996933761719,1.324e-06
22.012555346903,1.324e-06
22.028185950162,7.3e-08
22.043808330758,8.26e-07
22.05943530515,2.076e-06
22.075052770928,7.76e-07
22.090673997114,-3.89e-07
22.106296720863,9.5e-08
22.121925151182,-4.58e-07
22.137558681637,-4.61e-07
22.153179836203,6.8e-08
22.168801789525,-4.04e-07
22.18442982745,-3.73e-07
22.20005380597,-3.73e-07
22.215675904223,8.63e-07
22.231312590106,-3.9e-07
22.246923975335,1.316e-06
22.262548449998,-1.56e-07
22.278170154265,1.642e-06
22.293802722984,3.83e-07
22.309430221488,8.56e-07
22.325051997265,4e-07
22.340678372465,4e-07
22.356300705147,6.4e-08
22.371925131532,6.4e-08
22.387548695208,6.4e-08
22.403178118916,-9.56e-07
22.418794052837,-1.815e-06
22.434424867025,-1.842e-06
22.450056333789,-8.09e-07
22.465668562534,-5.26e-07
22.481304570979,-5.26e-07
22.496914578361,3.18e-07
22.51254249815,3.18e-07
22.528183283217,-4.72e-07
22.543794781166,-4.89e-07
22.559431469942,-3e-08
22.575055409072,-6.4e-08
22.59067364706,2.85e-07
22.606310556342,2.85e-07
22.621931540735,-9.04e-07
22.637557627151,-7.91e-07
22.653170997067,-2.37e-07
22.668802298869,-7.26e-07
22.68442052326,7.62e-07
22.700049527711,7.96e-07
22.715680455674,2.7e-07
22.731299537767,2.7e-07
22.746922247825,2.77e-07
22.762556375547,-1e-08
22.778169520815,1.3e-08
22.793800855141,8.76e-07
22.809425724058,7.9e-08
22.825045424041,-5.27e-07
22.840677014691,9.34e-07
22.856305053221,1.067e-06
22.871928281818,1.97e-07
22.887546916868,1.524e-06
22.903175729408,1.524e-06
22.918795855902,1.065e-06
22.934429768534,8.53e-07
22.950038793125,7.83e-07
22.965675431587,-2.33e-07
22.981304161083,-2.67e-07
22.996931627099,-2.67e-07
23.012555872138,-2.7e-07
23.028185193171,-2.42e-07
23.043808200986,-2.09e-07
23.059416523506,-2.09e-07
23.075052096057,-2.98e-07
23.090672625608,-2.59e-07
23.106300393648,-2.07e-07
23.12193804355,-5.9e-07
23.137542470305,-4.31e-07
23.153175981674,4e-09
23.168798661845,1.9e-08
23.184435322494,-1.5e-08
23.200054437021,-1.5e-08
23.215680274811,-5.4e-08
23.231291152197,-9.6e-08
23.246940308411,-9.6e-08
23.262548286025,-1.24e-07
23.278169936226,-1.18e-07
23.293801978144,-2.32e-07
23.309431332936,2.59e-07
23.325042654484,-2.08e-07
23.340675169436,-6e-08
23.35630285683,4.21e-07
23.371935021383,4.21e-07
23.387548968178,3.5e-08
23.403171068757,6.1e-08
23.418798960047,1.66e-07
23.434431023067,-3.93e-07
23.45005113986,1.66e-07
23.465681949638,2.27e-07
23.48130146866,-7.69e-07
23.496941642103,-7.05e-07
23.51254462332,4.1e-07
23.528177691269,3.73e-07
23.543798816637,3.9e-07
23.559422821214,3.9e-07
23.575052088069,3.18e-07
23.590678074464,5.56e-07
23.606298142904,6.88e-07
23.621922588213,6.95e-07
23.637553349787,1.053e-06
23.653179221755,1.053e-06
23.668806800838,6.03e-07
23.684422261014,3.42e-07
23.700058974466,-2.9e-08
23.715686666109,-2.9e-08
23.731291062269,1.64e-07
23.746943424097,1.84e-07
23.762551258835,4.38e-07
23.778171677497,5.19e-07
23.793797194302,4.82e-07
23.809428681309,4.21e-07
23.82505257584,4.21e-07
23.840684509185,4.21e-07
23.856304729183,2.78e-07
23.8719338316,-7.3e-08
23.887561161424,6.88e-07
23.903173905548,6.88e-07
23.918808791814,-2.32e-07
23.934439510153,2.334e-06
23.95005129933,2.413e-06
23.965688047743,-1.56e-07
23.981294615596,1.701e-06
23.996927641962,2.164e-06
24.012547134809,3.06e-07
24.028172289702,6.11e-07
24.043808543474,6.84e-07
24.059433427181,1.62e-07
24.07504326338,-6.66e-07
24.090675855399,-3.12e-07
24.106299361055,-1.29e-07
24.121933490282,-4.61e-07
24.137548886371,1.241e-06
24.153183871277,1.241e-06
24.168796868129,1.01e-07
24.184431050095,-3.39e-07
24.200062354572,1.519e-06
24.215676521932,-7.8e-08
24.231306309435,1.211e-06
24.246930322831,1.2e-06
24.262546161227,1.147e-06
24.278177267596,-1.36e-07
24.293797536706,-1.23e-07
24.309424588616,-1.36e-07
24.325043927547,-1.36e-07
24.340682638457,-1.19e-07
24.35630789648,-1.19e-07
24.371927826844,-1.2e-07
24.387544859355,-1.05e-07
24.403174469031,-1.08e-07
24.418808007822,-1.17e-07
24.43443594864,-1.23e-07
24.450045974661,-9.5e-08
24.465680313448,-9.4e-08
24.481301153464,-2.67e-07
24.496926267866,-2.35e-07
24.512555633458,-2.7e-08
24.528179775751,3.86e-07
24.54379937477,2.5e-07
24.559425740172,2.5e-07
24.575045691576,-1.23e-07
24.590671504935,-3.21e-07
24.606301972147,-4.33e-07
24.621922162247,-2.79e-07
24.637551724785,-1.14e-07
24.65317421132,-1.09e-07
24.668804953357,2.4e-08
24.684428079967,1.28e-07
24.700049365999,1.28e-07
24.715686606542,1.636e-06
24.731297442485,1.636e-06
24.746924061395,1.263e-06
24.76255134963,1.242e-06
24.778175516318,-2.141e-06
24.793799578453,-2.188e-06
24.809435136313,-1.881e-06
24.825055507683,-1.881e-06
24.840678235168,-1.926e-06
24.856297557723,-1.981e-06
24.871928961255,-1.981e-06
24.88755698219,-1.902e-06
24.903170100956,-1.818e-06
24.918794297486,-1.711e-06
24.934428719116,1.72e-06
24.950048980838,6.8e-07
24.965672294086,-8.8e-07
24.981308785678,2.73e-07
24.996924028566,5.69e-07
25.012550969958,-7.73e-07
25.028175633896,2.97e-07
25.043796015863,1.71e-07
25.059438476312,-9.84e-07
25.075052933701,-1.267e-06
25.090677521878,-1.659e-06
25.106297483234,-1.832e-06
25.121930075068,-1.832e-06
25.13755469326,-5.65e-07
25.153174863386,-4.04e-07
25.168798985478,-4.04e-07
25.184425304374,-4.88e-07
25.200047866926,-1.062e-06
25.215672157082,-9.9e-07
25.231307355667,-8.78e-07
25.246935030688,-4.11e-07
25.262553867898,-6.04e-07
25.278172193666,3.92e-07
25.293797652701,3.92e-07
25.309428621659,-6.34e-07
25.32504167764,-6.61e-07
25.34067253787,3.79e-07
25.35630289704,1.63e-07
25.371924544085,-4e-08
25.387548246011,-4e-08
25.403180800038,1.6e-08
25.418799262645,-6e-07
25.434429854051,-4.12e-07
25.4500538674,-2.05e-07
25.465678514737,1.758e-06
25.481303022715,1.604e-06
25.496928381902,2.297e-06
25.512552603571,2.217e-06
25.528174995634,9.07e-07
25.543803494439,1.53e-07
25.559425851946,4e-08
25.575043746343,-2.7e-07
25.59067080385,-7.16e-07
25.606303394867,-1.295e-06
25.621921642632,-1.295e-06
25.637552829672,-1.9e-07
25.653175260058,4.25e-07
25.668810591281,8.8e-07
25.684430578095,9.06e-07
25.700045599789,-1.51e-07
25.715678119682,-3.72e-07
25.731306501149,-1.364e-06
25.746930285483,-1.363e-06
25.762549784215,-1.324e-06
25.778169878966,-1.042e-06
25.793803419239,6.9e-08
25.809433178015,6.9e-08
25.825042491312,1.95e-07
25.840666616821,2.93e-07
25.856309497595,3.45e-07
25.871931542743,3.1e-07
25.887548602026,3.1e-07
25.903172327969,2.36e-07
25.918800061735,2.36e-07
25.934422793253,7.7e-08
25.950043829826,1.205e-06
25.96567685305,1.047e-06
25.981291902147,2.224e-06
25.996919327649,8.6e-07
26.012554030047,8.6e-07
26.028173043184,-3.98e-07
26.043806676217,-4.18e-07
26.059425687384,-4.18e-07
26.075039880795,-3.51e-07
26.09068027346,2.51e-07
26.106292831364,3.22e-07
26.121924666589,3.22e-07
26.137555180269,-9.46e-07
26.153176805097,-7.43e-07
26.168811230617,-8.4e-07
26.184426677153,-1.66e-06
26.200054125266,-1.969e-06
26.215669882369,-1.513e-06
26.231304397213,-2.912e-06
26.246931895017,-2.912e-06
26.26254605916,-1.406e-06
26.2781768728,-1.5e-08
26.293804862937,5.29e-07
26.309427796725,5.29e-07
26.325049027214,9.8e-08
26.340683828151,-5.53e-07
26.356300618895,-6.29e-07
26.371926526005,-6.29e-07
26.387559281966,-2.11e-07
26.403170876802,3.81e-07
26.41880192896,1.117e-06
26.434433334304,1.185e-06
26.450055640546,4.49e-07
26.465677844258,1.6e-08
26.481303414123,-1.94e-07
26.496926583266,-4.6e-07
26.512548153656,-7.41e-07
26.528174961633,-6.71e-07
26.543794943887,-7.11e-07
26.559426779293,-7.11e-07
26.57504977303,-5.7e-07
26.590676313563,-1.59e-07
26.606303565629,1.94e-07
26.621918967484,1.94e-07
26.637545953315,1.79e-07
26.65318022235,9.82e-07
26.668801409192,9.63e-07
26.684432314968,1.06e-07
26.700050900676,3.91e-07
26.71567129327,1.37e-06
26.731315043171,3.47e-07
26.746923081487,2.98e-07
26.762548105359,6.84e-07
26.778183017867,2.94e-07
26.793793089573,-1.02e-07
26.809429135695,-6.7e-08
26.82504913628,-9.4e-08
26.840671232415,-9.4e-08
26.856303512476,-6.66e-07
26.871923879006,5.28e-07
26.887538951936,5.91e-07
26.903175336616,1.232e-06
26.918806411325,4.6e-08
26.934420871882,4.16e-07
26.950050036945,4.6e-08
26.965672634844,-1.03e-07
26.981295699132,-2.88e-07
26.996925871943,-8.65e-07
27.012549621453,-8.65e-07
27.028171775887,-7.72e-07
27.043806024492,-1.65e-07
27.059435580317,5.1e-08
27.075051172572,1.12e-07
27.090674731063,1.77e-07
27.106297667429,1.279e-06
27.121936472347,2.602e-06
27.137548442261,2.664e-06
27.15317630612,3.353e-06
27.168800502513,3.353e-06
27.184426823098,1.936e-06
27.200050397258,-2.6e-08
27.215682144901,-2.34e-07
27.231295948526,-6.85e-07
27.246934533287,-5.75e-07
27.262545208364,7.53e-07
27.278169604353,7.53e-07
27.293805680646,1.13e-07
27.309434692234,2.349e-06
27.32504962991,2.202e-06
27.340675874068,-2.68e-07
27.356300163274,-2.83e-07
27.371935820126,-5.17e-07
27.387548090016,-5.17e-07
27.40317950364,-2.58e-07
27.418802857024,-1.51e-07
27.434435372155,-7.44e-07
27.450045535313,-8.2e-08
27.46568103499,-8.2e-08
27.481304196304,-2.5e-08
27.496923209252,1.9e-08
27.512549608775,1.9e-08
27.528174270979,8e-08
27.543796383813,6.7e-07
27.559428100197,1.191e-06
27.575061929503,6.55e-07
27.590672119078,7.2e-07
27.606300148465,7.46e-07
27.621932379292,3.47e-07
27.637553421999,3.47e-07
27.653175643692,4.51e-07
27.668802016918,4.43e-07
27.684425456465,9.23e-07
27.700046761572,1.615e-06
27.715671652986,5.14e-07
27.731293117193,1.78e-07
27.746927350721,1.292e-06
27.76255359985,1.035e-06
27.778177651331,3.54e-07
27.793813957249,3.54e-07
27.809433103898,-1.07e-07
27.825057992287,-1.601e-06
27.840681002791,-1.601e-06
27.856298596137,-1.509e-06
27.871925443852,-2.44e-07
27.887548718667,-1.108e-06
27.903177610209,-1.1e-08
27.918798283748,1.48e-07
27.934432825207,1.48e-07
27.950049766966,2.57e-07
27.965676982088,2.57e-07
27.981301051904,2.34e-07
27.996919679019,2.51e-07
28.012556662469,-8.59e-07
28.028169583307,-9.19e-07
28.043806638637,-9.46e-07
28.059431107216,-9.46e-07
28.075044383962,-9.46e-07
28.090677054384,-1.041e-06
28.106295949609,-1.017e-06
28.121923131322,-9.84e-07
28.13755165946,1.85e-07
28.153177124798,-4.5e-08
28.168805490285,-4.5e-08
28.184420760757,-5.9e-08
28.200044672626,-8.1e-08
28.215681388044,-1.04e-07
28.231302299237,9.4e-08
28.246928005297,9.4e-08
28.262552869428,9.4e-08
28.278166792556,-5.77e-07
28.293803836303,-6.42e-07
28.309426583742,-5.92e-07
28.325056300165,2.7e-08
28.340675497362,-2.85e-07
28.356296531412,2.7e-08
28.371925761488,8.05e-07
28.387548883108,7.52e-07
28.403178948558,7.84e-07
28.418807492063,7.84e-07
28.434428949007,4.5e-08
28.450049869619,4.5e-08
28.465681367949,2.8e-08
28.481296645525,9.28e-07
28.496927087749,9.28e-07
28.512557586132,2.43e-07
28.528180614557,2.43e-07
28.543800412116,-6.95e-07
28.559417158163,-1.595e-06
28.575053482703,-7.53e-07
28.59067958796,2.2e-07
28.606304113879,-7.15e-07
28.621928002694,2.2e-07
28.637553607934,2.16e-07
28.653185076083,5.7e-08
28.668796920192,-7e-09
28.684429892128,-7e-09
28.700062101389,-6.2e-08
28.715670350332,-1.08e-07
28.731296925494,-1.09e-07
28.746933694305,-1.09e-07
28.762555980821,-3.64e-07
28.778173841885,-3.52e-07
28.793805529154,-5.9e-08
28.809433308291,1.44e-07
28.825050481868,-6.2e-08
28.84068079279,-6.2e-08
28.856306174337,-8.3e-08
28.871917434201,-9.5e-08
28.887547614185,-9.5e-08
28.903170486453,-8.9e-08
28.918803559344,-1.35e-07
28.934427981542,-8e-09
28.950051874414,-9.5e-08
28.965675480685,-6.4e-07
28.981301721037,-5.94e-07
28.996929409319,-5.94e-07
29.012551677804,-6.01e-07
29.028177344821,-1.91e-06
29.043801783243,-1.381e-06
29.05941620716,-1.335e-06
29.075043059242,1.66e-07
29.090675562555,2.05e-07
29.106299559102,2.05e-07
29.121931894511,2.07e-07
29.137547873346,5.9e-08
29.153190002546,0
29.168797706688,1.7e-08
29.184434929282,3.9e-07
29.200046726458,-5e-09
29.21566364756,2.93e-07
29.231297453541,2.6e-07
29.24693852283,8.3e-08
29.262550406975,-8.6e-08
29.278177656107,-8.6e-08
29.293803865334,-7.6e-08
29.309434521062,-9.6e-08
29.325047313406,-1.63e-07
29.340672157177,-1.58e-07
29.356298501486,-9.1e-08
29.371938612393,-1.99e-07
29.387547701805,2.67e-07
29.403180618147,4.55e-07
29.418798486618,2.293e-06
29.434434583388,3.59e-07
29.450042925929,-5.51e-07
29.465666289611,-1.72e-06
29.481302092905,-1.653e-06
29.496927812991,-4.337e-06
29.512546187212,-1.653e-06
29.528168854017,-3.9e-07
29.543805620792,4.96e-07
29.559439453754,5.03e-07
29.575043055091,5.03e-07
29.590672774574,4.01e-07
29.606292070187,4.01e-07
29.621943776548,7.12e-07
29.637547212961,1.397e-06
29.653169941915,1.332e-06
29.668799618726,2.302e-06
29.684430905747,2.381e-06
29.700048263147,1.908e-06
29.715665128661,6.51e-07
29.731301241015,-5.27e-07
29.746925585005,-3.212e-06
29.762554655722,-3.212e-06
29.77817555819,-3.042e-06
29.793809309475,-3.253e-06
29.809435949097,-2.1e-06
29.825055395974,-3.98e-07
29.8406828073,-2.55e-07
29.856303285744,2.99e-07
29.871936316391,2.99e-07
29.887554720671,2.98e-07
29.903175887495,2.8e-07
29.918790236114,-3.88e-07
29.934434443624,-4.25e-07
29.950057064489,1.98e-07
29.965677058852,1.42e-07
29.981298723653,1.21e-07
29.996941152258,1.21e-07
30.012545624704,8.9e-08
30.02817691938,8.9e-08
30.04380602454,5.3e-08
30.05944639214,4.3e-08
30.075046554222,6.6e-08
30.090676310454,1.25e-07
30.106300353884,1.25e-07
30.121936287392,1.25e-07
30.137548849276,4.7e-07
30.153181835358,5.43e-07
30.168799357881,5.78e-07
30.184436617017,2.92e-07
30.200052541681,2.92e-07
30.215679142019,2.92e-07
30.231297167308,2.84e-07
30.246937634115,2.13e-07
30.262538369293,-1.64e-07
30.278180071884,1.84e-07
30.293803043087,1.36e-07
30.309431417867,-2.12e-07
30.325047413777,-1.99e-07
30.340668055214,1.79e-07
30.35629622828,2.3e-07
30.371930149473,3.02e-07
30.387553241777,3.14e-07
30.403177372689,3.14e-07
30.418796729613,1.42e-07
30.43443649294,-2.57e-07
30.450049198455,-2.57e-07
30.465671004955,-2.59e-07
30.481299893054,1.12e-07
30.496928453104,5.71e-07
30.512543081286,5.76e-07
30.528178901045,2.62e-07
30.543803020877,-1.33e-07
30.559440833625,-1.89e-07
30.575047966082,-1.89e-07
30.590672164619,-2.56e-07
30.606298211281,-3.1e-08
30.621939940788,1.53e-07
30.637554513283,5.2e-08
30.653187014878,7.44e-07
30.668787714294,7.06e-07
30.684440798583,7.45e-07
30.700053117467,7.45e-07
30.715681968842,7.45e-07
30.731290152408,-1.09e-07
30.746930998829,9.27e-07
30.762556912204,8.93e-07
30.778179753141,8.75e-07
30.793798877927,9.58e-07
30.809441351697,8.88e-07
30.825059807372,-2.4e-07
30.840672615303,-2.4e-07
30.856302377644,-3.56e-07
30.871934541639,-3.56e-07
30.887555459222,-3.68e-07
30.903178350092,-6.9e-08
30.918809743454,-4.4e-07
30.93444207451,-4.1e-07
30.950048058768,-9.11e-07
30.965671953982,1.252e-06
30.981299566576,-1.067e-06
30.996933989588,-1.486e-06
31.012554970133,-5.87e-07
31.028177420194,-2.093e-06
31.04380284987,-4.674e-06
31.059437333492,-2.657e-06
31.075057556992,-7.51e-07
31.090673733806,-2.77e-06
31.106297082909,-5.7e-08
31.121928998584,1.54e-06
31.137546652783,1.532e-06
31.153166226352,-2.97e-07
31.168806093641,6.72e-07
31.184420402096,3.32e-07
31.200056643107,1.83e-07
31.215681368404,-3.47e-07
31.231296181169,1.14e-07
31.246926411235,6.3e-08
31.262559628598,-3.98e-07
31.278176014913,-4.17e-07
31.293797704654,-1e-08
31.309424457346,-7.3e-08
31.325044921715,-1.29e-07
31.340670897122,-1.13e-07
31.356302600506,-1.39e-07
31.371931246598,-1.43e-07
31.387553652013,-1.019e-06
31.403174792507,-1.003e-06
31.418801715653,-1.413e-06
31.4344220513,-9.6e-08
31.450056745395,-4.51e-07
31.465677063189,-4.51e-07
31.481304076039,-8.98e-07
31.496944765615,-2.1e-07
31.512545754348,-5.35e-07
31.52817271365,-2.28e-07
31.5437916637,-1.82e-07
31.559443523688,-1.89e-07
31.575051501615,-1.99e-07
31.590674438751,-1.56e-07
31.606293827502,-1.13e-07
31.621917574707,6.81e-07
31.637542673011,1.822e-06
31.653166713844,1.833e-06
31.668805552929,7.97e-07
31.68443117803,7.97e-07
31.700055693041,1.133e-06
31.715674007387,-4e-09
31.731298981501,-3.58e-07
31.746935118427,-3.69e-07
31.76254658629,-2.8e-08
31.778179027377,-2.8e-08
31.793803869828,-5.3e-08
31.809418393604,-5.3e-08
31.82505815,-1.77e-07
31.840674394973,-1.84e-07
31.85630574315,-1.84e-07
31.871936637582,-1.27e-07
31.887548027371,-1.27e-07
31.903176166506,-3.3e-08
31.918796698963,1.5e-08
31.934435144476,4.73e-07
31.950056867735,0
31.965677404271,4.88e-07
31.981303263897,4.78e-07
31.996926678589,3.5e-08
32.01254917298,-4.53e-07
32.028164758785,3e-08
32.043806466388,-5.84e-07
32.059437569834,-5.73e-07
32.075055696583,-5.47e-07
32.090674578999,2.2e-07
32.106299824932,2.42e-07
32.121929784848,2.42e-07
32.137554718388,2.7e-07
32.153177925823,2.92e-07
32.16879761952,-1.652e-06
32.184423841484,-2.308e-06
32.200046383482,-5.07e-07
32.215677551038,-4.64e-07
32.231308953111,-1.51e-06
32.246938517814,-1.399e-06
32.262562762591,-1.739e-06
32.278180269956,-2.796e-06
32.293803214323,-2.796e-06
32.309427212541,-2.407e-06
32.325049116279,-1.411e-06
32.340673077483,-2.7e-07
32.3563028873,4.6e-07
32.371922566612,4.6e-07
32.387549747941,8.5e-07
32.403178551022,7.6e-07
32.418799465461,6.25e-07
32.434432886842,4.7e-08
32.450057196946,-1.25e-07
32.465682135881,-1.25e-07
32.481302935437,-2.44e-07
32.496936103721,-3.28e-07
32.512549295887,-3.28e-07
32.528178612355,-3.37e-07
32.543799936738,-3.37e-07
32.559427141682,-2.82e-07
32.575058731104,-2.83e-07
32.590676725312,-6.9e-08
32.606299035196,4.25e-07
32.621932215322,8.1e-07
32.637553966256,8.71e-07
32.653173768689,8.71e-07
32.668803500404,4.76e-07
32.684435800158,-1.5e-08
32.70005207865,-1.5e-08
32.71567888624,-4.83e-07
32.731305214367,-3.8e-08
32.746924995294,8.75e-07
32.762553810856,8.66e-07
32.778179574901,7.82e-07
32.793798651434,1.811e-06
32.809436232191,2.216e-06
32.825055170127,1.192e-06
32.840682156333,9.99e-07
32.856307328394,-2.02e-07
32.871923036257,-7.1e-07
32.887549634468,-7.1e-07
32.903170654219,-9.28e-07
32.918796594185,-5.84e-07
32.934435736629,-2.7e-07
32.950053966589,-1.492e-06
32.965668725618,-1.821e-06
32.981308763993,-5.29e-07
32.996937920907,-3.42e-07
33.012554716898,-2.19e-07
33.028172957333,1.292e-06
33.043803999032,3.046e-06
33.059440743959,2.995e-06
33.075049832824,1.283e-06
33.090674135336,9.24e-07
33.106302824887,-2.52e-07
33.121937178221,-4.34e-07
33.137562272427,-1.977e-06
33.153172720328,-1.977e-06
33.168809693759,-2.89e-07
33.184433045138,-8.6e-08
33.200056192029,8e-08
33.215677756827,8e-08
33.231295782289,-9.6e-08
33.246934694101,-7.38e-07
33.262541613018,-7.38e-07
33.278166256638,3.8e-08
33.293796220825,8.51e-07
33.309434266007,9.31e-07
33.32505146297,1.04e-06
33.34066917022,7.05e-07
33.356294339562,7.05e-07
33.371931948238,6.99e-07
33.387546265286,1.214e-06
33.403176115111,9.63e-07
33.418802760648,1.136e-06
33.434420732616,4.88e-07
33.450054385424,5.04e-07
33.465676824921,-8.87e-07
33.481313747835,-2.77e-07
33.496937754169,-2.77e-07
33.512552495865,-7.06e-07
33.528178232631,-6.33e-07
33.543804919345,-3.2e-08
33.559436190552,1.72e-07
33.575050349207,4.05e-07
33.59066599019,4.57e-07
33.606307539602,4.57e-07
33.621933744565,4.57e-07
33.637552103401,3.82e-07
33.653174394998,9.05e-07
33.6687989547,8.26e-07
33.684437340628,1.572e-06
33.700049808269,8.81e-07
33.715672250191,7.95e-07
33.731304592406,-1.4e-08
33.746929225199,-1.17e-07
33.762545302942,-4.86e-07
33.778182819564,-1.095e-06
33.793800501275,-2.065e-06
33.809444242718,-1.508e-06
33.82504674982,-2.333e-06
33.840673011416,-2.019e-06
33.856302775023,-8.74e-07
33.871944115936,1.44e-07
33.887549165497,1.17e-07
33.903180414058,3.24e-07
33.918786975847,3.36e-07
33.934426867489,3.73e-07
33.950046288637,2.89e-07
33.965675538536,2.89e-07
33.981305066314,2.3e-07
33.996933729185,8.16e-07
34.012544946943,8.5e-08
34.028180061828,3e-08
34.043802181193,-1.8e-08
34.059441882198,7.12e-07
34.075050436536,-1.8e-08
34.090676387412,1.311e-06
34.106305506124,2.97e-07
34.121934440273,2.65e-07
34.137540626143,-1.029e-06
34.153169370867,-6.5e-08
34.1688098428,-7.8e-08
34.184428547227,-2.8e-08
34.200050226789,1.5e-08
34.215688466921,1.88e-07
34.231309781179,1.88e-07
34.246938136887,2.9e-07
34.262554591661,-1.081e-06
34.278172725935,-9.02e-07
34.293810033623,-1.06e-06
34.309429871978,5.06e-07
34.325047104791,3.96e-07
34.340683451951,4e-07
34.356300955713,1.2e-08
34.371923661034,1.46e-07
34.387551835074,-1.13e-07
34.403177033543,-9.78e-07
34.418803736044,-1.078e-06
34.434432848754,-3.39e-07
34.450050258067,-3.39e-07
34.465670259973,-3.12e-07
34.481299939253,-1.4e-08
34.496936621335,1.9e-08
34.512545444094,1.9e-08
34.528173153199,1.5e-08
34.543802868509,-2.29e-07
34.559434467892,-7.61e-07
34.575062176411,-7.61e-07
34.590665799218,-6.97e-07
34.606297312476,-6.95e-07
34.621934456964,-5.5e-08
34.637554481286,1.32e-07
34.653182500413,3e-07
34.668801492784,2.77e-07
34.684430794658,1.084e-06
34.700050379365,4.14e-07
34.715674897227,3.14e-07
34.731297477139,2.62e-07
34.746939548838,3.54e-07
34.762554113884,3.53e-07
34.778174118988,3.53e-07
34.793798201294,1.205e-06
34.809436991459,1.311e-06
34.825045558487,1.545e-06
34.840679548565,1.545e-06
34.856295147366,1.545e-06
34.871934043189,6.13e-07
34.88754724109,8.15e-07
34.903186646256,4.45e-07
34.918792651406,4.07e-07
34.934427145456,-7.87e-07
34.950045258205,-9.95e-07
34.965674133836,-9.95e-07
34.981300066157,-2.9e-07
34.996922262724,-2.98e-07
35.012560339867,6.61e-07
35.02818100231,6.78e-07
35.043798607659,-4.9e-08
35.059437536336,-6.7e-08
35.075048377645,-5.3e-08
35.090677780223,-2.3e-08
35.106290684834,1.07e-07
35.121927992554,8.52e-07
35.137546485405,8.52e-07
35.153170852646,1.646e-06
35.168801643599,1.289e-06
35.184442616281,1.875e-06
35.200056516313,1.061e-06
35.215680067525,9.43e-07
35.231308647196,2.9e-08
35.246937388893,-4.61e-07
35.262555334566,-4.61e-07
35.278171012805,-6.1e-08
35.293798041503,8.11e-07
35.309426191537,1.282e-06
35.325058951647,1.282e-06
35.340681950745,1.14e-07
35.356293582073,5.26e-07
35.371939849023,-2.36e-07
35.387547077496,1e-08
35.403171535184,3.48e-07
35.418803878555,3.48e-07
35.434444266467,1.86e-07
35.450045153599,3.2e-07
35.465675671398,-1.72e-07
35.481307901296,-1.256e-06
35.496930004636,3.63e-07
35.512550189925,-1.046e-06
35.528173998834,-1.036e-06
35.543791850756,-9.67e-07
35.559431977431,-2.3e-08
35.575053955825,-2.3e-08
35.590677999309,-2.3e-08
35.606303860116,-3.6e-08
35.621943903099,-8.1e-08
35.63755059347,2.43e-07
35.653159514162,8e-09
35.668812594533,3.36e-07
35.684426695982,3.47e-07
35.700047612968,3.96e-07
35.715674122964,1.04e-07
35.731301721872,2.3e-08
35.746940712442,-1.7e-08
35.762550708111,3.1e-08
35.778187265581,-1.9e-08
35.793800587676,1.32e-06
35.80943729589,3.258e-06
35.825059969307,3.813e-06
35.840667285227,2.118e-06
35.856294698274,2.639e-06
35.871919004028,1.517e-06
35.887549878346,1.031e-06
35.903174342664,1.216e-06
35.918798775319,8.74e-07
35.934441316381,6e-09
35.950062905574,2.2e-08
35.965678316021,-3.25e-07
35.981307210607,-3.42e-07
35.996935103507,-3.58e-07
36.012547238952,-3.13e-07
36.028178673055,-2.51e-07
36.043796106337,6.3e-07
36.059448781416,6.31e-07
36.075049537435,7.56e-07
36.090675912125,7.08e-07
36.106303912934,-8.1e-08
36.121932478328,-1e-07
36.137555032615,-8.1e-07
36.153174616053,-1.763e-06
36.168793682989,-8.1e-07
36.184428553659,-7.81e-07
36.200053666306,-7.33e-07
36.215679050015,1.82e-07
36.231303418831,1.82e-07
36.246929701609,3.68e-07
36.262539963042,2.71e-07
36.278174231895,6.5e-08
36.293798477961,-1.061e-06
36.309423330549,-7.44e-07
36.325046899726,-7.44e-07
36.340679577086,-3.49e-07
36.356309827875,8.34e-07
36.371926943251,8.34e-07
36.387548401295,1.711e-06
36.403169173604,7.88e-07
36.418797765014,5.74e-07
36.434422200033,4.34e-07
36.450054926945,2.77e-07
36.465668539006,7.8e-08
36.481300659799,-5.36e-07
36.496934456365,-2.169e-06
36.512558338102,-2.022e-06
36.528172806872,-1.749e-06
36.543807688879,-2.253e-06
36.559429010704,-4.63e-07
36.575050051921,4.7e-08
36.590678183807,-4.93e-07
36.606303237774,-9.4e-08
36.621920085678,2.75e-07
36.637550359639,-1.17e-07
36.653180742154,-4.89e-07
36.668799099398,-5.85e-07
36.684426508122,-5.74e-07
36.700046987971,-1.365e-06
36.715674635171,-9.72e-07
36.731296309277,-4.71e-07
36.746924254345,-5.27e-07
36.76254988064,-1.906e-06
36.778176807292,-1.091e-06
36.793805325535,-1.776e-06
36.809429494395,-1.839e-06
36.825045714477,-5.8e-07
36.840680753918,4.9e-08
36.856299464817,7.1e-08
36.871921190478,5.86e-07
36.887551616047,6.04e-07
36.903184933501,6.04e-07
36.918799876571,7.83e-07
36.934435295642,2.96e-07
36.950047931574,6.7e-08
36.965687025722,1.6e-08
36.981309394319,-9.67e-07
36.996923359223,-9.67e-07
37.012541705433,-9.94e-07
37.02818120488,-1.01e-06
37.04380312694,2.6e-08
37.05943359903,2.6e-08
37.075060156453,1.9e-08
37.090675654001,-1.69e-06
37.106306617497,-2.416e-06
37.121933457727,-2.416e-06
37.137548488467,-4.8e-07
37.153172495003,-3.49e-07
37.168799059595,1.102e-06
37.184422926537,1.102e-06
37.200051001509,-1.093e-06
37.215682118578,-2.23e-07
37.231295707438,-3.04e-07
37.246922666255,-3.244e-06
37.262560405637,-1.711e-06
37.278177461461,1.228e-06
37.293799492062,2.11e-07
37.309425128313,1.07e-06
37.325049125855,1.07e-06
37.340670579629,6.52e-07
37.356299014422,-2.53e-07
37.371926581382,5.99e-07
37.387554673709,8.06e-07
37.40318028786,6.89e-07
37.418804481992,1.196e-06
37.434426201113,1.408e-06
37.450052553498,-1.86e-07
37.465674239508,-3.36e-07
37.481301331127,-1.387e-06
37.4969250756,-1.333e-06
37.512558053956,-2.055e-06
37.528163938056,-4.42e-07
37.543803303185,-3.9e-07
37.55943454759,6.52e-07
37.575059862586,1.078e-06
37.590674841775,1.078e-06
37.606314203121,2.359e-06
37.621923653559,4.023e-06
37.637550178653,3.601e-06
37.653174176847,1.129e-06
37.668805820773,9.4e-07
37.68443789246,-2.96e-07
37.700049456355,-2.96e-07
37.715680179835,2.1e-07
37.731298090645,2.23e-07
37.746933086001,1.86e-07
37.762546804522,-3.87e-07
37.778173314223,-3.98e-07
37.793798323357,-3.55e-07
37.809430593382,-2.92e-07
37.825043216116,6.01e-07
37.840676873804,6.68e-07
37.856310253357,6.68e-07
37.871938887682,-1.56e-07
37.887552748385,6.77e-07
37.903167869323,7.4e-07
37.918794428563,1.912e-06
37.934441829801,1.912e-06
37.950043926639,1.892e-06
37.965681070601,9.42e-07
37.981293673183,5.56e-07
37.99692621692,-2.59e-07
38.012548940742,-3.15e-07
38.028162096367,-2.04e-07
38.043802025658,-6.25e-07
38.059442717051,-6.25e-07
38.07505297655,-4.46e-07
38.09067164678,-3.11e-07
38.10630724237,-8.59e-07
38.121931972422,-2.4e-07
38.137549564865,-2.67e-07
38.153180990185,-2.92e-07
38.168810810784,2.01e-07
38.184419729348,2.01e-07
38.200053729335,7.17e-07
38.215670563402,6.79e-07
38.231287311536,6.49e-07
38.246924341737,1.6e-07
38.262550972903,1.3e-07
38.27817241815,1.3e-07
38.293794558297,9.4e-08
38.309427541681,8.6e-08
38.325059087995,-8.4e-08
38.340679993353,-3.4e-08
38.356303989778,-3.4e-08
38.371924842737,-6.4e-07
38.38754987211,-2.36e-07
38.403179511452,3.3e-07
38.418800486054,2.98e-07
38.434427915216,-9.3e-08
38.450057007044,-6.8e-08
38.465678622265,-1.04e-07
38.481301065526,-7.7e-08
38.496929207862,-7.7e-08
38.512545066641,-7.7e-08
38.528174709915,-6.5e-08
38.543795056078,-4.1e-08
38.559442205643,-1.8e-08
38.575037918327,2.55e-07
38.590684218188,2.55e-07
38.6063044756,-1.66e-07
38.621935466343,8.7e-08
38.637551679372,5e-08
38.653173251744,-2.29e-07
38.668800803559,2.6e-07
38.684434158702,2.6e-07
38.700034605364,1e-08
38.715669217116,1.25e-07
38.731312483185,4.73e-07
38.746936153059,2.63e-07
38.762547960362,6.98e-07
38.77816638366,7.75e-07
38.793796645808,7.75e-07
38.809425750543,2.94e-07
38.825056516321,-1.38e-07
38.840676598808,-1.38e-07
38.856307328776,-4.07e-07
38.871937824369,-1.31e-07
38.887559017726,5.47e-07
38.903170584874,5.47e-07
38.918804116884,-3e-07
38.934437943,-3.38e-07
38.95005072345,-4.65e-07
38.965678847543,-4.65e-07
38.981294948702,-1.014e-06
38.996938239115,-9.5e-07
39.012559060254,-1.052e-06
39.02818111272,-2.82e-07
39.043814251018,-8.79e-07
39.059439214568,-8.4e-08
39.075053426389,-7.47e-07
39.090673435563,-1.325e-06
39.106305161971,-1.374e-06
39.121919148204,-4.21e-07
39.137547806329,-1.824e-06
39.153169576848,-1.21e-06
39.168799137744,2.22e-07
39.184424060402,2.31e-07
39.200052373968,3.28e-07
39.215669314118,3.42e-07
39.231312740593,3.3e-07
39.246939449557,7.97e-07
39.262547676526,7.97e-07
39.278185399719,4.6e-07
39.293796443242,4.27e-07
39.309431744839,3.89e-07
39.325049011429,3.89e-07
39.340668349693,3.44e-07
39.356292200264,-5.6e-08
39.371926791871,8.31e-07
39.387550760331,3.54e-07
39.403175826015,-5.79e-07
39.418786379568,-2.4e-08
39.434424703279,9.08e-07
39.450056065553,-5.3e-08
39.465667457961,4e-07
39.481297501317,3.72e-07
39.496939222833,2.49e-07
39.512550081171,1.22e-07
39.528169339103,7.6e-08
39.543804737091,-3.21e-07
39.559421163731,-4.01e-07
39.575056063904,-4.42e-07
39.590670550197,-4.42e-07
39.606304927073,-3.09e-07
39.62193028455,8.25e-07
39.637549916349,1.282e-06
39.653166557323,1.484e-06
39.668808393671,5.95e-07
39.684420087324,5.95e-07
39.700052941412,3.68e-07
39.71568012162,-2.1e-08
39.731295271077,-4.72e-07
39.746933600572,-5.39e-07
39.762547043899,-5.39e-07
39.778181360548,3.43e-07
39.793801846129,8.95e-07
39.809420648731,1.603e-06
39.825053210352,2.254e-06
39.840668449771,1.834e-06
39.856296082875,1.183e-06
39.871921200729,8.92e-07
39.887540942071,6.3e-08
39.903170774006,-3.06e-07
39.918810316229,-3.37e-07
39.934420802791,-3.37e-07
39.950044976321,-1.62e-07
39.965681990844,-5e-07
39.981300514363,-3.23e-07
39.996937680269,2.08e-07
40.012556826772,9.06e-07
40.02817735445,-7.23e-07
40.043802903119,3.2e-07
40.059425908117,9.91e-07
40.075049789851,1.166e-06
40.090663286085,4.64e-07
40.106300254196,4.64e-07
40.121936987461,3.31e-07
40.137542326,6e-08
40.1531749383,-1.5e-08
40.16879209008,-8.3e-08
40.184417779919,-8.3e-08
40.200055504136,2.24e-07
40.215667858391,6.65e-07
40.231299679782,6.63e-07
40.246942743577,5.15e-07
40.262540097807,-2e-09
40.278173553985,-1.28e-06
40.293804888983,-1.28e-06
40.309433838052,-6.39e-07
40.325056512569,-6.29e-07
40.340675479449,-1.392e-06
40.356306405945,-5.65e-07
40.371935666151,-7.95e-07
40.387543458478,-6.32e-07
40.403175176542,-4.9e-07
40.418802893734,-7.4e-08
40.434433271012,-2e-09
40.450053500821,5e-08
40.465673062567,7.6e-08
40.48129737709,8.2e-08
40.496923816496,8.2e-08
40.512553608506,8.2e-08
40.52818237255,5.9e-08
40.543801928502,-2.27e-07
40.559434449992,-2.36e-07
40.575045921767,2.74e-07
40.590668412075,2e-08
40.606302496453,2.7e-07
40.62192846544,2.7e-07
40.637549897604,4.73e-07
40.653176928862,1.87e-07
40.668802552884,1.61e-07
40.684438457808,-8.6e-08
40.700057229776,-6.4e-08
40.715675481763,-7.7e-08
40.73130149734,-5.5e-08
40.746938826877,-3.9e-08
40.762548239339,-2.3e-08
40.778168773105,6.57e-07
40.793804821183,6.57e-07
40.809437506995,-1.084e-06
40.825058527286,-1.423e-06
40.840679523429,-1.423e-06
40.856309081984,-1.161e-06
40.871942184157,5.5e-07
40.887546959117,2.163e-06
40.903178460602,2.175e-06
40.918799406273,1.204e-06
40.934441752691,-1.06e-07
40.95005758962,-1.06e-07
40.965680103552,-5.85e-07
40.981304835262,-5.85e-07
40.996937498964,-5.85e-07
41.012548862507,1.4e-08
41.028176474895,5.24e-07
41.043803364132,5.24e-07
41.059433355836,5.79e-07
41.075048426584,-1.137e-06
41.090669110761,-1.164e-06
41.106306328353,-1.434e-06
41.121916581617,-2.55e-07
41.137549075296,-1.314e-06
41.153175748199,-1.264e-06
41.168790524226,-1.717e-06
41.18443087734,-9.19e-07
41.200052173467,-1.863e-06
41.215674090941,-3.51e-07
41.231308842884,2.64e-07
41.246915496923,9.3e-07
41.262554619499,-1.4e-08
41.278172098448,8.9e-07
41.293801608662,3.12e-07
41.309433248628,-5.7e-08
41.325048625938,1.81e-07
41.340673601915,4.37e-07
41.356296672734,2.84e-07
41.371936812186,4.06e-07
41.387545772842,4.06e-07
41.403177894866,9.8e-08
41.418796842426,3.86e-07
41.434438097071,7.5e-08
41.450058808607,-4.76e-07
41.465670931479,-4.55e-07
41.481299449885,-4.51e-07
41.4969193352,-4.55e-07
41.512553158736,1.08e-07
41.528172893775,2.92e-07
41.543801876684,4.73e-07
41.559431978354,4.73e-07
41.57505546693,1.321e-06
41.590674947918,1.084e-06
41.606303472124,8.19e-07
41.621927559064,-1.71e-07
41.637551894355,6e-08
41.653190775397,-1.71e-07
41.668797878633,-2.57e-07
41.684417813021,-8.8e-08
41.700049912536,-5.8e-08
41.715675183993,-2.39e-07
41.731296657164,8.99e-07
41.746928687631,2.318e-06
41.762555252139,2.412e-06
41.778172627051,3.994e-06
41.793786239213,3.994e-06
41.809431428287,2.837e-06
41.825052226589,1.208e-06
41.840682528319,-2.019e-06
41.856301968303,-2.047e-06
41.871933100956,-2.047e-06
41.887555602604,-1.915e-06
41.903172171983,-2.26e-07
41.918800686199,-2.05e-07
41.934430667694,-2.7e-08
41.950052992796,-2.7e-08
41.965677698045,1.13e-07
41.981309288152,2.49e-07
41.996929773756,3.2e-07
42.012546851994,3.2e-07
42.028169819434,3.2e-07
42.043803777443,2.74e-07
42.059435760491,2.03e-07
42.075043233509,1.63e-07
42.090674661676,9.5e-08
42.106301823045,-3.7e-08
42.12192653084,-6.3e-08
42.137552757879,6.9e-08
42.153169152989,-5.46e-07
42.16879535091,-5.26e-07
42.184430752405,-5.26e-07
42.200053550912,-4.86e-07
42.215675795147,-9.15e-07
42.231299583372,-3.04e-07
42.246929996165,-1.535e-06
42.262549865275,-1.119e-06
42.278175894076,-1.119e-06
42.293800433212,-1.647e-06
42.309419654476,-1.604e-06
42.325048820391,3.59e-07
42.340680119479,1.229e-06
42.356293134065,2.43e-07
42.371925381158,2.43e-07
42.387560346465,1.93e-07
42.40317821572,1.22e-07
42.418803741109,-7.5e-07
42.434416492842,-1.117e-06
42.450047814995,-1.117e-06
42.465678879094,-5.43e-07
42.481299903249,-3.75e-07
42.49692244633,1.04e-06
42.512545647715,1.322e-06
42.528177827223,1.176e-06
42.543803606078,1.328e-06
42.559424546818,2.84e-07
42.575046174396,1.28e-07
42.590670932169,2.3e-07
42.606306189436,3.82e-07
42.621920718263,6.07e-07
42.63755056797,6.07e-07
42.6531678418,1.532e-06
42.668805063455,1.042e-06
42.684426294084,2.6e-08
42.70005150667,-4.64e-07
42.715671405811,-1.88e-07
42.731303679742,-1.88e-07
42.746920965732,-1.49e-07
42.762557798379,-1.17e-07
42.778178562749,-1.17e-07
42.79379904986,-7.7e-08
42.809424464291,-7.4e-08
42.82504765554,-1.25e-07
42.840669262504,-1.25e-07
42.856299499745,-1.25e-07
42.871927641771,-1.44e-07
42.88755275911,5.67e-07
42.903178638991,5.4e-07
42.918800468519,-2.94e-07
42.934423945685,-2.94e-07
42.950042722942,-3.5e-07
42.965670771294,-4.02e-07
42.981297327854,-3.29e-07
42.996925646126,-1.65e-07
43.012543328322,-8e-09
43.028177740389,1.87e-07
43.043808887925,1.87e-07
43.05943472648,0
43.075051560096,3.6e-08
43.090671613759,-3.41e-07
43.106300259429,-3.41e-07
43.121925156979,5.8e-08
43.137553954323,3.82e-07
43.153172584903,4.56e-07
43.168798053408,4.56e-07
43.184429486376,1.66e-07
43.200048004721,1.66e-07
43.215676975976,5.25e-07
43.231291430847,4.24e-07
43.24694099945,1.124e-06
43.262554674359,1.124e-06
43.278178928096,6.22e-07
43.293805902994,8.4e-08
43.309434501187,4.95e-07
43.325042206602,3.1e-08
43.34068490383,3.5e-08
43.35628978413,4.89e-07
43.371924250485,4.89e-07
43.387547035754,2.21e-07
43.403183496977,2.08e-07
43.418808369064,1.64e-07
43.434435959076,1.64e-07
43.450051799339,1.59e-07
43.465678194444,-4.5e-08
43.481281828732,0
43.496931432437,5.1e-08
43.512552225035,0
43.528183190667,4.5e-08
43.543797935826,8.7e-08
43.559440430888,-6.78e-07
43.575052072786,-6.67e-07
43.590672393873,-6.67e-07
43.606295913334,-6.48e-07
43.621932930237,-1.149e-06
43.637545274567,2.9e-07
43.653182878072,-7.14e-07
43.668801687783,-4.55e-07
43.684431751211,-1.128e-06
43.70004735193,-6.42e-07
43.715672149654,-6.42e-07
43.731299291339,1e-07
43.746930751045,1.34e-07
43.762548828283,2.35e-07
43.778170780175,2.35e-07
43.79379895439,1.3e-07
43.80944474872,2.21e-07
43.825058714919,2.09e-07
43.840680598777,8.7e-08
43.856298720161,2.4e-07
43.871927447672,2.02e-07
43.887546713983,6e-09
43.903172962232,-1.021e-06
43.918798777126,-8.24e-07
43.934450050166,-2.363e-06
43.950055256121,-2.341e-06
43.965675851129,1.11e-07
43.981300317358,1.028e-06
43.996940078077,-1.54e-07
44.012555594913,-1.54e-07
44.028180456717,-2.01e-07
44.043809084988,-8.68e-07
44.059428253565,-8.43e-07
44.075050831583,-8.28e-07
44.09067333891,-2.43e-07
44.106295694112,-2.9e-07
44.121921927436,-2.43e-07
44.137553647836,-2.88e-07
44.153175713767,-3.35e-07
44.168798797632,7.37e-07
44.184426226087,7.72e-07
44.200050309084,-4.89e-07
44.215680173214,-4.89e-07
44.231309259734,-1.374e-06
44.246931605117,-1.374e-06
44.262553655062,-1.308e-06
44.278174110447,-9.72e-07
44.29379347832,6.3e-08
44.309439151803,1.26e-07
44.32505364154,1.26e-07
44.34067419893,8.1e-07
44.356302748522,8.1e-07
44.371934343182,2.485e-06
44.387549470618,2.461e-06
44.403180476162,1.486e-06
44.418796437091,1.42e-07
44.434415502696,6.1e-08
44.450047430671,-1.37e-06
44.465675733683,-9.6e-07
44.481297351194,-1.603e-06
44.496939873335,-2.498e-06
44.51255196941,-3.842e-06
44.528171194238,-3.619e-06
44.543805126316,-3.619e-06
44.559430906158,-1.737e-06
44.575055368319,-3.5e-08
44.590677173504,6.23e-07
44.606299823947,6.23e-07
44.621931831605,5e-07
44.637545490546,3.96e-07
44.65316540993,-4.64e-07
44.668792890651,-2.018e-06
44.684433347015,-2.136e-06
44.700060381591,-1.567e-06
44.715669592147,-1.567e-06
44.731296618365,9.39e-07
44.746928267764,1.161e-06
44.762535669893,1.409e-06
44.77817535727,1.409e-06
44.793793488005,3.88e-07
44.809425945055,3.88e-07
44.825052940511,-4.23e-07
44.840676523951,-5.49e-07
44.856300003223,-3.84e-07
44.871937342478,-1.143e-06
44.887554440402,-2.016e-06
44.903173252343,-1.232e-06
44.918796354709,-1.115e-06
44.934433460884,-3.34e-07
44.950048377453,7.14e-07
44.965676015272,7.14e-07
44.981298021022,6.7e-07
44.996932735001,5.06e-07
45.012547713078,7.37e-07
45.028176061719,2.5e-07
45.043804173314,7e-08
45.059437001291,7e-08
45.0750426584,-4.8e-08
45.090671995684,-1.08e-07
45.106308743011,-4.55e-07
45.121934453382,-4.55e-07
45.137552531745,-4.4e-07
45.153178303936,-3.71e-07
45.168800387963,2.7e-08
45.184428538635,2.7e-08
45.200060442721,2.7e-08
45.215667175699,3.84e-07
45.231304216726,-3.45e-07
45.246919889862,-3.97e-07
45.262557010694,3.18e-07
45.278178714841,-7.5e-08
45.293802726206,-7.5e-08
45.309431951223,2.51e-07
45.32504632061,2.12e-07
45.340677316161,1.31e-07
45.356293645347,1.03e-07
45.371926680816,-2.8e-07
45.387547335846,-3.18e-07
45.4031672625,-3.12e-07
45.418795494365,-5.68e-07
45.434419073545,-5.05e-07
45.450050665179,-4.23e-07
45.465671132239,-1.209e-06
45.481301930796,-1.107e-06
45.496918443203,8.4e-08
45.512550965513,-4.65e-07
45.528163890473,-4.83e-07
45.543802133109,-4.83e-07
45.559418682313,-5.38e-07
45.575057801849,-1.706e-06
45.590671422656,-1.072e-06
45.606299061029,4.6e-08
45.621928087611,1.135e-06
45.63755702916,1.12e-06
45.653166900619,1.66e-06
45.668804811512,4.62e-07
45.684413123052,-7.6e-08
45.700051102079,-5.5e-08
45.715684717049,4.79e-07
45.731292314511,6.18e-07
45.746925663245,2.01e-07
45.762553228372,7.41e-07
45.778175995324,1.656e-06
45.793806776987,1.074e-06
45.809424548678,4.78e-07
45.825046260139,4.78e-07
45.840669344921,4.26e-07
45.856292188134,-9e-08
45.871932338057,-5.04e-07
45.887551961858,-5.04e-07
45.903167889035,-6.06e-07
45.918800870865,-1.46e-07
45.934430022917,1.5e-08
45.950049055218,1.5e-08
45.965674964697,-4.12e-07
45.981303433891,-3.75e-07
45.996930830684,-7.08e-07
46.012550524641,-1.452e-06
46.028180241581,-1.118e-06
46.043798763896,-7.88e-07
46.059436577102,-7.37e-07
46.075049354182,1.19e-07
46.09067599363,2.38e-07
46.106308534658,3.51e-07
46.121924133728,1.181e-06
46.137552237136,1.181e-06
46.153182809407,9.31e-07
46.168806407178,3.73e-07
46.184430661349,-7.59e-07
46.200046103564,-1.497e-06
46.215679144817,-1.526e-06
46.23129361393,-1.736e-06
46.246937872906,-1.736e-06
46.262549561242,-1.736e-06
46.278172085618,-1.075e-06
46.293805759671,-8.86e-07
46.309446567783,-1.145e-06
46.325041249999,-2.17e-07
46.340676584661,-1.037e-06
46.356308242329,-3.001e-06
46.371922888587,-2.929e-06
46.387557280778,-1.812e-06
46.403172958382,-1.694e-06
46.418790036495,6.84e-07
46.434438860745,6.84e-07
46.450044434299,6.39e-07
46.46566981819,6.39e-07
46.481295994496,5.47e-07
46.496930368543,8.79e-07
46.512548584677,7.99e-07
46.528175034594,6.06e-07
46.543802255759,6.7e-08
46.559419996164,5.3e-07
46.575050405349,-3.66e-07
46.590665164822,-3.64e-07
46.606293755643,-5.9e-08
46.6219374964,-1.6e-07
46.637552305401,-1.6e-07
46.653177788556,-1.41e-07
46.668805439646,-1.6e-07
46.684435062084,-1.97e-07
46.700053805672,-1.85e-07
46.715679783362,-2.01e-07
46.73129708239,-2.01e-07
46.746913895719,-1.64e-07
46.762556772995,4.73e-07
46.778168187876,1.192e-06
46.793803858103,2.425e-06
46.809436531899,1.75e-06
46.825046697478,1.891e-06
46.840683346621,1.667e-06
46.85629683662,4.49e-07
46.871913790612,5.1e-08
46.887548767585,-1.59e-07
46.903178912093,-5.57e-07
46.918804785678,-5.57e-07
46.93442344527,-5.22e-07
46.9500462245,-7.61e-07
46.965676379332,-1.628e-06
46.98130424878,-7.14e-07
46.996926850269,-7.14e-07
47.012542174773,-6.57e-07
47.028175581667,5.21e-07
47.043805997022,5.42e-07
47.05944531561,5.97e-07
47.075052321631,3e-07
47.090671776554,2.92e-07
47.1062899743,3.43e-07
47.121934255233,3.01e-07
47.137543611607,9.3e-08
47.153179836663,9.3e-08
47.168800815021,3.7e-08
47.184425265628,-1.05e-07
47.200050616862,-2.31e-07
47.215671253675,4.55e-07
47.231295784261,-1.16e-07
47.246923773944,-3.4e-08
47.262548961114,2.84e-07
47.278171242641,2.84e-07
47.293803824564,-6e-08
47.309424252182,-2.17e-07
47.325044519983,-7e-09
47.340677978476,-2.12e-07
47.356307112033,-1.68e-07
47.371923420353,7.5e-08
47.387551750872,7.5e-08
47.403177066799,-1.41e-07
47.418805204855,-1.8e-07
47.434427695659,-2.27e-07
47.450047030451,-2.27e-07
47.465671550035,-2.57e-07
47.481302277362,6.81e-07
47.496922916963,-4.68e-07
47.512547893101,-5.05e-07
47.528182663036,-3.001e-06
47.543798976143,-1.81e-06
47.559422253801,-2.057e-06
47.575047119464,-7.25e-07
47.590674730324,-1.102e-06
47.606304533481,-6.43e-07
47.62192736941,-1.102e-06
47.637542914364,-1.52e-06
47.653179325264,-3.279e-06
47.668792929432,-3.292e-06
47.684421894191,-3.292e-06
47.700049292078,-1.06e-06
47.71567551383,3.87e-07
47.73130446616,1.11e-06
47.746927028097,1.196e-06
47.762556390192,6.77e-07
47.778176046847,6.77e-07
47.7937914985,6.41e-07
47.809426193496,6.4e-07
47.825048354648,6.19e-07
47.840673282963,6.19e-07
47.856294102065,5.33e-07
47.871925290274,4.13e-07
47.887553482151,2.25e-07
47.903177250404,8.1e-08
47.918803940676,-5.57e-07
47.934422637382,-5.57e-07
47.95004825382,-1.62e-07
47.965670699564,-7.02e-07
47.981296087579,1.021e-06
47.996922571378,1.607e-06
48.01255289433,1.22e-06
48.028180373439,1.22e-06
48.043798565773,1.22e-06
48.059418735254,-2.8e-08
48.075050612418,-2.72e-07
48.090673255806,-3.98e-07
48.106296627762,-5.16e-07
48.12192151433,-8.5e-07
48.137552505588,-5.16e-07
48.153178649203,-2.4e-07
48.168795941922,-4.51e-07
48.184424852351,8.93e-07
48.200048501257,2.358e-06
48.215669364281,3.757e-06
48.231304783396,2.427e-06
48.246930967019,3.099e-06
48.262543962023,1.531e-06
48.278170831321,2.46e-07
48.293792681443,2.46e-07
48.309429376989,1.42e-07
48.325057494252,2.79e-07
48.340671484468,1.33e-06
48.356302670848,1.154e-06
48.371920847341,1.447e-06
48.387547588625,1.466e-06
48.40317870914,1.98e-07
48.418807397593,-1.019e-06
48.434418776671,-9.24e-07
48.450051683475,-9.24e-07
48.465672893841,-1.158e-06
48.48130462782,-2.079e-06
48.496936879594,-1.775e-06
48.5125495073,-1.717e-06
48.528170512216,-1.581e-06
48.543803367528,-2.22e-07
48.559428730368,-2.22e-07
48.575048580146,-7.31e-07
48.590684667373,-6.66e-07
48.606291751366,-6.66e-07
48.621923423973,2.76e-07
48.637552720187,2.76e-07
48.653180992071,2.32e-06
48.668803153159,2.261e-06
48.684430756709,1.228e-06
48.700045918114,-1.72e-07
48.715670633876,4.65e-07
48.731297922018,-1.72e-07
48.746923226702,-4.39e-07
48.762543671853,-7.65e-07
48.778177192764,-1.654e-06
48.793794046711,-1.654e-06
48.809432846418,-1.396e-06
48.825045158097,-4.12e-07
48.840674708263,7.01e-07
48.856302273533,7.25e-07
48.871922872949,6.27e-07
48.887544309531,6.27e-07
48.903171836923,8.31e-07
48.918794980319,2.1e-07
48.934429081931,1.77e-07
48.950059757325,-1.01e-07
48.965676164879,-1.37e-07
48.98129418554,-3.71e-07
48.99693028604,-3.71e-07
49.012550606934,-1.49e-07
49.028173926816,-6.03e-07
49.04380866192,-4.69e-07
49.059431310716,1.83e-07
49.075048963036,3.56e-07
49.090678042113,3.56e-07
49.106295277776,5.06e-07
49.121935995191,5.51e-07
49.137558885791,5.57e-07
49.153184362754,5.57e-07
49.168799484867,4.81e-07
49.184430299466,3.94e-07
49.200057271757,3.94e-07
49.215669532743,-2.29e-07
49.231293596718,-9.4e-08
49.246930987517,3.54e-07
49.262548522336,-2.7e-08
49.278180356043,-2.25e-07
49.293803485508,1.42e-07
49.3094344343,-2.25e-07
49.325051641949,-1.37e-07
49.340668861201,2.3e-07
49.356289735188,-7.52e-07
49.37194744658,-7.68e-07
49.387543740767,2.13e-07
49.403173039267,1.49e-07
49.418803913811,-2.152e-06
49.434428205009,-1.488e-06
49.450055495703,-1.477e-06
49.465678111533,-1.405e-06
49.481306008509,-2.911e-06
49.496931149014,-1.185e-06
49.512551123445,4.65e-07
49.528171913269,-2.79e-07
49.543791306216,-3.25e-07
49.559427350665,4.35e-07
49.575057913503,-3.25e-07
49.590671038125,-1.649e-06
49.606305988207,-2.486e-06
49.621931593148,-1.971e-06
49.637548947814,-2.579e-06
49.653179221025,-1.108e-06
49.668804225242,1.02e-07
49.684442064205,1.1e-07
49.700048603037,1.1e-07
49.715682496608,1.1e-07
49.731305624346,8e-08
49.74692986158,3.37e-07
49.762544954735,2.86e-07
49.778176834273,2.84e-07
49.793804496276,5.81e-07
49.809420954348,4.87e-07
49.825050175309,9.35e-07
49.84066625605,9.4e-07
49.856298919784,5.5e-07
49.871933981094,-3.14e-07
49.88754533501,-2.51e-07
49.903170795567,-2.53e-07
49.918805239925,-1.96e-07
49.934425395636,-1.28e-07
49.950044028947,-7.2e-08
49.965669586734,-1e-09
49.981288644069,5.6e-08
49.996922765885,1.51e-07
50.012554570024,1.51e-07
50.028180139577,1.83e-07
50.043799961592,3.7e-08
50.059428998968,-9.1e-08
50.075046833473,-1.32e-07
50.090676929011,2.1e-08
50.106291193959,2.1e-08
50.121932499283,1.13e-07
50.137553817966,1.468e-06
50.153176950798,1.468e-06
50.168797103888,1.465e-06
50.184434810938,1.52e-07
50.200056293056,1.85e-07
50.215677154759,-9.2e-07
50.23129790826,1.15e-07
50.246942626209,9.2e-08
50.262547687328,5.4e-08
50.278181041686,-8.06e-07
50.29380678307,3.7e-08
50.309425290349,3.7e-08
50.325054634135,3.9e-08
50.340677501716,5.7e-08
50.356297712339,5.7e-08
50.37191831667,8.7e-08
50.387559067472,1.509e-06
50.403167590781,1.418e-06
50.41880280934,1.994e-06
50.434430398251,1.994e-06
50.450048372415,1.04e-07
50.465675336915,-1.056e-06
50.481313362057,-1.1e-06
50.496923191763,-1.1e-06
50.512549466637,-6.41e-07
50.528183284707,-9.2e-07
50.543795663716,-2.13e-07
50.559428155879,1.1e-08
50.575052702122,8.5e-08
50.590679635147,-3.8e-08
50.606306800901,1.06e-07
50.621922577061,7.29e-07
50.637553156383,5.85e-07
50.653185426987,5.43e-07
50.668799235724,4.77e-07
50.684423143638,-8.02e-07
50.70004551174,-8.02e-07
50.71567324315,-1.557e-06
50.731304789794,-1.531e-06
50.746927766592,-1.347e-06
50.762559497237,1.71e-07
50.778176691842,7.24e-07
50.793808463802,7.24e-07
50.809430464531,6.62e-07
50.825057761169,-9.83e-07
50.840676859646,-1.1e-06
50.856304249283,-1.219e-06
50.871917696286,-1.071e-06
50.887548112379,-1.071e-06
50.903170530311,-1.1e-07
50.918796926791,-1.14e-07
50.934423455115,-5.71e-07
50.950043162429,5.81e-07
50.965667479187,5.81e-07
50.981308139156,5.92e-07
50.996924534987,5.93e-07
51.012552688267,5.93e-07
51.028181198283,-6.5e-08
51.043805920383,-8.3e-08
51.059435029391,-8.3e-08
51.075052808058,3.3e-08
51.090682931044,8.11e-07
51.106303563565,8.11e-07
51.121928743197,7.92e-07
51.137550477807,2.184e-06
51.153171421065,2.019e-06
51.168807180029,-2.56e-07
51.184428797507,-3.63e-07
51.200058267658,9.81e-07
51.215680996774,-3.97e-07
51.231305134856,-3.21e-07
51.246925233229,-2.42e-07
51.262542863955,-1.58e-07
51.278172765231,-1.63e-07
51.293803939013,-1.19e-07
51.309431985265,-9.5e-08
51.32505343924,-8.2e-08
51.340678403178,-6.3e-08
51.356300594961,-2.7e-08
51.371932640283,-4e-08
51.387561465053,-5.25e-07
51.40318322758,-5.03e-07
51.418797558799,-1.256e-06
51.43442467781,-1.779e-06
51.450047474897,-2.264e-06
51.465675693409,-1.502e-06
51.481303366402,-1.441e-06
51.496926923704,-3.43e-07
51.51255067986,3.87e-07
51.528169233926,3.87e-07
51.543802029482,1.158e-06
51.559421963173,1.761e-06
51.575053474971,1.698e-06
51.590670235429,7.86e-07
51.606303499214,6.74e-07
51.621924491214,-2.61e-07
51.637551243601,-2.78e-07
51.653174895529,-8.97e-07
51.668795849749,-8.97e-07
51.684435616237,-6.75e-07
51.700039689524,6.9e-08
51.715677033233,4.62e-07
51.73129557047,2.316e-06
51.746924527556,2.053e-06
51.762548364444,1.984e-06
51.778180415955,2.573e-06
51.793807381452,6.2e-07
51.809424358184,-7.6e-08
51.825051773322,5.17e-07
51.840670437667,6.73e-07
51.856301811949,9.3e-08
51.871933295341,8.2e-08
51.887551848725,9.9e-08
51.903179703564,-7.67e-07
51.918810871222,-8.5e-07
51.934425343988,-8.5e-07
51.950060841792,-1.361e-06
51.965682160463,-1.3e-06
51.981295853456,4e-08
51.996925014185,1.017e-06
52.012554263464,1.041e-06
52.028184914275,1.857e-06
52.043798311905,1.839e-06
52.059434336258,1.701e-06
52.075059043984,8.25e-07
52.090668331576,-1.72e-07
52.106301843248,-1.127e-06
52.121920493692,-1.005e-06
52.137548672111,-1.843e-06
52.153173889413,-7.83e-07
52.168796884012,-5.2e-08
52.18441973659,6.47e-07
52.200047636495,5.65e-07
52.215676200456,1.118e-06
52.231294980184,5.58e-07
52.246927381916,6.18e-07
52.262548283375,7.5e-08
52.278173944273,4.2e-07
52.293800507584,2.6e-08
52.30943319269,3.9e-08
52.325050209379,1.46e-07
52.340672506691,1.1e-07
52.356295559494,-9.6e-08
52.371928004023,-1.14e-07
52.387548173873,-1.25e-07
52.403181024301,-5.82e-07
52.418794331726,-5.64e-07
52.434424420766,-8.9e-08
52.450061637472,-5.6e-08
52.465677783853,1.006e-06
52.481301446355,1.006e-06
52.496923187807,-5e-08
52.512543708068,4.15e-07
52.5281666676,4.24e-07
52.543812263825,4.24e-07
52.559435612435,4.49e-07
52.575046736519,9.3e-07
52.590673508944,4.67e-07
52.606302322102,3.06e-07
52.621934194326,-1.83e-07
52.637551026089,8.15e-07
52.653172655686,8.15e-07
52.668794455842,2.63e-07
52.684420509124,2.63e-07
52.700059539408,2.3e-07
52.715671267184,-8.33e-07
52.73130936048,-1.609e-06
52.746937274184,-9.38e-07
52.762550429852,-1.32e-07
52.778168194185,-1.16e-07
52.793804087289,8.4e-08
52.809423494409,8.4e-08
52.825055161098,1.04e-07
52.840669600551,1.04e-07
52.856305605448,8e-09
52.871927425763,5.4e-08
52.887547059193,1.77e-07
52.903173631858,8.31e-07
52.918797987021,1.952e-06
52.934436727225,2.466e-06
52.950053899528,1.454e-06
52.965680324697,1.454e-06
52.981301647624,2.533e-06
52.996924703847,6.89e-07
53.012545966198,1.03e-07
53.028182493135,-1.03e-06
53.043792789052,-1.03e-06
53.05943628058,-1.075e-06
53.075061157213,-1.105e-06
53.090680230628,-1.105e-06
53.106292845953,-2.21e-07
53.121920405982,-1.54e-07
53.137549022611,-8e-08
53.153173404482,1.4e-08
53.168802859123,4e-08
53.184428887285,-1.03e-07
53.200054350648,4e-08
53.215686202067,2.02e-07
53.231293767999,3.09e-07
53.246930953236,7.76e-07
53.262551253122,7.76e-07
53.27817757225,1.699e-06
53.293802984547,1.647e-06
53.309424267159,1.274e-06
53.325057775194,2.54e-07
53.340668873265,1.37e-07
53.356302226034,2e-09
53.371925771031,1.51e-07
53.387550442357,3.46e-07
53.40317850181,3.89e-07
53.418805477314,3.89e-07
53.434429762626,3.56e-07
53.4500447592,-1.31e-07
53.465665348427,-1.31e-07
53.48130692061,-1.28e-07
53.496922839054,-1.1e-07
53.512552925543,5.5e-08
53.528177170283,5.5e-08
53.543799153101,5.5e-08
53.559429559439,7.5e-08
53.575050279472,6.3e-08
53.590678051985,4.42e-07
53.606304125783,4.17e-07
53.621916360251,-3.31e-07
53.637547097544,-3.66e-07
53.653165221034,-5.88e-07
53.668804610054,-1.932e-06
53.684423397651,-5.88e-07
53.700047168853,-2.26e-07
53.715674704477,-1.77e-07
53.731293927866,1.08e-07
53.746922551877,1.08e-07
53.762550034128,1.6e-07
53.778171638659,3.18e-07
53.793802895155,4.94e-07
53.809426310385,1.92e-07
53.825045858587,1.376e-06
53.840684236069,2.84e-07
53.856292699658,3.89e-07
53.871926796755,3.29e-07
53.887550222282,3.29e-07
53.903176307961,3.29e-07
53.918806407993,-5.09e-07
53.93442249664,-6.93e-07
53.950051834073,-7.59e-07
53.965676572395,2.69e-07
53.981303172195,2.24e-07
53.996928889253,2.24e-07
54.012552839195,1.79e-07
54.028177653167,1.31e-07
54.043799526158,8.8e-08
54.059423749738,8.8e-08
54.075053154722,8.6e-08
54.090670078569,1.28e-07
54.10630908126,1.28e-07
54.121928438635,5.56e-07
54.137547695005,1.21e-07
54.153175801474,9.6e-08
54.168801957491,2.5e-08
54.184432046637,2.5e-08
54.20005427046,-6.2e-08
54.215671670923,-5.7e-08
54.231299673004,-7.5e-08
54.246932932937,-7.2e-08
54.26254665937,1.56e-07
54.278181959163,7.38e-07
54.293803755286,2.67e-07
54.309438680707,3.89e-07
54.325047998634,3.97e-07
54.340667894386,4.21e-07
54.356309367258,3.45e-07
54.371931503683,4.21e-07
54.387545471991,3.5e-07
54.403182716308,-1.77e-07
54.418796886263,-3.61e-07
54.434430744858,-2.1e-08
54.450045388045,-2.1e-08
54.4656730371,-4.1e-08
54.481294824411,2.5e-08
54.496929671813,1.8e-07
54.512553287296,1.83e-07
54.528179318212,2.2e-08
54.543800417335,-4.21e-07
54.559426263924,-4.36e-07
54.575050944913,-5.12e-07
54.590672566511,-5.12e-07
54.606295497587,-1.14e-07
54.621935877997,-4e-08
54.637550384612,-2.1e-08
54.653176410193,-2.1e-08
54.668809320778,-2.1e-08
54.68443561623,-7.5e-08
54.700054207641,2.7e-07
54.715675067338,-9.2e-08
54.731297051799,1.98e-07
54.746933696662,-5.67e-07
54.762546983232,-5.14e-07
54.778164282524,-1.473e-06
54.793803127889,-5.14e-07
54.809429909011,2.01e-07
54.825048624615,1.54e-06
54.840670930019,2.059e-06
54.856301830635,2.828e-06
54.871927525593,2.418e-06
54.887549856519,1.728e-06
54.903179147289,3.94e-07
54.918812580531,2.94e-07
54.934423832771,-2.06e-07
54.950051114318,-2.38e-07
54.965679761695,-2.42e-07
54.981297387568,-2.28e-07
54.996933181347,-2.71e-07
55.012549951202,-4.03e-07
55.028174280898,-3.89e-07
55.04380305322,-3.65e-07
55.059428366212,-3.28e-07
55.07504964707,-1.13e-07
55.090683146913,-6e-08
55.106305367052,-6e-08
55.12193128353,3e-08
55.137552887687,1.22e-07
55.153173950411,1.89e-07
55.168795572961,1.89e-07
55.184429847253,8.29e-07
55.200052231416,8.29e-07
55.21567096954,-7.53e-07
55.231292244155,-4.86e-07
55.246925510475,1.08e-06
55.262546870424,3.96e-07
55.278170352892,3.96e-07
55.29380133708,3.96e-07
55.3094196165,5.1e-08
55.325051271363,1.537e-06
55.340679352055,2.318e-06
55.356308937828,4.3e-08
55.371929838998,-2.7e-08
55.387553082643,6.52e-07
55.403172574541,-2.18e-07
55.418800211605,-2.18e-07
55.434433295314,-2.18e-07
55.45005226145,-2.35e-07
55.465681817706,-2.89e-07
55.481299075586,-3.28e-07
55.496933241116,-3.76e-07
55.512549254466,-3.76e-07
55.528175021898,1.179e-06
55.543798729579,2.149e-06
55.559438297866,2.157e-06
55.575055440554,2.157e-06
55.590665042562,5.3e-07
55.606305301535,-5.16e-07
55.621932633678,-5.96e-07
55.637548184013,-5.96e-07
55.653178869942,-1.321e-06
55.668805645936,-1.279e-06
55.684425060311,-1.121e-06
55.700039644516,-2.3e-07
55.715680095067,-9.84e-07
55.731298177173,-3.7e-08
55.746920261533,-3.7e-08
55.762548547347,-7.87e-07
55.778170040982,-7.22e-07
55.793798962763,8.13e-07
55.809437764106,1.606e-06
55.825048737969,9.76e-07
55.840681479954,1.606e-06
55.856307110973,8.02e-07
55.871929101444,-2.68e-07
55.887545972064,-2.98e-07
55.903164616807,5e-08
55.918800118792,2.3e-08
55.934434653887,-3e-08
55.950060940829,-3e-08
55.965677727416,-3e-08
55.981298849823,9.78e-07
55.996920931443,8.55e-07
56.012541613421,7.94e-07
56.028183064325,8.06e-07
56.043802887479,-3.22e-07
56.059441991581,-3.48e-07
56.075039817656,-3.22e-07
56.090671159432,-3.2e-07
56.106296923188,-2.54e-07
56.12193174877,-4.8e-07
56.137560967943,-1.89e-07
56.153166774291,-7.1e-08
56.168799217951,4.7e-08
56.184429571586,1.92e-07
56.200051957625,2.75e-07
56.215675377393,2.75e-07
56.231299091038,2.58e-07
56.246929569771,2.58e-07
56.262550200902,2.38e-07
56.27817747732,1.09e-06
56.293802272091,1.109e-06
56.309429620289,1.41e-06
56.325048664457,1.252e-06
56.340677765074,1.252e-06
56.356305152025,4.93e-07
56.371940202078,1.214e-06
56.387559842065,5.71e-07
56.403178444568,-8.39e-07
56.418793177739,-8.91e-07
56.434428539839,-1.315e-06
56.45004932595,-1.639e-06
56.465668336255,-9.64e-07
56.48129992202,-5.23e-07
56.496925716651,-4.61e-07
56.512554038171,-9.9e-08
56.528170108367,-9.9e-08
56.543804461997,-1.47e-07
56.559436132194,3.1e-08
56.57504069034,-3.11e-07
56.590676213641,-1.31e-06
56.606296126211,-3.11e-07
56.621936719453,-2.94e-07
56.637543077508,-2.76e-07
56.653177152874,7.6e-08
56.668794121326,7.6e-08
56.684435234158,4.7e-08
56.700060219835,3.56e-07
56.715671172469,3.05e-07
56.731297946057,-7e-08
56.746940200421,-7e-08
56.762548854061,-1.7e-07
56.778180234002,-2.25e-07
56.793796030952,-1.185e-06
56.809421577923,-1.185e-06
56.82504799546,-1.103e-06
56.840674643609,7.54e-07
56.856298204398,8.03e-07
56.871927403895,1.35e-06
56.887542911485,1.003e-06
56.903186879272,1.002e-06
56.918799747805,4.4e-07
56.934439365239,4.18e-07
56.950054127443,-1.25e-07
56.965678156428,-1.25e-07
56.981299218817,-1.23e-07
56.996940015851,-1.18e-07
57.012550383009,-1.07e-07
57.028186102871,-6e-08
57.043806428429,-3e-09
57.059439410838,5.5e-08
57.075056568634,5.5e-08
57.090677513763,7.6e-08
57.106304121001,2.4e-08
57.121922394689,-4.19e-07
57.137555660677,-9.4e-07
57.153177470421,-4.93e-07
57.168794402538,-5.07e-07
57.184424246401,-2.368e-06
57.20006142071,-4.35e-07
57.21567450736,-1.98e-07
57.231308292882,-1.807e-06
57.246937950819,-1.756e-06
57.262547242851,-1.017e-06
57.278180791456,-2.165e-06
57.29380869563,-2.552e-06
57.309437299493,-1.366e-06
57.325050061411,-1.071e-06
57.340675975527,3.12e-07
57.356297869649,2.024e-06
57.371924827275,2.024e-06
57.387552047487,2.11e-06
57.403176232024,2.008e-06
57.418805082149,1.586e-06
57.434435350618,6.76e-07
57.450049916358,4.7e-07
57.465679879941,-7.4e-08
57.481302107874,-2.03e-07
57.496926999321,-2.05e-07
57.512553308451,-2.02e-07
57.52816669012,-2.03e-07
57.543802375081,-2.1e-07
57.559431897231,-2.03e-07
57.575057229383,-4.38e-07
57.590670480866,3.88e-07
57.606289004503,4.4e-07
57.621922523943,4.4e-07
57.637548648189,-1.004e-06
57.653169486582,-6.33e-07
57.668799669577,-2.025e-06
57.684427382491,-1.939e-06
57.700063915491,-7.75e-07
57.715671276339,2.9e-08
57.73129745822,-5.7e-08
57.746934002483,5.2e-08
57.762561454315,-2.21e-07
57.778174119302,-2.57e-07
57.793813505498,-3.11e-07
57.809431690904,-3.43e-07
57.825048485745,-8.62e-07
57.840681280033,-3.43e-07
57.856304262,-1.477e-06
57.871932218343,-1.463e-06
57.887546818721,-1.407e-06
57.903184651822,-5.43e-07
57.918812483198,-4.35e-07
57.934430242245,9e-08
57.950047448117,9e-08
57.965673059932,1.78e-07
57.981308380416,1.78e-07
57.996917480738,2.19e-07
58.01255836302,6.26e-07
58.028178264991,1.93e-07
58.04379788983,1.88e-07
58.059439277778,1.91e-07
58.075056416132,1.36e-07
58.090680374176,1.04e-07
58.106301659127,5.6e-08
58.121936163191,5.6e-08
58.137559148514,-4.5e-08
58.153172953959,-6.79e-07
58.168799321082,5.38e-07
58.184425282683,1.379e-06
58.20004959085,4.43e-07
58.215667590985,5.89e-07
58.231302742877,5.89e-07
58.24694162392,-1.36e-07
58.262549263824,-2.78e-07
58.278179180036,-2.94e-07
58.293796199051,-6.16e-07
58.309438486278,-5.53e-07
58.325055274589,-3.77e-07
58.340674399603,6.87e-07
58.35629984303,6.87e-07
58.37193441975,1.029e-06
58.387545998,-2.58e-07
58.403176048973,-3.26e-07
58.418797560646,-3.34e-07
58.434431251542,-5.8e-08
58.450049634054,-2.3e-08
58.465674601433,7e-09
58.48128960331,6e-09
58.496946141224,1.8e-08
58.512549127184,1.6e-08
58.528166021628,1.022e-06
58.543792713915,2e-08
58.559431708054,4.6e-08
58.575048282125,7.3e-08
58.590669229587,7.13e-07
58.606292721266,7.3e-08
58.62193341637,3.7e-08
58.637556637893,3.8e-08
58.65318377326,-1e-08
58.668792589304,-4.3e-08
58.684437437688,-7e-09
58.700052989235,-6e-09
58.715666892872,-3.74e-07
58.731297227403,-3.7e-08
58.746933607451,-2.4e-08
58.762555453294,-2.4e-08
58.778172859673,3.13e-07
58.793794269379,3.13e-07
58.809429936216,2.69e-07
58.825051805756,2.38e-07
58.840674769007,2.38e-07
58.856306235119,-1.42e-07
58.871932106897,-1.31e-07
58.887559798121,-1.34e-07
58.903184002926,-8.7e-08
58.918801641838,-2.69e-07
58.93442479716,-1.97e-07
58.95005679164,-5.41e-07
58.96567470155,-1.45e-07
58.981294593866,-2.02e-07
58.996924167622,6e-08
59.012549802362,-2.98e-07
59.028179770678,-2.98e-07
59.043796132619,-2.98e-07
59.059440821758,2.75e-07
59.075040031381,3.15e-07
59.090662281271,3.09e-07
59.10629931466,4.56e-07
59.121924650657,-4.3e-08
59.137552686801,-4.3e-08
59.15316862142,1e-07
59.168796620282,1.45e-07
59.184416654471,1.033e-06
59.20004562318,1.045e-06
59.215677594217,1.855e-06
59.231288680682,9.93e-07
59.246924373952,1.001e-06
59.262549710046,3.7e-07
59.27817492714,1.169e-06
59.293793140138,2.8e-08
59.30942408115,2.8e-08
59.325052967038,-1.558e-06
59.340683112804,-2.56e-06
59.356298145993,-2.56e-06
59.371926302577,-3.233e-06
59.387546469592,-2.713e-06
59.403176764094,-2.419e-06
59.418800853197,-1.862e-06
59.434423494516,-1.528e-06
59.450048868969,-8.91e-07
59.465670076247,5.8e-08
59.481314563259,5.8e-08
59.496923885498,6.89e-07
59.51255294244,7.79e-07
59.528170271168,4.08e-07
59.543809368709,4.08e-07
59.559442307577,1.326e-06
59.575046884591,7.72e-07
59.590675960894,5.69e-07
59.606299941154,1.35e-06
59.621926134428,5.69e-07
59.637552999766,1.238e-06
59.653167007149,1.08e-06
59.668801943966,9.48e-07
59.684421337384,2.2e-08
59.700045128025,1.212e-06
59.715676719546,-7.8e-08
59.731302684058,-5.75e-07
59.7469204733,0
59.762545042074,2.1e-08
59.778176391493,2.1e-08
59.793791265918,5.21e-07
59.809423765238,5.21e-07
59.825043601237,-2e-08
59.840673007424,2e-08
59.856297260991,2e-08
59.87193258647,3.49e-07
59.887542601072,1.721e-06
59.903168479296,1.711e-06
59.918809052061,1.479e-06
59.934435188647,-2.81e-07
59.950045971268,-6.17e-07
59.965676909607,-1.538e-06
59.981305167597,-2.202e-06
59.996922059661,-2.453e-06
60.277780709111,0
