time,Master1Paths4.AVGSlave_1.ClockServo.OffsetFromMaster:vector
8.189279814,0
8.314290897,0
8.439282853,0
8.564284753,0
8.689286248,0
8.814277164,0.00207466
8.939273221,0.00207456
9.064286408,0.00207447
9.1892842,0
9.314280204,0
9.43928763,0
9.564291515,6.8e-08
9.68928368,5.75e-07
9.814283556,4.11e-07
9.939277634,-2.55e-07
10.063389948,-2.55e-07
10.064283213,-2.33e-07
10.074415023,-2.33e-07
10.086008007,-2.33e-07
10.188395806,-2.33e-07
10.189280625,0
10.19939701,0
10.211024165,0
10.313403741,0
10.314294687,-1.8e-07
10.324402333,-1.8e-07
10.336024222,-1.8e-07
10.438391488,-1.8e-07
10.439287694,0
10.449409528,-3.92e-07
10.461019574,-3.92e-07
10.563388688,-3.92e-07
10.564286076,-3.92e-07
10.574408405,-2.06e-07
10.586018729,-2.06e-07
10.688396352,-2.06e-07
10.689290738,-2.06e-07
10.699391951,-5.7e-08
10.71101837,-5.7e-08
10.813383854,-5.7e-08
10.81428345,-5.7e-08
10.824395796,-1.271e-06
10.836018944,-1.271e-06
10.938386414,-1.271e-06
10.939276413,-1.271e-06
10.9493936,-1.271e-06
10.961016908,-1.271e-06
11.063398755,-1.271e-06
11.064290956,-1.271e-06
11.074406527,3.36e-07
11.086010347,3.36e-07
11.188398033,3.36e-07
11.189280082,2.74e-07
11.199414389,2.74e-07
11.211012514,2.74e-07
11.313392002,2.74e-07
11.314277732,5.45e-07
11.324401914,1.126e-06
11.336016794,4.94e-07
11.438388513,4.94e-07
11.439281511,4.94e-07
11.449400723,4.94e-07
11.461029775,5.93e-07
11.563383307,3.42e-07
11.564290463,3.42e-07
11.574399758,3.42e-07
11.586018523,3.42e-07
11.688379902,2.82e-07
11.689289658,2.82e-07
11.699407952,2.82e-07
11.71102938,2.82e-07
11.813399061,2.82e-07
11.814289889,2.82e-07
11.824405077,2.82e-07
11.836023006,2.82e-07
11.938387364,4.4e-08
11.939291501,4.4e-08
11.949399749,4.4e-08
11.961019838,4.4e-08
12.063397213,4.4e-08
12.064289302,4.4e-08
12.074401398,4.4e-08
12.086018209,4.4e-08
12.18839237,-2.11e-06
12.189287866,-2.11e-06
12.199409538,-2.11e-06
12.211027792,-2.11e-06
12.313393854,-1.396e-06
12.314294324,-1.396e-06
12.324400097,-1.396e-06
12.336031225,-1.396e-06
12.438386202,-3.79e-07
12.439291798,-1.655e-06
12.449414439,-1.655e-06
12.461014691,-1.655e-06
12.563383422,-1.655e-06
12.564288018,-1.655e-06
12.574405596,-1.655e-06
12.586016731,-1.655e-06
12.688386768,-1.655e-06
12.689291077,-1.207e-06
12.699401553,-1.207e-06
12.71101713,-1.207e-06
12.813399642,-1.207e-06
12.814292012,1.039e-06
12.824407005,1.066e-06
12.836019525,1.212e-06
12.938385747,1.212e-06
12.939286033,1.212e-06
12.949404102,1.348e-06
12.961022536,1.348e-06
13.063400505,1.348e-06
13.064281881,1.348e-06
13.074406714,1.517e-06
13.086013007,1.517e-06
13.188386664,1.517e-06
13.189275185,1.517e-06
13.199401887,1.517e-06
13.211012932,1.517e-06
13.313391917,1.312e-06
13.314285301,1.312e-06
13.324402409,1.226e-06
13.336019628,1.226e-06
13.438390585,1.226e-06
13.439277077,1.226e-06
13.449415193,9.41e-07
13.461015433,9.41e-07
13.5633919,9.41e-07
13.564281769,9.41e-07
13.57440844,5.4e-07
13.586022182,5.4e-07
13.688391755,5.4e-07
13.689284791,5.4e-07
13.699406843,1.63e-07
13.711032659,1.63e-07
13.813394187,1.63e-07
13.814282469,1.63e-07
13.824407577,-7.4e-08
13.836028718,-7.4e-08
13.938385889,-7.4e-08
13.939293207,-7.4e-08
13.949414995,-7.4e-08
13.961014375,-7.4e-08
14.06339633,-7.4e-08
14.064283999,-1.97e-07
14.074415359,-1.97e-07
14.086016184,-1.97e-07
14.188398293,-3.25e-07
14.189279366,-3.25e-07
14.19940501,-3.25e-07
14.21102244,-3.25e-07
14.313387252,-2.25e-07
14.31427916,-2.25e-07
14.324403579,-2.25e-07
14.336024441,-6.55e-07
14.438390077,-6.55e-07
14.439275848,-6.55e-07
14.449398027,-6.55e-07
14.461013892,-1.659e-06
14.563380809,-1.659e-06
14.564278534,-1.659e-06
14.57440748,-1.659e-06
14.586015807,-1.659e-06
14.688397789,-1.659e-06
14.689292104,-1.659e-06
14.699400795,-1.659e-06
14.711017312,-1.407e-06
14.813397744,-1.407e-06
14.814293165,-1.407e-06
14.824401456,-1.407e-06
14.836023216,-4.33e-07
14.938395572,-4.33e-07
14.939274459,-4.33e-07
14.949393584,-4.33e-07
14.961023864,3.65e-07
15.063396192,3.65e-07
15.064274156,7.42e-07
15.074398121,7.42e-07
15.086023225,7.42e-07
15.188402169,1.17e-07
15.189287847,1.17e-07
15.199399964,1.17e-07
15.211022182,1.17e-07
15.313388689,7.39e-07
15.314281924,7.39e-07
15.324403671,7.39e-07
15.336018996,7.39e-07
15.438381897,7.39e-07
15.439287866,1.218e-06
15.449400808,1.218e-06
15.461018781,1.218e-06
15.563392047,9.66e-07
15.564279714,9.66e-07
15.574413997,9.66e-07
15.586028617,9.66e-07
15.68838947,6.66e-07
15.68928082,6.66e-07
15.699403239,6.66e-07
15.71102511,6.66e-07
15.813395092,6.66e-07
15.814294221,4.62e-07
15.824403127,4.35e-07
15.836023163,4.35e-07
15.938377229,4.35e-07
15.939284101,4.35e-07
15.949392872,6.24e-07
15.96101699,6.24e-07
16.063392928,6.24e-07
16.064281816,2.14e-07
16.074420052,2.14e-07
16.086011405,2.14e-07
16.188402155,3.9e-08
16.18928192,-5.8e-08
16.199403753,-5.06e-07
16.211027951,-5.06e-07
16.313390549,-5.06e-07
16.314278857,-5.06e-07
16.324395755,-5.29e-07
16.336021194,-5.29e-07
16.438391244,-5.29e-07
16.439272465,-5.29e-07
16.449408126,1.5e-08
16.461019393,1.5e-08
16.56339726,1.5e-08
16.564281127,1.5e-08
16.574399551,2.7e-08
16.586013424,2.7e-08
16.688385654,-2.92e-07
16.689295018,-2.92e-07
16.699399669,-5.4e-07
16.711015059,-5.4e-07
16.813380565,-5.4e-07
16.814291184,-5.4e-07
16.824396827,8.3e-08
16.836012515,8.3e-08
16.938385541,-2.7e-08
16.939298666,-2.7e-08
16.949410572,-2.7e-08
16.961015985,-2.7e-08
17.063387383,3.4e-08
17.064282285,3.4e-08
17.074406157,3.4e-08
17.086007896,3.4e-08
17.188387862,1.2e-07
17.189289836,1.2e-07
17.199402815,-4.78e-07
17.211013583,-4.78e-07
17.313393583,-4.78e-07
17.314279028,-4.78e-07
17.32440172,2.49e-07
17.336021418,2.66e-07
17.438389899,2.66e-07
17.439288619,2.66e-07
17.449409744,2.66e-07
17.461024643,2.66e-07
17.563389121,2.66e-07
17.564290223,2.67e-07
17.574401717,-1.56e-07
17.58601856,-1.56e-07
17.688386672,-1.56e-07
17.689279503,-9.83e-07
17.699399518,-9.83e-07
17.711023331,-9.83e-07
17.813389663,-9.83e-07
17.814284602,-1.834e-06
17.824400786,-1.834e-06
17.83602837,-1.834e-06
17.93838704,-1.834e-06
17.939275457,-5.78e-07
17.949409384,-5.78e-07
17.961018947,-5.78e-07
18.063409987,-5.78e-07
18.064300241,-3.17e-07
18.074412423,-3.17e-07
18.086015767,-3.17e-07
18.188386196,-3.17e-07
18.189279009,-2e-09
18.199406437,-2e-09
18.211027169,-2e-09
18.313399159,-2e-09
18.314278873,4.11e-07
18.324402636,-1.136e-06
18.336026543,-1.136e-06
18.438395455,-1.136e-06
18.439288633,-1.136e-06
18.449410231,-2.418e-06
18.461014943,-2.418e-06
18.563389901,-2.418e-06
18.56428602,-2.418e-06
18.574399946,-2.418e-06
18.586013671,-2.418e-06
18.688397531,-2.418e-06
18.689272209,-2.418e-06
18.699402582,-1.355e-06
18.711018141,-1.355e-06
18.813398632,-1.355e-06
18.814280992,-1.355e-06
18.824396256,6.99e-07
18.836019137,6.99e-07
18.938391868,6.99e-07
18.939283436,6.99e-07
18.949403407,1.342e-06
18.961022572,1.342e-06
19.063387826,1.747e-06
19.064274465,1.747e-06
19.074413749,1.747e-06
19.086015094,1.747e-06
19.188390439,2.659e-06
19.18929001,2.674e-06
19.199397299,2.674e-06
19.211022803,2.674e-06
19.313393582,2.674e-06
19.314290603,2.674e-06
19.324409299,2.674e-06
19.336020034,2.144e-06
19.438399817,2.144e-06
19.439297984,1.983e-06
19.449413029,1.983e-06
19.461028496,1.555e-06
19.56338825,1.555e-06
19.564291693,7.25e-07
19.574408145,7.25e-07
19.586021152,7.25e-07
19.688388892,7.25e-07
19.689286376,5.3e-08
19.699411997,5.3e-08
19.711030966,5.3e-08
19.813380661,5.3e-08
19.814275383,-1.71e-07
19.824411174,-1.71e-07
19.836023666,-1.71e-07
19.93838759,-1.71e-07
19.939288102,-5.7e-08
19.949401907,-3.58e-07
19.961020709,-3.58e-07
20.063392769,-3.58e-07
20.06427885,-3.58e-07
20.074398753,-1.968e-06
20.086022869,-1.968e-06
20.188402788,-1.968e-06
20.189285348,-1.968e-06
20.199408181,-1.968e-06
20.211027016,-1.968e-06
20.313401011,-1.968e-06
20.314291727,-1.968e-06
20.324392953,-8.83e-07
20.336016012,-8.83e-07
20.438389717,-8.83e-07
20.439286454,-8.83e-07
20.449404759,3.37e-07
20.461031965,2.78e-07
20.563383316,2.78e-07
20.564280576,2.78e-07
20.574395331,2.78e-07
20.586024709,7.28e-07
20.688392625,7.28e-07
20.689283132,7.28e-07
20.69939633,7.28e-07
20.711018816,6.32e-07
20.813389997,6.32e-07
20.81428927,6.32e-07
20.824399691,6.32e-07
20.83602782,1.4e-06
20.938390031,1.4e-06
20.939300779,1.243e-06
20.94940253,1.243e-06
20.961017799,1.243e-06
21.063394679,1.243e-06
21.064293562,9.58e-07
21.07439905,9.58e-07
21.086017699,9.58e-07
21.188384901,9.58e-07
21.189292749,9.58e-07
21.199400307,9.58e-07
21.211013025,9.58e-07
21.313395133,9.58e-07
21.314291633,-6.8e-08
21.324397453,-6.8e-08
21.336012695,-6.8e-08
21.438391496,-6.8e-08
21.439278486,-3.48e-07
21.449408077,-3.48e-07
21.461032627,-3.48e-07
21.56338387,-3.48e-07
21.564288833,-3.48e-07
21.574405872,-3.48e-07
21.586022247,-3.48e-07
21.688396159,-1.323e-06
21.689280611,-1.323e-06
21.699384944,-1.323e-06
21.711005338,-1.323e-06
21.813384905,-2.245e-06
21.814282187,-2.245e-06
21.824403093,-2.245e-06
21.836021364,-2.245e-06
21.938379904,-1.221e-06
21.939301545,-1.221e-06
21.949393688,-1.221e-06
21.961017313,-1.221e-06
22.063398526,-8.45e-07
22.064285379,-8.45e-07
22.07442124,-8.45e-07
22.086021997,-8.45e-07
22.188391478,-1.3e-07
22.189297125,-1.3e-07
22.199403786,-1.3e-07
22.211018875,-1.3e-07
22.31340215,9.45e-07
22.3142986,1.05e-06
22.324397693,1.05e-06
22.336019238,1.05e-06
22.438403982,1.232e-06
22.439293915,1.232e-06
22.449392254,1.232e-06
22.46102798,1.274e-06
22.563397573,1.252e-06
22.564293406,1.252e-06
22.574394324,1.252e-06
22.586030201,1.252e-06
22.688389685,1.038e-06
22.689285483,1.038e-06
22.699403022,4.25e-07
22.711018372,4.25e-07
22.81339443,4.25e-07
22.814292384,4.25e-07
22.824387296,8.2e-08
22.836013743,8.2e-08
22.938392553,8.2e-08
22.939275773,8.2e-08
22.949405282,-2.17e-07
22.961027584,-2.17e-07
23.063390213,-2.17e-07
23.06429051,-2.17e-07
23.074407255,-2.17e-07
23.086028008,-2.17e-07
23.188394382,-2.17e-07
23.189279698,-2.17e-07
23.199397914,7.75e-07
23.211018682,7.75e-07
23.313396786,7.75e-07
23.314290837,7.57e-07
23.324401272,7.57e-07
23.336016973,7.57e-07
23.438403334,7.57e-07
23.439298823,7.02e-07
23.449401138,6.91e-07
23.461014939,6.91e-07
23.563398212,6.91e-07
23.564289605,2.05e-07
23.574390661,2.05e-07
23.586016281,2.05e-07
23.688390097,2.05e-07
23.689274612,2.4e-08
23.699395106,2.4e-08
23.711027425,2.4e-08
23.813397363,-1.244e-06
23.814292331,-1.244e-06
23.824395875,-1.244e-06
23.836021263,-1.244e-06
23.938399797,-1.309e-06
23.939294984,-1.309e-06
23.949388904,-1.309e-06
23.961025988,-1.309e-06
24.063414372,-1.309e-06
24.064293736,-1.309e-06
24.074394939,-1.309e-06
24.086024918,-1.309e-06
24.18839124,-1.13e-07
24.189278694,2.94e-07
24.199405374,2.94e-07
24.211019421,2.94e-07
24.313390014,2.94e-07
24.314284284,6.33e-07
24.324401654,6.33e-07
24.336016216,6.33e-07
24.438386185,6.33e-07
24.439292352,6.88e-07
24.449400974,6.88e-07
24.461017733,6.88e-07
24.563389013,6.88e-07
24.564279015,1.51e-07
24.574398264,1.51e-07
24.586025948,1.51e-07
24.688397505,1.51e-07
24.689293387,1.51e-07
24.699403411,1.51e-07
24.71101105,1.51e-07
24.81339075,1.51e-07
24.814290922,1.58e-07
24.824404269,1.58e-07
24.836028755,1.58e-07
24.938378225,1.58e-07
24.939284517,-2.5e-08
24.94939497,-2.5e-08
24.961026143,-2.5e-08
25.063392669,-2.5e-08
25.064272895,6.53e-07
25.074406034,5.98e-07
25.086039982,5.98e-07
25.1883949,5.98e-07
25.189287975,5.98e-07
25.199407798,5e-07
25.211017014,5e-07
25.313408167,5e-07
25.314282837,5e-07
25.324404018,4.01e-07
25.336020404,4.01e-07
25.438391229,-5.66e-07
25.439290161,-5.66e-07
25.449399963,-5.66e-07
25.461014705,-5.66e-07
25.563382565,3.48e-07
25.564280854,3.48e-07
25.574406588,3.48e-07
25.586023965,4e-07
25.688395527,-8.44e-07
25.689290248,-8.44e-07
25.699408765,-8.44e-07
25.711026328,-8.44e-07
25.813390387,2.07e-07
25.814300107,2.07e-07
25.824402374,2.07e-07
25.836022504,2.07e-07
25.938388446,3.03e-07
25.939278774,3.03e-07
25.949395561,3.03e-07
25.961029863,3.03e-07
26.063400433,3.59e-07
26.064296177,3.59e-07
26.074403268,3.59e-07
26.086033046,3.89e-07
26.18839753,3.47e-07
26.189288192,3.47e-07
26.19939107,-2e-09
26.211016478,-2e-09
26.313394379,-2e-09
26.31429242,2.48e-07
26.324409309,2.5e-07
26.336018215,2.63e-07
26.438388353,2.69e-07
26.439277407,2.58e-07
26.449403181,2.04e-07
26.461025073,2.04e-07
26.563402712,2.04e-07
26.564284941,1.79e-07
26.574401742,2.61e-07
26.586019808,2.3e-07
26.688385312,2.1e-07
26.689276028,2.1e-07
26.699403114,1.94e-07
26.711018707,1.78e-07
26.813397819,2.25e-07
26.814280801,2.09e-07
26.824392481,2.47e-07
26.836022924,2.36e-07
26.9383956,2.36e-07
26.939286543,2.1e-07
26.949401664,1.71e-07
26.96101623,1.63e-07
27.063395126,1.26e-07
27.064285281,1.27e-07
27.074411106,1.34e-07
27.086017664,1.24e-07
27.188387537,4.3e-08
27.189294491,3.3e-08
27.199409158,1.5e-08
27.21100723,2e-09
27.313389025,9.9e-08
27.314287654,9.6e-08
27.324415619,6.9e-08
27.336023474,5.4e-08
27.438397498,1.29e-07
27.439291566,1.22e-07
27.449396813,-1.1e-07
27.461031995,-1.21e-07
27.563395266,-1.82e-07
27.564282555,-1.88e-07
27.574397634,3.6e-08
27.586018696,3.5e-08
27.688394688,-1.36e-07
27.689291432,-1.36e-07
27.699407307,-1.36e-07
27.711027123,-1.41e-07
27.813397999,-1.33e-07
27.814281105,-1.27e-07
27.824390008,-1.2e-07
27.836016454,-1.15e-07
27.93839558,-4.88e-07
27.939296192,-9e-08
27.949405492,-8e-08
27.961030661,-8.1e-08
28.063399875,-8.1e-08
28.064281311,-6.9e-08
28.07440922,3.5e-08
28.086024555,4.4e-08
28.188393824,2.74e-07
28.189282136,2.74e-07
28.199400773,2.79e-07
28.211018357,2.83e-07
28.313389647,2.94e-07
28.31428717,2.9e-07
28.324403504,1.92e-07
28.336015787,1.87e-07
28.438392862,5.51e-07
28.439279432,1.47e-07
28.449401345,1.44e-07
28.461023307,1.3e-07
28.563392578,7e-07
28.564281846,4.92e-07
28.574412625,4.85e-07
28.586020545,4.85e-07
28.688387702,5.9e-08
28.68928263,5.3e-08
28.699403626,5.3e-08
28.711026532,5.3e-08
28.813403874,1.81e-07
28.814269716,3.55e-07
28.824400367,3.31e-07
28.836027219,3.07e-07
28.938399267,3.07e-07
28.939287463,2.87e-07
28.949407539,2.58e-07
28.961031401,2.32e-07
29.063389552,-2.1e-07
29.064289949,-2.42e-07
29.074399279,-2.73e-07
29.086019668,-2.97e-07
29.188405671,-5.21e-07
29.189279869,-5.21e-07
29.199397503,-4.68e-07
29.211031185,-4.77e-07
29.313400978,-3.21e-07
29.314288151,-3.21e-07
29.324402264,-3.21e-07
29.336025997,-3.21e-07
29.43839153,-4.22e-07
29.439281696,-4.99e-07
29.449401063,-2.99e-07
29.461020379,-2.99e-07
29.563396232,-7e-08
29.564294998,-2.1e-07
29.574406271,-2.1e-07
29.58601893,-1.9e-07
29.688398362,-1.1e-08
29.689282713,-2.18e-07
29.699399727,1.03e-07
29.711007581,1.32e-07
29.813384089,1.32e-07
29.814279434,2.18e-07
29.824388851,4.97e-07
29.836023315,5.15e-07
29.938395333,3.73e-07
29.939269811,3.81e-07
29.949395224,8.3e-08
29.961013198,7.9e-08
30.06339595,8e-09
30.06429166,-9e-08
30.074415098,6.9e-08
30.08602762,2.6e-07
30.188391962,1.39e-07
30.189294478,3.8e-07
30.199399702,3.8e-07
30.211007142,3.67e-07
30.313398084,3.44e-07
30.314287425,5.59e-07
30.324400625,2.09e-07
30.336025118,8e-09
30.43839374,8e-09
30.439286678,-2.45e-07
30.449395019,-6.1e-07
30.461023565,-6.28e-07
30.563394617,-6.28e-07
30.564276463,-6.28e-07
30.574394929,-5.22e-07
30.58602557,-5.23e-07
30.688388288,-4.89e-07
30.689283711,-2.45e-07
30.699395913,-3.46e-07
30.711029068,-3.46e-07
30.813383739,-3.34e-07
30.814281245,-3.2e-07
30.824404246,-2.85e-07
30.836018765,-2.53e-07
30.938393048,-2.14e-07
30.939275783,-1.87e-07
30.949413519,-1.87e-07
30.961023808,-1.87e-07
31.063394787,-1.87e-07
31.064286862,-1.63e-07
31.074403831,-1.24e-07
31.086009236,-3.04e-07
31.188400195,-1.9e-08
31.189280175,2.16e-07
31.199419496,2.16e-07
31.211009119,2.54e-07
31.313387302,2.74e-07
31.314282221,2.88e-07
31.324412314,3e-07
31.336022514,3e-07
31.438387907,3e-07
31.43927899,3e-07
31.449400617,3.02e-07
31.461022747,3.03e-07
31.563389636,3e-07
31.564283651,2.95e-07
31.574403845,2.95e-07
31.586008435,4.97e-07
31.688395158,2.2e-07
31.68928677,-2.5e-08
31.699403124,-4.3e-08
31.711012585,-4.3e-08
31.813390787,-6.3e-08
31.814284113,-2.57e-07
31.824398401,-2.78e-07
31.836019357,-3.14e-07
31.938386607,-5.16e-07
31.939294345,-5.16e-07
31.949405406,-5.22e-07
31.96101723,-5.47e-07
32.0634054,-5.47e-07
32.064276586,-5.39e-07
32.074395821,-5.39e-07
32.086029153,-6.57e-07
32.188402446,-3.6e-07
32.189286686,2.46e-07
32.199412728,2.7e-07
32.211002868,2.7e-07
32.313395078,2.87e-07
32.314292277,1.22e-07
32.324408103,1.19e-07
32.336016257,1.51e-07
32.438393773,3.52e-07
32.439282013,4.67e-07
32.449405571,4.89e-07
32.461031653,3.39e-07
32.563394641,3.39e-07
32.564282546,-4.57e-07
32.574405091,-4.46e-07
32.586026462,-3.16e-07
32.688398696,-4.8e-07
32.689275376,-4.76e-07
32.699391054,-4.6e-07
32.71103011,-3.67e-07
32.81339846,-8e-07
32.814283248,-8e-07
32.824395954,-9.73e-07
32.836022479,-9.73e-07
32.938390369,-9.49e-07
32.939284913,-5.57e-07
32.949415494,-3.64e-07
32.961029768,-3.54e-07
33.063388478,-2.25e-07
33.064278439,-1.14e-07
33.074391316,-6.9e-08
33.086023167,9e-08
33.188381175,4.32e-07
33.189289538,5.51e-07
33.19939435,5.88e-07
33.211009493,6.21e-07
33.313397675,5.2e-07
33.314289486,6.16e-07
33.324413339,6.16e-07
33.336014394,6.19e-07
33.43840052,6.19e-07
33.439284256,6.19e-07
33.449409462,6.19e-07
33.461010769,7.14e-07
33.563388415,7.36e-07
33.564286167,7.15e-07
33.574398943,6.87e-07
33.586023346,5.91e-07
33.688388412,5.58e-07
33.689296202,4.33e-07
33.699399352,3.86e-07
33.711021386,3.01e-07
33.81339404,1.36e-07
33.814285403,1.2e-08
33.824415157,-5.5e-08
33.836021041,-2.95e-07
33.938389377,-4.47e-07
33.93927283,-4.81e-07
33.949411471,-5.11e-07
33.961034348,-5.49e-07
34.063384117,-5.15e-07
34.06427956,-5.15e-07
34.074408962,-5.16e-07
34.086029494,-7.28e-07
34.188402168,-8.36e-07
34.189285451,-8.36e-07
34.199407391,-8.36e-07
34.211027108,-8.36e-07
34.313392594,-6.75e-07
34.314271766,-6.51e-07
34.324401045,-6.11e-07
34.33601757,-3.93e-07
34.438393067,-3.35e-07
34.439272398,-2.89e-07
34.449406726,-2.32e-07
34.461012046,-2.71e-07
34.563395955,-1.18e-07
34.564281715,-7.5e-08
34.574395685,-2.6e-08
34.586017288,1.9e-08
34.688390254,-5.3e-08
34.689284612,-1.5e-08
34.699396111,2e-08
34.711019556,3.16e-07
34.813402558,4.09e-07
34.814294704,4.24e-07
34.824403636,4.24e-07
34.83601737,4.5e-07
34.938394497,4.45e-07
34.939282144,4.45e-07
34.94940209,4.31e-07
34.961015845,4.02e-07
35.063398341,4.07e-07
35.064281421,3.98e-07
35.074404939,3.83e-07
35.086012697,3.83e-07
35.188393518,3.59e-07
35.189278858,3.59e-07
35.199414695,3.33e-07
35.211019305,2.98e-07
35.313389698,2.9e-07
35.314273566,2.45e-07
35.324397854,2.1e-07
35.336019491,1.76e-07
35.438398801,1.42e-07
35.439278853,9.8e-08
35.449398305,9.8e-08
35.461018679,8.2e-08
35.563396731,-1.36e-07
35.564291685,-1.71e-07
35.574410703,-2.03e-07
35.586031742,-2.74e-07
35.68838382,-2.74e-07
35.68930076,8.1e-08
35.699394033,6.3e-08
35.711022823,1.38e-07
35.813399072,1.39e-07
35.814297783,-2.09e-07
35.824411398,-2.09e-07
35.836028279,-2.1e-07
35.938406628,-6e-09
35.939279374,8.3e-08
35.949406174,8.4e-08
35.961013202,9e-09
36.063397415,2.3e-08
36.064294248,2.8e-08
36.074417631,-2.7e-08
36.086020465,-1.6e-08
36.188393856,2.4e-07
36.189293316,2.4e-07
36.199406457,2.5e-07
36.211017802,3.25e-07
36.313389997,3.23e-07
36.314299789,2.58e-07
36.324407967,3.48e-07
36.336029334,3.37e-07
36.438391203,7.6e-08
36.439289263,5.7e-08
36.449411894,9.8e-08
36.461011226,1e-07
36.563392313,8.7e-08
36.564295214,-5.44e-07
36.574392885,-5.59e-07
36.58602021,-5.59e-07
36.6884013,-5.74e-07
36.689288491,-5.76e-07
36.699395502,-5.13e-07
36.711026205,-4.96e-07
36.813395789,-4.96e-07
36.814287612,1.11e-07
36.824388127,3.2e-08
36.836024933,1.76e-07
36.938399183,1.81e-07
36.939289558,1.81e-07
36.949400392,1.81e-07
36.96102899,1.69e-07
37.06339235,3.32e-07
37.064296895,3.53e-07
37.074400549,3.86e-07
37.086025268,2.82e-07
37.188391059,2.82e-07
37.189286715,2.82e-07
37.199393446,2.82e-07
37.211032623,2.93e-07
37.313399326,2.88e-07
37.314282397,2.87e-07
37.324404049,2.35e-07
37.336028224,3.65e-07
37.438395246,1e-09
37.439282501,-1.2e-08
37.449408173,-3.8e-08
37.461018424,-2.11e-07
37.563398185,-3.72e-07
37.564281392,-3.94e-07
37.574403159,-4.36e-07
37.586023557,-4.36e-07
37.688397795,-8.75e-07
37.689283659,-8.86e-07
37.699404207,-8.9e-07
37.711025477,-1.111e-06
37.813401253,-6.72e-07
37.814287797,-6.72e-07
37.824399446,-6.72e-07
37.836024439,-6.5e-07
37.93840042,-5.97e-07
37.939292631,-4.73e-07
37.949408596,-4.27e-07
37.961023265,-4.27e-07
38.063396637,-2.24e-07
38.06428971,-2.24e-07
38.074403542,-1.6e-07
38.086031869,-1.07e-07
38.188394776,2.09e-07
38.189274653,2.64e-07
38.199403491,4.57e-07
38.211012473,6.74e-07
38.313389098,8.62e-07
38.314282971,7.92e-07
38.324402288,1.013e-06
38.336019293,1.013e-06
38.438383503,5.49e-07
38.439286677,4.39e-07
38.449397277,2.19e-07
38.461020389,6.3e-08
38.563387499,1.58e-07
38.564281638,3.6e-08
38.574401472,1.5e-07
38.586009189,1.29e-07
38.688404577,2.92e-07
38.689280121,3.72e-07
38.699401065,5.14e-07
38.711019222,2.65e-07
38.813395571,6.4e-08
38.814285282,6.4e-08
38.824392022,1.3e-07
38.83602808,-1.36e-07
38.938382311,-1.8e-07
38.939286386,-9.5e-08
38.949410091,-3.46e-07
38.961018073,-1.41e-07
39.063391419,-7.3e-08
39.064287791,-7.5e-08
39.074395131,-6.7e-08
39.086024913,8e-08
39.188402863,4.4e-08
39.189284555,4.4e-08
39.199400174,-8.8e-08
39.211020272,-9.7e-08
39.313401282,-9.7e-08
39.314285043,-9.6e-08
39.324406261,-2.79e-07
39.336011254,-1.9e-08
39.43838085,1.2e-08
39.439272353,1.2e-08
39.44940504,1e-08
39.461020546,1e-08
39.563407032,-7e-09
39.564286357,-2e-09
39.574402675,-2e-09
39.586014613,0
39.688400839,6e-09
39.689276211,1.2e-08
39.69940761,3e-09
39.711017441,3e-09
39.813387824,-4.6e-08
39.814285256,-4.6e-08
39.824416677,-5.2e-08
39.836026537,-5.1e-08
39.938381378,-5.3e-08
39.93927273,-5.1e-08
39.949409013,-5.2e-08
39.96102468,-5.2e-08
40.063395657,-4.7e-08
40.064294765,-5.1e-08
40.074403173,-5.1e-08
40.0860239,-5.1e-08
40.188403141,1.69e-07
40.189282402,4.04e-07
40.199402712,5.07e-07
40.211024807,5.04e-07
40.313390148,4.2e-08
40.314291943,-1.3e-07
40.324400708,-1.38e-07
40.336015504,-1.42e-07
40.438395822,3.09e-07
40.439289981,3.09e-07
40.449403986,5.8e-08
40.461016685,5.4e-08
40.563394201,3.8e-08
40.564297798,3e-08
40.57440128,3.32e-07
40.586016609,3.24e-07
40.688398173,1.75e-07
40.689279029,1.63e-07
40.69941102,4.6e-08
40.711010716,3.8e-08
40.813382681,-7.8e-08
40.814289337,-1.58e-07
40.824405386,-2.26e-07
40.836016009,-3.2e-07
40.938383204,-2.03e-07
40.939291333,-2.03e-07
40.949404116,-2.08e-07
40.961013353,-2.08e-07
41.063395103,-7.3e-08
41.064283752,-7.3e-08
41.074406204,-6.2e-08
41.08601556,2.8e-08
41.188384714,-3.9e-08
41.189280987,-4.3e-08
41.199409744,-4.3e-08
41.211015472,-3.5e-08
41.313387742,-1.2e-08
41.314281135,-7e-09
41.324413191,-7e-09
41.336024007,-2e-09
41.438388047,6.9e-08
41.439280427,8.1e-08
41.449405131,9.1e-08
41.461021101,9.5e-08
41.563388934,2.97e-07
41.564282664,2.32e-07
41.574403884,1.22e-07
41.586020898,1.22e-07
41.688387162,-2.18e-07
41.689285135,-2.24e-07
41.699409295,-2.24e-07
41.711032178,-2.29e-07
41.813393283,-2e-07
41.814290115,-5.1e-08
41.824409875,-5e-08
41.83602645,-5.1e-08
41.938389448,2.68e-07
41.939290614,2.03e-07
41.949406858,6.3e-07
41.961018719,6.37e-07
42.063399515,6.36e-07
42.064300023,5.39e-07
42.074415219,5.26e-07
42.086010006,5.07e-07
42.188382889,1.55e-07
42.189271608,1.7e-08
42.199409472,1.7e-08
42.211029368,1.7e-08
42.313384738,-6e-09
42.314284122,-2.5e-08
42.324407813,-2.66e-07
42.336027351,-2.86e-07
42.438379272,-4.9e-08
42.439281748,-5.1e-08
42.449402684,-6.5e-08
42.461024536,-8.3e-08
42.56338952,-3.65e-07
42.56428959,-1.8e-07
42.574403026,-2.63e-07
42.586022411,-2.64e-07
42.688392039,-5.05e-07
42.689282889,-5.05e-07
42.699401542,-5.02e-07
42.711011846,-5.02e-07
42.81339489,-2.48e-07
42.814282511,-2.48e-07
42.82439915,-2.34e-07
42.836009262,-2.16e-07
42.938403761,-1.78e-07
42.939283197,-1.61e-07
42.949401865,-1.75e-07
42.961022513,-1.51e-07
43.063389037,-1.9e-07
43.064285454,-1.68e-07
43.074397826,-1.57e-07
43.086015878,-1.35e-07
43.188387535,-1.06e-07
43.189285585,-8.3e-08
43.199404735,-4.9e-08
43.211018178,-4.9e-08
43.313394825,-4.9e-08
43.31428815,-3e-08
43.324412198,-3.14e-07
43.336013608,-3.94e-07
43.43839688,-3.74e-07
43.439284051,-3.68e-07
43.449408564,-3.47e-07
43.461033089,-3.43e-07
43.563392505,-3.21e-07
43.564292363,-3.08e-07
43.574410472,1.5e-08
43.586024093,2.7e-08
43.688404431,-5.8e-08
43.689279761,-6.4e-08
43.699410867,-5.3e-08
43.711027739,-3.2e-08
43.813387708,-1.1e-08
43.814286834,1e-08
43.824393421,1.2e-08
43.836026102,1.27e-07
43.938387009,3.24e-07
43.939286021,2.45e-07
43.949411644,2.5e-07
43.961010745,2.62e-07
44.063389508,1.1e-07
44.064276482,1.19e-07
44.074395249,1.19e-07
44.08600962,1.19e-07
44.188396679,-6.8e-08
44.189294376,-7.8e-08
44.19939909,-9.1e-08
44.21102246,-1.01e-07
44.313393343,2.8e-08
44.314286166,1.15e-07
44.324401516,1.05e-07
44.336026826,9.2e-08
44.438397541,2.3e-08
44.439291308,9e-09
44.449402483,3e-09
44.461007501,5.4e-08
44.563391259,5.4e-08
44.564294903,5.4e-08
44.574400674,5.4e-08
44.586018006,-8e-09
44.68840065,1.66e-07
44.689299739,1.57e-07
44.699401052,1.53e-07
44.711013226,1.54e-07
44.813386496,1.54e-07
44.814281139,-9e-09
44.824389877,-1.7e-08
44.836011112,-2.4e-08
44.938384304,-2.3e-08
44.939287701,-2.8e-08
44.949400906,-2.6e-08
44.961019286,-3.2e-08
45.063389161,-2.8e-08
45.064292911,-2.8e-08
45.074405906,1.76e-07
45.086013462,1.76e-07
45.188392021,1.4e-07
45.189286437,1.39e-07
45.199398205,1.31e-07
45.211007789,2.86e-07
45.31337515,2.86e-07
45.31428677,3.86e-07
45.324410736,3.75e-07
45.336017825,6.47e-07
45.438388127,4.3e-07
45.439285869,4.92e-07
45.449403388,5.54e-07
45.461028392,5.32e-07
45.563385799,4.99e-07
45.56428393,4.61e-07
45.574404869,2.43e-07
45.586024577,2.43e-07
45.688401457,3.41e-07
45.689281127,2.92e-07
45.699402925,1.95e-07
45.711027428,-4e-09
45.813400575,1.95e-07
45.814281201,1.38e-07
45.824403439,1.07e-07
45.836022182,-5.1e-08
45.938397235,-1.93e-07
45.939291342,-3.83e-07
45.949400175,-3.09e-07
45.961018319,-8.14e-07
46.063403564,-7.94e-07
46.06429239,-7.94e-07
46.074407771,-8.83e-07
46.086022017,-8.78e-07
46.188394242,-8.94e-07
46.189286343,-8.79e-07
46.199393279,-8.48e-07
46.211019075,-8.08e-07
46.313385485,-8.08e-07
46.314276352,-7.67e-07
46.324399216,-7.22e-07
46.336028682,-3.18e-07
46.438397104,-2.56e-07
46.439289853,1.1e-08
46.449399512,6e-08
46.461022921,-1.92e-07
46.563393573,-5.73e-07
46.564287253,-5.29e-07
46.57440045,-5.29e-07
46.586023549,-2.77e-07
46.688392278,-2.31e-07
46.689279067,-2e-07
46.699395818,-1.59e-07
46.711006684,-1.18e-07
46.813393348,3.29e-07
46.814282564,3.29e-07
46.824394595,3.29e-07
46.836017482,3.62e-07
46.938396582,3.74e-07
46.939282346,3.84e-07
46.949401584,4.73e-07
46.961023688,2.21e-07
47.063388464,2.13e-07
47.064280254,2.16e-07
47.07441113,2.21e-07
47.086018109,4.72e-07
47.188392844,5.81e-07
47.18929284,5.86e-07
47.199410256,5.03e-07
47.211007766,5.16e-07
47.313393847,5e-07
47.314287834,4.73e-07
47.32439901,4.4e-07
47.336019447,3.98e-07
47.438398853,2.81e-07
47.439285191,2.81e-07
47.449401738,2.81e-07
47.461026925,5.02e-07
47.563400053,5.14e-07
47.564301081,4.72e-07
47.574418219,4.29e-07
47.586028664,4.29e-07
47.688390349,4.02e-07
47.689282693,3.62e-07
47.699401205,3.17e-07
47.711023989,2.79e-07
47.813384187,2.11e-07
47.814280722,1.82e-07
47.824407576,1.82e-07
47.836020067,8e-08
47.938389638,4.1e-08
47.939279688,1.9e-08
47.949406662,-1.9e-08
47.961023115,-2.4e-08
48.063392868,-4.2e-08
48.064278981,-6.1e-08
48.074401455,-6e-08
48.086011165,-2.48e-07
48.188395699,-2.48e-07
48.189292959,-2.48e-07
48.199414759,-2.67e-07
48.211023983,-9.1e-08
48.313402064,-9.2e-08
48.31428565,-9.8e-08
48.324411728,-1.01e-07
48.336021833,-1.9e-08
48.438398576,-1.7e-08
48.439286047,-1.1e-08
48.449403571,-1.1e-08
48.461015548,-1.99e-07
48.563400469,-1.96e-07
48.564288908,-1.83e-07
48.574412385,-1.83e-07
48.586018056,-1.95e-07
48.688400243,-1.81e-07
48.689293675,-1.67e-07
48.699395611,-1.46e-07
48.711016339,-1.34e-07
48.813396471,-1.5e-07
48.81428297,-1.5e-07
48.824398907,1.23e-07
48.836015374,6e-08
48.938381616,7.1e-08
48.939288673,7.7e-08
48.949405793,4.12e-07
48.961014483,3.4e-07
49.063387549,3.4e-07
49.064295796,3.39e-07
49.07440982,6.9e-08
49.086019636,1.28e-07
49.188397023,-2.7e-08
49.189289425,3.85e-07
49.199413039,3.85e-07
49.211019326,3.19e-07
49.313387133,3.2e-07
49.314287604,3.15e-07
49.324400315,3.92e-07
49.336016012,3.69e-07
49.438386949,5.08e-07
49.439289194,9.26e-07
49.449404374,5.01e-07
49.46102904,4.79e-07
49.563386915,4.32e-07
49.564282827,4.57e-07
49.574409049,3.38e-07
49.586021658,1.26e-07
49.68839528,9.7e-08
49.689281644,8.2e-08
49.699389905,5.6e-08
49.711015949,5.6e-08
49.813390865,5.6e-08
49.814294724,-3.87e-07
49.824410276,-3.29e-07
49.836026332,-9.1e-08
49.938395758,-1.04e-07
49.93927789,-1.19e-07
49.949408668,-1.26e-07
49.961019679,-3.42e-07
50.063410568,-3.42e-07
50.064292724,-8.18e-07
50.074416918,-8.11e-07
50.086025346,-6.82e-07
50.188390623,-6.77e-07
50.189275867,-6.77e-07
50.199404698,-6.69e-07
50.211020599,-4.45e-07
50.313381593,-4.46e-07
50.314286922,-4.27e-07
50.324409719,-4.07e-07
50.336019876,-4.07e-07
50.438392276,-3.85e-07
50.439288243,-3.52e-07
50.449407687,-3.12e-07
50.461016399,-1.15e-07
50.56338634,-7.5e-08
50.564286726,-4e-08
50.574391771,-1.1e-08
50.586021413,7e-09
50.688391867,-4.43e-07
50.689285989,-4.43e-07
50.699389583,-4.19e-07
50.711017838,-5.09e-07
50.813393904,-4.88e-07
50.814286692,-4.55e-07
50.82440074,-4.35e-07
50.836015077,-4.22e-07
50.938394338,9.5e-08
50.939286975,7.2e-08
50.949398954,9.4e-08
50.961009933,-3.2e-08
51.063398801,-3e-09
51.064281065,-3e-09
51.074411433,1.21e-07
51.086013039,1.12e-07
51.188392388,4.8e-08
51.189277473,6.8e-08
51.199408498,7.1e-08
51.211013628,8e-08
51.313385825,1.33e-07
51.314277875,1.79e-07
51.32440887,4.63e-07
51.336015717,4.69e-07
51.438383887,4.86e-07
51.439287548,4.45e-07
51.449412167,4.45e-07
51.461022815,4.56e-07
51.563401954,4.33e-07
51.564284316,4.05e-07
51.574409934,3.8e-07
51.586022555,3.7e-07
51.688398738,3.17e-07
51.6892859,2.3e-07
51.699400239,-2.41e-07
51.711020031,-2.72e-07
51.813380897,-2.19e-07
51.814285223,-2.42e-07
51.824415417,-1.26e-07
51.836029276,-1.53e-07
51.938387266,-3.83e-07
51.939279141,-3.83e-07
51.949405383,-6.21e-07
51.961014044,-6.4e-07
52.063399802,-5.69e-07
52.064286085,-4.97e-07
52.074396866,-3.59e-07
52.086020413,-3.59e-07
52.18839368,-3.37e-07
52.189290286,-2.77e-07
52.199393045,-1.75e-07
52.211025974,-1.75e-07
52.313390246,6.3e-08
52.314297181,8e-08
52.32441147,2.08e-07
52.336012978,2.32e-07
52.43838881,1.72e-07
52.439282624,1.85e-07
52.449410883,7e-08
52.461014557,7.8e-08
52.563394593,1.39e-07
52.564283864,1.54e-07
52.574393734,3.7e-07
52.586022282,3.83e-07
52.688399923,3.22e-07
52.68928633,3.22e-07
52.69939824,1.05e-07
52.711015973,1.12e-07
52.813378645,9.5e-08
52.814291887,9.5e-08
52.824390454,6.6e-08
52.836013399,7.2e-08
52.938383311,3.9e-08
52.939287876,-8.5e-08
52.949393561,-1.11e-07
52.961010956,-1.33e-07
53.063387062,2.3e-07
53.064292872,2.19e-07
53.074409585,-1.62e-07
53.086014697,-1.4e-07
53.188392325,-1.4e-07
53.189281263,-1.48e-07
53.199411377,-1.48e-07
53.211016273,-1.59e-07
53.313383479,-1.4e-07
53.314281336,-1.4e-07
53.324413022,2.71e-07
53.336014814,2.58e-07
53.438390375,2.42e-07
53.4392809,3.54e-07
53.44940569,3.45e-07
53.461024879,2.6e-07
53.563397957,2.72e-07
53.564289583,2.72e-07
53.574413485,2.8e-07
53.586024717,3.58e-07
53.688389052,-4.1e-08
53.689286058,-4.6e-08
53.69940851,-4.6e-08
53.711021378,-4.6e-08
53.813390607,-6.7e-08
53.814285189,-7.7e-08
53.824412774,-1.3e-07
53.836021411,-4.5e-08
53.938387876,-5e-08
53.939285952,-6.4e-08
53.949402872,-7.2e-08
53.961011888,-8.7e-08
54.06340857,-7.7e-08
54.064302283,-8.5e-08
54.074405987,-8.8e-08
54.086013254,-8.2e-08
54.188392726,-8.3e-08
54.189280331,-1.65e-07
54.199409807,-1.74e-07
54.211021553,-1.72e-07
54.313391422,-1.63e-07
54.314277503,-1.62e-07
54.324403446,-1.54e-07
54.336032062,-2.37e-07
54.438394491,-2.37e-07
54.439291054,-5.96e-07
54.449413385,-6.53e-07
54.461027547,-6.69e-07
54.563382962,-7.92e-07
54.564276699,-3.91e-07
54.574403005,-4.79e-07
54.586028411,-6.54e-07
54.688389573,-6.13e-07
54.689286019,-5.69e-07
54.699395139,-5.28e-07
54.711021981,-7.93e-07
54.813390675,-7.46e-07
54.814292439,-1.44e-07
54.824406898,-2.9e-08
54.836023668,-2e-08
54.938384601,-1e-09
54.939282062,-2.56e-07
54.949394185,-4.27e-07
54.961019452,-3.8e-07
55.063386179,-1.98e-07
55.064292018,2.18e-07
55.074403156,1.53e-07
55.086020506,4.81e-07
55.18839608,4.81e-07
55.189283825,8.3e-08
55.19939541,4.4e-08
55.211017644,-1.52e-07
55.313391848,-4e-08
55.314287378,-4e-08
55.324401656,-2.7e-08
55.336024511,4.1e-07
55.438397575,2.48e-07
55.439273292,6.2e-08
55.449389976,5.6e-08
55.461026626,5.2e-08
55.563391629,-3.15e-07
55.56428208,-3.32e-07
55.574402053,-1.63e-07
55.586024233,-8.2e-08
55.688389045,-1.55e-07
55.68928068,-1.55e-07
55.699402497,9.1e-08
55.711024812,5e-09
55.813389401,1.5e-07
55.814284819,-1.06e-07
55.824401523,-1.06e-07
55.836020382,-1.06e-07
55.938390527,-1.06e-07
55.939283237,1.42e-07
55.949401659,1.42e-07
55.961020359,1.34e-07
56.063397823,3.63e-07
56.064282685,3.59e-07
56.07440338,3.61e-07
56.086038544,3.56e-07
56.188383982,3.56e-07
56.189293399,3.55e-07
56.199401714,3.5e-07
56.211015235,3.4e-07
56.313390015,3.17e-07
56.314290656,3e-07
56.324409025,3.04e-07
56.336020891,2.87e-07
56.438387604,2.66e-07
56.43928712,2.66e-07
56.449407785,4.55e-07
56.461019921,4.42e-07
56.563388771,4.42e-07
56.564288357,4.28e-07
56.574401755,4.12e-07
56.586017981,3.8e-07
56.688383732,4.03e-07
56.68927176,4.03e-07
56.699396259,3.7e-07
56.711018847,3.7e-07
56.81339306,3.7e-07
56.814290896,3.6e-07
56.824405951,3.28e-07
56.836018384,2.93e-07
56.938393372,-2e-09
56.93928543,3.39e-07
56.949403622,3.39e-07
56.961025642,2.95e-07
57.063386435,2.55e-07
57.064289887,2.23e-07
57.074399438,-2.9e-08
57.086029183,-2.9e-08
57.188378929,-2.9e-08
57.18928661,-7.3e-08
57.199401066,1.48e-07
57.211023748,1.24e-07
57.313398539,1.6e-07
57.31428059,1.61e-07
57.324400072,1.4e-07
57.336018058,1.4e-07
57.438390969,3.77e-07
57.439287365,3.65e-07
57.449399709,3.65e-07
57.461015329,3.5e-07
57.563400648,3.5e-07
57.564278979,-4.5e-08
57.574412663,-3.11e-07
57.586018367,-3.2e-07
57.688391432,-3.23e-07
57.689279264,-1.8e-08
57.699408804,-2e-08
57.711010896,-2.6e-08
57.813397609,5.5e-08
57.81428747,5.1e-08
57.824402872,5.1e-08
57.836016437,4.2e-08
57.938383428,-1.34e-07
57.939289082,-3.36e-07
57.949410694,-3.41e-07
57.961012296,-5.44e-07
58.063385724,-2.94e-07
58.064290664,-1.86e-07
58.074399858,-1.69e-07
58.086019654,-1.69e-07
58.188398254,-1.69e-07
58.189288772,-1.59e-07
58.199408263,-1.41e-07
58.211027879,-2.59e-07
58.313399113,1.76e-07
58.314292361,8.5e-08
58.324406143,1e-07
58.33600938,1.09e-07
58.438409053,-4.5e-08
58.439297726,-4.5e-08
58.449404235,-4.8e-08
58.461014255,-3.4e-08
58.563391837,1.09e-07
58.564302531,1.9e-08
58.574407227,2.7e-08
58.586007747,3.61e-07
58.688391071,-7.2e-08
58.689273834,-8.2e-08
58.699408467,-8.2e-08
58.711027029,-7.4e-08
58.813382412,-7.4e-08
58.814281988,-7.5e-08
58.824412826,-7.9e-08
58.836013854,-7.8e-08
58.938391509,-2.22e-07
58.939281584,-2.22e-07
58.949401571,-2.23e-07
58.961029296,-2.25e-07
59.063399825,-2.23e-07
59.06427723,-2.18e-07
59.07440251,-2.03e-07
59.086020647,-2.05e-07
59.188393227,-2.09e-07
59.189280695,-2.07e-07
59.19940783,-2.31e-07
59.211017438,-2.31e-07
59.313402485,-2.13e-07
59.314276889,-2.16e-07
59.324398104,-1.98e-07
59.33601367,-1.92e-07
59.438401942,-1.63e-07
59.439286005,-1.48e-07
59.449397451,-1.21e-07
59.46102213,-1.68e-07
59.563393489,-1.68e-07
59.564288323,-2.71e-07
59.574405426,-2.53e-07
59.586010124,-2.37e-07
59.688381291,-2.74e-07
59.689294942,-4.61e-07
59.699413128,-4.46e-07
59.711024665,-3.76e-07
59.813390994,-4.17e-07
59.814270714,-4.07e-07
59.824395942,-3.9e-07
59.836015972,-3.7e-07
59.938393175,-4.54e-07
59.939292918,-3.26e-07
59.949397387,-3.02e-07
59.961021524,-2.86e-07
60.064292383,-2.63e-07
60.074398141,-2.63e-07
60.086032872,-2.36e-07
60.189287385,-4e-09
60.19939605,1.4e-08
60.211026626,3.93e-07
60.314290928,4.1e-07
60.324397991,4.27e-07
60.336024749,4.37e-07
60.439287693,4.37e-07
60.449392713,4.37e-07
60.461020412,4.37e-07
60.564281646,4.27e-07
60.574402432,4.19e-07
60.586026505,1.84e-07
60.689282262,1.57e-07
60.699402087,1.32e-07
60.711036863,1.21e-07
60.814280724,9.2e-08
60.824413645,6.5e-08
60.836008553,-7.5e-08
60.939286117,-5e-09
60.949414524,-2.6e-08
60.96101571,1.45e-07
61.06427063,2.81e-07
61.074410096,2.69e-07
61.086021216,2.43e-07
61.189283684,2.43e-07
61.199402139,2.25e-07
61.211017951,2e-08
61.314292813,3.5e-08
61.324412164,2.9e-08
61.336015528,2.9e-08
61.439288966,2.6e-08
61.449410969,2.2e-08
61.461025178,-1e-09
61.564292319,-1e-09
61.574400637,-1e-09
61.586024133,-3e-09
61.689294818,-1.2e-08
61.699403207,-2e-08
61.711024355,-2.36e-07
61.814287187,-2.5e-07
61.824400515,-2.45e-07
61.836022653,-2.41e-07
61.939297261,-2.68e-07
61.949399122,-2.68e-07
61.961026485,-2.56e-07
62.064288887,-2.52e-07
62.074413848,-2.38e-07
62.086022609,-1.2e-08
62.189296482,-1.2e-08
62.199401295,3e-09
62.211030541,7e-09
62.314289078,3e-08
62.324404796,3.9e-08
62.336027799,4.6e-08
62.439282034,5.9e-08
62.449405249,6.2e-08
62.461014434,6.2e-08
62.564283208,9.8e-08
62.574401846,9.5e-08
62.586026282,9.5e-08
62.689274535,8.9e-08
62.699406056,8.6e-08
62.711021916,-1.11e-07
62.814286794,-1.06e-07
62.824416206,-1.1e-07
62.836022352,-1e-07
62.939279635,-1.02e-07
62.949402751,-1.09e-07
62.961028363,-1.06e-07
63.064279019,-1.06e-07
63.074396154,-2.81e-07
63.086028705,-2.81e-07
63.189289366,-2.75e-07
63.199409544,-2.75e-07
63.211020256,-2.75e-07
63.314289637,-2.51e-07
63.324404166,-2.28e-07
63.336026459,-5e-09
63.439300093,1.4e-08
63.449391643,4.2e-08
63.461024576,4.9e-08
63.564276483,6.3e-08
63.574400543,2.62e-07
63.586010324,2.81e-07
63.689289643,2.81e-07
63.69939242,2.82e-07
63.71101847,1.47e-07
63.81429272,1.47e-07
63.824399251,1.47e-07
63.836020649,2.6e-07
63.939276893,5.52e-07
63.949395393,5.4e-07
63.96100478,5.13e-07
64.064288321,5.04e-07
64.074410085,4.78e-07
64.08602365,4.51e-07
64.18927927,4.22e-07
64.199404525,3.8e-07
64.211021918,2.67e-07
64.31428322,-8e-08
64.324400132,-2.98e-07
64.336020341,-2.34e-07
64.439283055,-2.8e-07
64.449401939,-3.04e-07
64.461012059,-3.31e-07
64.564284378,-3.5e-07
64.574410452,-3.5e-07
64.586021946,-3.5e-07
64.689279567,-3.5e-07
64.69939646,-1.57e-07
64.711032052,-2.11e-07
64.814289028,-1.9e-07
64.824401901,-1.72e-07
64.836008932,-1.13e-07
64.939288049,-8.8e-08
64.949414419,-6.3e-08
64.961009309,-7.6e-08
65.064280036,-5.1e-08
65.07441596,-3.5e-08
65.086011342,6.9e-08
65.189285667,7.5e-08
65.199404738,1.98e-07
65.211019558,2.08e-07
65.314282595,2.09e-07
65.324415658,2.13e-07
65.33601948,2.64e-07
65.439285647,2.64e-07
65.449402667,2.64e-07
65.461017302,2.57e-07
65.564281898,3.25e-07
65.574407449,3.11e-07
65.586028794,5.18e-07
65.689268977,5.54e-07
65.699394077,4.12e-07
65.711028901,3.15e-07
65.814283845,3.04e-07
65.824396482,2.65e-07
65.836020048,4.11e-07
65.939278825,2.61e-07
65.949397937,2.21e-07
65.961024022,1.91e-07
66.064297001,1.34e-07
66.074417064,1.09e-07
66.086022011,5.23e-07
66.189283135,-2.54e-07
66.199405,-2.8e-07
66.21101496,-6.76e-07
66.314288032,-6.76e-07
66.324396346,-7.04e-07
66.336025195,-4.7e-08
66.439276656,-9e-08
66.449400661,-9e-08
66.461029831,-7.8e-07
66.56429568,-6.8e-07
66.574401824,-6.61e-07
66.58601365,-6.38e-07
66.689277743,-6.04e-07
66.699402155,-6.07e-07
66.711020781,-1.021e-06
66.814285948,-5.68e-07
66.82439937,-4.97e-07
66.836009066,-4.08e-07
66.939272312,-3.62e-07
66.94939613,-2.72e-07
66.961025652,-4.24e-07
67.064285524,-4.24e-07
67.074397637,-4.81e-07
67.086028381,-3.29e-07
67.18926969,-2.49e-07
67.19940201,-7.7e-08
67.211022501,-4e-09
67.314287977,5.6e-08
67.324410878,-5.8e-08
67.336019834,7e-09
67.439279793,3.27e-07
67.449412218,2.39e-07
67.461032011,1.54e-07
67.564278838,1.54e-07
67.574394827,1.75e-07
67.58602782,5.22e-07
67.689273883,5.22e-07
67.699400743,7.31e-07
67.711015848,7.24e-07
67.814279323,7.06e-07
67.824405495,7.06e-07
67.836026062,4.33e-07
67.93928883,3.46e-07
67.949409883,7.55e-07
67.961011477,6.92e-07
68.064297389,-2.6e-08
68.074401626,-2.6e-08
68.086018722,-2.6e-08
68.189286456,-2.18e-07
68.19941205,-2.18e-07
68.211016362,-2.18e-07
68.314287922,-2.95e-07
68.324412151,-2.95e-07
68.336012906,-2.95e-07
68.439281416,-3.8e-07
68.449405585,-3.8e-07
68.461024229,-3.8e-07
68.564284794,-3.8e-07
68.574408532,-3.82e-07
68.586021495,-3.82e-07
68.68929547,-4.83e-07
68.699405737,-4.83e-07
68.71102011,-4.83e-07
68.814287426,-5.89e-07
68.824415523,-6.78e-07
68.836015223,-6.78e-07
68.939289015,-6.78e-07
68.949397846,-7.19e-07
68.961014131,-7.19e-07
69.064281497,-7.19e-07
69.074409646,-7.19e-07
69.086021295,-7.19e-07
69.18928793,-7.44e-07
69.199412797,-7.69e-07
69.211019596,-7.69e-07
69.314285116,-7.69e-07
69.324418338,-7.79e-07
69.336024178,-7.79e-07
69.43929025,-7.79e-07
69.449403817,-7.64e-07
69.461013266,-8.23e-07
69.564277225,-8.23e-07
69.574408205,-1.69e-06
69.586011221,-1.69e-06
69.689282934,-1.69e-06
69.699411965,-8.16e-07
69.711018778,-9.04e-07
69.814280722,-9.04e-07
69.824399542,-9.04e-07
69.836010744,-8.09e-07
69.939283834,-8.09e-07
69.94939892,-8.09e-07
69.961031081,-6.63e-07
70.064298629,-6.63e-07
70.074412808,-6.63e-07
70.086024727,-6.63e-07
70.189279983,-6.63e-07
70.199401134,-6.63e-07
70.211018001,-5.35e-07
70.314298149,-5.35e-07
70.324404542,-5.35e-07
70.336024041,-1.076e-06
70.439291792,-1.076e-06
70.449401849,-1.076e-06
70.461024187,-1.049e-06
70.564278781,-1.049e-06
70.574399732,-1.049e-06
70.586017281,-1.049e-06
70.689283104,-1.049e-06
70.699403386,-1.049e-06
70.711006733,-7.03e-07
70.814293617,-3.33e-07
70.824405306,-4.83e-07
70.836023698,-4.83e-07
70.939288949,-7.04e-07
70.949399724,-7.04e-07
70.961017962,-7.04e-07
71.064278208,-4.01e-07
71.074390776,-3.66e-07
71.086016084,-3.66e-07
71.189294008,-3.66e-07
71.199405017,-3.66e-07
71.211015316,-3.66e-07
71.314289626,-3.66e-07
71.324399874,-3.66e-07
71.336026425,-3.66e-07
71.439283555,-6.06e-07
71.449401105,-6.06e-07
71.461019678,-6.06e-07
71.564278678,-3.41e-07
71.574408035,-3.41e-07
71.586006118,-3.41e-07
71.689294712,-4.29e-07
71.699397892,-4.29e-07
71.711004476,-4.29e-07
71.814287776,-4.29e-07
71.824396442,-8.94e-07
71.836021873,-8.94e-07
71.939283908,-8.94e-07
71.949403036,-4.65e-07
71.961020129,-4.65e-07
72.06428514,-4.65e-07
72.074393659,-9.2e-07
72.086018099,-9.2e-07
72.189288466,-9.2e-07
72.199409248,-1.642e-06
72.211020478,-1.642e-06
72.314280525,-1.642e-06
72.324393632,-2.127e-06
72.336018631,-2.127e-06
72.439284805,-2.127e-06
72.449399203,-2.089e-06
72.461017694,-2.089e-06
72.564281947,-2.089e-06
72.574396693,-1.742e-06
72.586020744,-1.742e-06
72.68928801,-1.742e-06
72.699411724,-2.141e-06
72.711024428,-2.141e-06
72.814288605,-2.141e-06
72.824398393,-6.83e-07
72.836016892,-6.83e-07
72.939279712,-6.83e-07
72.949395891,-6.02e-07
72.961021142,-6.02e-07
73.064278932,-6.02e-07
73.074402275,-6.16e-07
73.086015109,-6.16e-07
73.189287649,-6.16e-07
73.199400585,-4.18e-07
73.211017664,-4.18e-07
73.314281223,-4.18e-07
73.324402795,1.146e-06
73.336029621,1.146e-06
73.439274819,1.146e-06
73.449399702,7.77e-07
73.461014483,7.77e-07
73.564292416,7.77e-07
73.574411317,7.77e-07
73.58601739,7.77e-07
73.689283522,6.69e-07
73.699401784,3.46e-07
73.711030799,3.46e-07
73.814280158,2.53e-07
73.824401859,-1.72e-07
73.836024736,-1.72e-07
73.939278423,-1.72e-07
73.949402858,-4.86e-07
73.961013858,-4.86e-07
74.064276461,-4.86e-07
74.074412964,-9.08e-07
74.08601324,-9.08e-07
74.189291594,-9.08e-07
74.199406357,-6.37e-07
74.211013403,-6.37e-07
74.314289167,-6.37e-07
74.324404727,-6.66e-07
74.336021271,-6.66e-07
74.439285876,-6.66e-07
74.449401451,-6.66e-07
74.461022839,-6.66e-07
74.564295638,-6.66e-07
74.574405437,-9.95e-07
74.586022623,-9.95e-07
74.689286872,-9.95e-07
74.699404121,-6.9e-07
74.711013596,-6.53e-07
74.814280436,-6.53e-07
74.824395387,-6.53e-07
74.836022009,-5.11e-07
74.93929681,-5.11e-07
74.94940674,-5.11e-07
74.961018192,-5.11e-07
75.06428637,-1.095e-06
75.074404823,-1.095e-06
75.086025947,-1.095e-06
75.189287607,-1.455e-06
75.199403843,-1.455e-06
75.211022722,-1.455e-06
75.314287936,-1.455e-06
75.324407155,-1.455e-06
75.336027279,-1.455e-06
75.439271758,-1.192e-06
75.449401736,-1.192e-06
75.461015896,-1.192e-06
75.564292896,-6.65e-07
75.574401902,-6.65e-07
75.586022813,-6.65e-07
75.689294886,-1.7e-07
75.699410152,-1.7e-07
75.711013195,-8.6e-08
75.814286327,-8.6e-08
75.824401432,-1.7e-08
75.836035852,-1.7e-08
75.939285636,-1.7e-08
75.949405669,-1.7e-08
75.961009371,-1.7e-08
76.06427774,-1.7e-08
76.074402419,-1.4e-07
76.086021233,-1.4e-07
76.189284745,-1.4e-07
76.199410489,-3.2e-07
76.211026092,-3.2e-07
76.314284625,-3.2e-07
76.324405432,-5.02e-07
76.336008434,-5.02e-07
76.439291021,-5.02e-07
76.449390667,-5.02e-07
76.461016456,-6.28e-07
76.564283936,-6.28e-07
76.574404313,-6.28e-07
76.586013844,-6.55e-07
76.689288694,-6.55e-07
76.699406008,-6.55e-07
76.711013796,-6.55e-07
76.814278648,-6.56e-07
76.824409516,-6.56e-07
76.83600956,-6.73e-07
76.939283043,-6.92e-07
76.949402736,-6.92e-07
76.961021089,-6.92e-07
77.064286044,-6.92e-07
77.074402501,-6.92e-07
77.086016923,-6.92e-07
77.189278351,-6.8e-07
77.199391133,-6.8e-07
77.211028884,-6.8e-07
77.314275232,-6.51e-07
77.324390927,-6.68e-07
77.336019174,-6.68e-07
77.439281973,-6.68e-07
77.449406512,-6.31e-07
77.461028174,-6.31e-07
77.564296686,-6.31e-07
77.574403312,-6.21e-07
77.586016574,-6.21e-07
77.689285695,-6.21e-07
77.699414663,-6.17e-07
77.711015005,-7.19e-07
77.814289205,-7.19e-07
77.824411106,-7.19e-07
77.836009523,-6.37e-07
77.939292086,-6.85e-07
77.949396006,-6.85e-07
77.96101844,-6.85e-07
78.064296446,-6.85e-07
78.07441595,-6.85e-07
78.086023677,-6.85e-07
78.189278891,-6.85e-07
78.199392446,-6.85e-07
78.211020437,-6.85e-07
78.314283298,-6.64e-07
78.324406122,-6.64e-07
78.336022603,-6.64e-07
78.439293579,-6.57e-07
78.4493998,-6.78e-07
78.461015479,-6.78e-07
78.564297665,-6.78e-07
78.574408123,-6.56e-07
78.58603125,-6.56e-07
78.689279736,-1.161e-06
78.699401597,-1.161e-06
78.711033605,-1.161e-06
78.814279377,-1.161e-06
78.824407613,-1.161e-06
78.836014271,-1.161e-06
78.939279071,-1.167e-06
78.949399841,-1.167e-06
78.961016731,-1.167e-06
79.064279659,-1.167e-06
79.074419348,-1.167e-06
79.086012746,-1.167e-06
79.189282656,-1.052e-06
79.199406998,-1.052e-06
79.211012977,-1.052e-06
79.314285282,-7.17e-07
79.324401167,-3.34e-07
79.336016549,-3.34e-07
79.439283632,-3.34e-07
79.449404482,-8.03e-07
79.461020011,-8.03e-07
79.564288653,-8.03e-07
79.574397529,-1.307e-06
79.586031922,-1.307e-06
79.68929794,-1.307e-06
79.699395904,-5.61e-07
79.711023112,-5.61e-07
79.814284401,-5.61e-07
79.824406201,-4.91e-07
79.836025814,-4.91e-07
79.939284777,-4.91e-07
79.949401443,-9.02e-07
79.961029475,-9.02e-07
80.064300094,-9.02e-07
80.074410445,-2.29e-07
80.086025904,-2.29e-07
80.189281479,-2.29e-07
80.199398698,8.3e-08
80.21101674,8.3e-08
80.314287294,8.3e-08
80.324396875,-1.1e-08
80.336004125,-1.1e-08
80.439289011,-1.1e-08
80.449403772,-1.1e-08
80.461024288,-1.1e-08
80.564278337,-1.11e-07
80.574397495,-1.11e-07
80.586027935,-1.33e-07
80.689281784,-2.75e-07
80.699395921,-2.75e-07
80.711022478,-3.8e-07
80.814289696,-3.8e-07
80.824405428,-3.8e-07
80.836019301,-5.86e-07
80.939299237,-5.86e-07
80.949407577,-5.86e-07
80.961025464,-1.059e-06
81.064289414,-1.059e-06
81.074405311,-1.059e-06
81.086018042,-1.059e-06
81.189294802,-1.059e-06
81.199393722,-1.059e-06
81.211024341,-5.82e-07
81.314289414,-5.82e-07
81.324409105,-5.82e-07
81.336018143,-7.41e-07
81.439295868,-7.41e-07
81.449396042,-7.41e-07
81.461021693,-6.53e-07
81.564281756,-6.53e-07
81.574392583,-6.53e-07
81.586017987,-5.5e-07
81.689293993,-5.5e-07
81.699392407,-5.43e-07
81.71103064,-5.43e-07
81.814291088,-5.43e-07
81.824391437,-5.43e-07
81.836024339,-5.43e-07
81.939286629,-5.57e-07
81.949406169,-5.57e-07
81.961019867,-5.57e-07
82.064287699,-5.85e-07
82.074405093,-5.85e-07
82.08603654,-5.85e-07
82.189285695,-5.96e-07
82.199415031,-5.96e-07
82.211017959,-5.96e-07
82.314285643,-5.96e-07
82.324415774,-5.97e-07
82.336012833,-5.97e-07
82.439280263,-6.29e-07
82.449401468,-6.32e-07
82.461012252,-6.32e-07
82.564298868,-6.45e-07
82.57440004,-6.45e-07
82.58601586,-6.65e-07
82.689284614,-6.65e-07
82.699408184,-6.65e-07
82.711022497,-1.344e-06
82.814273976,-1.344e-06
82.824401737,-1.344e-06
82.836024901,-1.248e-06
82.939276707,-1.248e-06
82.949400724,-1.248e-06
82.961014465,-1.657e-06
83.064290021,-1.657e-06
83.074399683,-1.657e-06
83.086012645,-1.76e-06
83.189275118,-1.76e-06
83.199407756,-1.76e-06
83.211022124,-9.92e-07
83.314286264,-9.92e-07
83.324406278,-9.92e-07
83.336031381,-6.2e-07
83.439276953,-6.2e-07
83.449390248,-6.2e-07
83.461015174,-3.95e-07
83.564280429,-3.95e-07
83.574406801,-3.95e-07
83.586009361,-3.43e-07
83.689286767,-3.43e-07
83.699400191,-2.4e-07
83.711014331,-2.4e-07
83.814282136,-2.4e-07
83.824405957,-2.83e-07
83.836029032,-2.83e-07
83.93928078,-2.83e-07
83.949396586,2.07e-07
83.961007064,2.07e-07
84.064295299,5e-09
84.074408138,5e-09
84.086016807,5e-09
84.189290979,5e-09
84.199401351,5e-09
84.211021411,5e-09
84.314289855,5e-09
84.3243951,-1.11e-07
84.336023241,-1.52e-07
84.439288796,-1.53e-07
84.449400632,-3.7e-07
84.461018498,-3.7e-07
84.564280665,-3.7e-07
84.574400452,-1.51e-06
84.586018346,-1.51e-06
84.689299652,-1.51e-06
84.6994011,-2.528e-06
84.711005524,-2.528e-06
84.814293701,-2.528e-06
84.824409704,-2.528e-06
84.836024002,-2.528e-06
84.939291303,-2.528e-06
84.949404159,-1.34e-06
84.961016966,-1.34e-06
85.064291917,-1.34e-06
85.074401427,-2.03e-06
85.086016777,-2.03e-06
85.189277481,-2.03e-06
85.199406843,-7.37e-07
85.211014916,-7.37e-07
85.31427432,-7.37e-07
85.324393922,5.15e-07
85.33601223,5.15e-07
85.43928282,5.15e-07
85.449408929,9.09e-07
85.4610228,9.09e-07
85.564286417,9.09e-07
85.574391123,-1.44e-07
85.586024368,-1.44e-07
85.689285149,-1.44e-07
85.699401815,-8.9e-07
85.711025457,-8.9e-07
85.814285447,-8.9e-07
85.824403834,-1.159e-06
85.836022106,-1.159e-06
85.939282867,-1.159e-06
85.949395635,-1.339e-06
85.961013582,-1.339e-06
86.064296906,-1.339e-06
86.074411149,-1.53e-06
86.086016076,-1.53e-06
86.18927108,-1.549e-06
86.199405289,-1.549e-06
86.21102349,-1.549e-06
86.314283222,-1.249e-06
86.324397483,-1.249e-06
86.336027943,-1.249e-06
86.439279731,1.61e-07
86.44941004,1.61e-07
86.461020266,1.61e-07
86.564296167,9e-08
86.574409406,9e-08
86.586016506,9e-08
86.689287407,9e-08
86.699405085,9e-08
86.711015918,9e-08
86.814286563,1.023e-06
86.824408026,1.023e-06
86.836007708,1.023e-06
86.939282519,7.31e-07
86.94940449,-3.36e-07
86.961006067,-3.36e-07
87.064291792,-3.36e-07
87.074410666,-3.36e-07
87.086015061,-3.36e-07
87.18928747,-8.12e-07
87.199404586,-8.12e-07
87.211026862,-8.12e-07
87.314281623,-6.57e-07
87.324411361,-8.96e-07
87.336018656,-8.96e-07
87.439286994,-8.96e-07
87.449407371,2.35e-07
87.461020652,2.35e-07
87.564272617,9.03e-07
87.574395225,9.03e-07
87.586019439,8.05e-07
87.68929296,8.05e-07
87.699399547,8.8e-08
87.711015732,-8.9e-08
87.81428998,-8.9e-08
87.824402444,-8.9e-08
87.836022941,-2.96e-07
87.939285048,-2.96e-07
87.949413626,-2.96e-07
87.961020305,-5.08e-07
88.064289071,-5.08e-07
88.074400734,-5.08e-07
88.08602919,-5.1e-07
88.189275197,-5.1e-07
88.1994089,-6.96e-07
88.211012145,-6.96e-07
88.314282989,-6.96e-07
88.324406656,-6.14e-07
88.336015807,-6.14e-07
88.439291971,-5.87e-07
88.449395197,-5.87e-07
88.46102423,-6.53e-07
88.564274786,-6.53e-07
88.574395418,-6.53e-07
88.586020465,-6.53e-07
88.689283484,-6.53e-07
88.699398511,-6.53e-07
88.711027537,-6.87e-07
88.814277581,-6.87e-07
88.824411606,-6.87e-07
88.836017835,-6.87e-07
88.939293784,-6.87e-07
88.949394599,-6.87e-07
88.961022041,-4.75e-07
89.064285666,-6.6e-07
89.074403079,-6.6e-07
89.086025857,-6.6e-07
89.189283724,-6.6e-07
89.199412267,-6.6e-07
89.211017459,-6.6e-07
89.314283129,-6.6e-07
89.324409557,-6.6e-07
89.336023154,-6.6e-07
89.439278149,-6.57e-07
89.449394437,-6.57e-07
89.461022103,-6.57e-07
89.564286423,-6.68e-07
89.574403116,-6.68e-07
89.586028123,-9.63e-07
89.689287527,-9.63e-07
89.699404574,-9.63e-07
89.711022111,-8.37e-07
89.81427084,-8.37e-07
89.8244065,-8.37e-07
89.836021603,-1.971e-06
89.939280405,-1.971e-06
89.949405176,-1.971e-06
89.961015339,-1.92e-06
90.064291942,-1.92e-06
90.086036863,-1.775e-06
90.189288009,-1.775e-06
90.211026494,-7.67e-07
90.314294428,-7.67e-07
90.33601251,-7.67e-07
90.439284341,-7.67e-07
90.461017878,-7.67e-07
90.564282015,-7.67e-07
90.586028379,-7.67e-07
90.689275308,-7.67e-07
90.711007124,-7.67e-07
90.814276991,-7.67e-07
90.836033627,-7.67e-07
90.939288506,-7.67e-07
90.96102605,7.52e-07
91.064281097,7.52e-07
91.086019728,5.85e-07
91.189276231,5.85e-07
91.211019926,7.52e-07
91.314278604,7.04e-07
91.336023009,4.03e-07
91.439283171,4.03e-07
91.461006667,-1.6e-08
91.564293599,-1.6e-08
91.586015857,-5.23e-07
91.689285462,-5.23e-07
91.711018372,-5.12e-07
91.814291042,-5.22e-07
91.836009733,-6.53e-07
91.939287385,-6.94e-07
91.96102035,-6.99e-07
92.06428826,-7.09e-07
92.086024451,-7.09e-07
92.189283186,-7.14e-07
92.211021179,-7.14e-07
92.314287794,-7.65e-07
92.336005897,-7.65e-07
92.439288991,-7.3e-07
92.461024104,-7.3e-07
92.564288221,-6.4e-07
92.586022755,-1.257e-06
92.689283277,-1.257e-06
92.71102332,-5.88e-07
92.814284718,-4.71e-07
92.836021382,-4.71e-07
92.939296911,-4.24e-07
92.961016548,-8.65e-07
93.064283328,-8.65e-07
93.086022785,-8.16e-07
93.189280738,-8.16e-07
93.211018448,-9.41e-07
93.3142924,-9.41e-07
93.336015078,-1.596e-06
93.439294111,-1.596e-06
93.461019962,-1.596e-06
93.564277447,-1.596e-06
93.586027962,-1.66e-07
93.689280287,-1.66e-07
93.711019843,1.6e-08
93.814283793,8.8e-08
93.836013611,8.8e-08
93.939292399,8.8e-08
93.961021118,8.8e-08
94.06428914,5.8e-08
94.086019066,-2.91e-07
94.189283232,-2.91e-07
94.211017756,-1.103e-06
94.314287649,-1.103e-06
94.336024598,-1.103e-06
94.43927174,-1.103e-06
94.461017136,-2.68e-07
94.564283939,-2.71e-07
94.586025304,-2.71e-07
94.689287911,-2.55e-07
94.71101984,-2.55e-07
94.814281357,-2.55e-07
94.836029603,-2.55e-07
94.939283192,-3.16e-07
94.961017769,-3.16e-07
95.064295889,-4.29e-07
95.086012495,-4.29e-07
95.189274092,-5.38e-07
95.211009302,-5.38e-07
95.314278667,-5.38e-07
95.336024473,-5.38e-07
95.43928186,-5.38e-07
95.461008182,-1.68e-06
95.564290987,-1.68e-06
95.586017178,-1.783e-06
95.689281413,-1.783e-06
95.71101917,-1.06e-06
95.814287556,-1.06e-06
95.836035099,-1.343e-06
95.939274162,-1.343e-06
95.961019345,-4.3e-08
96.064300809,-4.3e-08
96.08601374,-4.3e-08
96.189285841,-3.94e-07
96.211023619,-3.94e-07
96.314291053,-4.81e-07
96.336015341,-4.81e-07
96.439282309,-5.3e-07
96.46102272,-5.3e-07
96.564289713,-1.87e-06
96.58601382,-1.87e-06
96.689294146,-5.3e-07
96.711022634,-5.3e-07
96.814292794,-1.357e-06
96.836024055,-1.357e-06
96.939281109,-1.279e-06
96.961023041,-1.279e-06
97.06428832,-4.75e-07
97.086013223,-4.75e-07
97.189289871,4.54e-07
97.211032726,4.13e-07
97.314284024,4.13e-07
97.336010488,5.26e-07
97.439285109,5.26e-07
97.461016525,1.079e-06
97.564294994,2.94e-07
97.586008441,2.94e-07
97.689280975,-1.24e-07
97.711027965,-1.24e-07
97.814282755,-4.74e-07
97.836022881,-4.74e-07
97.939274343,-7.53e-07
97.96101901,-7.53e-07
98.064288364,-8.12e-07
98.086028418,-8.12e-07
98.189273268,-7.51e-07
98.211026451,-7.42e-07
98.314278167,-5.3e-07
98.336008055,-5.3e-07
98.439279644,-5.41e-07
98.461021724,-5.41e-07
98.564278393,-1.58e-07
98.586021168,-1.58e-07
98.689275328,3.54e-07
98.711020465,3.54e-07
98.814289601,5.9e-07
98.836013355,5.9e-07
98.939277502,6.91e-07
98.961020607,6.76e-07
99.06428631,6.76e-07
99.086023899,5.57e-07
99.189283803,1.78e-07
99.211024273,1.78e-07
99.314287717,6.4e-08
99.336013548,6.4e-08
99.43929207,-6.52e-07
99.461025943,-6.52e-07
99.56429458,-6.52e-07
99.586025193,-6.52e-07
99.6892808,-1.96e-07
99.711026445,-1.96e-07
99.814280984,-1.96e-07
99.836012968,-1.96e-07
99.939288815,-8.27e-07
99.961009637,-8.27e-07
100.064290952,-9.09e-07
100.086016533,-9.09e-07
100.189284062,-8.2e-07
100.211012573,-8.2e-07
100.314286559,-5.86e-07
100.336019602,-5.86e-07
100.43928548,5.09e-07
100.461010333,5.09e-07
100.564291437,1.731e-06
100.586026141,1.731e-06
100.68929428,1.731e-06
100.711024441,1.731e-06
100.814288298,1.729e-06
100.836017868,1.595e-06
100.939287985,1.492e-06
100.961026307,-4.16e-07
101.064281164,-4.16e-07
101.086030229,-7.66e-07
101.189275893,-7.66e-07
101.211016567,-7.92e-07
101.314276703,-7.92e-07
101.336020742,9.66e-07
101.439278301,9.66e-07
101.461007239,9.6e-07
101.564286022,9.6e-07
101.586016938,1.101e-06
101.689286985,1.101e-06
101.711011874,1.101e-06
101.814288059,1.101e-06
101.836012135,9.58e-07
101.939283438,8.14e-07
101.961019495,6.51e-07
102.064285614,4.93e-07
102.086035535,3.49e-07
102.189279996,2.15e-07
102.211005036,2.15e-07
102.314280641,0
102.336017587,0
102.439282077,-3.11e-07
102.461012005,-3.11e-07
102.564282937,-3.11e-07
102.586018056,-9.51e-07
102.689292603,-9.51e-07
102.711011426,-7.86e-07
102.814293656,-7.86e-07
102.836027986,-7.86e-07
102.93929,-7.86e-07
102.961031584,-1.48e-07
103.064283793,-1.48e-07
103.086037789,1.95e-07
103.189285343,1.95e-07
103.211018455,5.94e-07
103.314273458,7.69e-07
103.336019216,7.69e-07
103.439290043,5.21e-07
103.461017047,3.36e-07
103.564286521,3.36e-07
103.58601727,4.9e-07
103.689285133,7.13e-07
103.711011767,-1.35e-07
103.814285854,-1.35e-07
103.83600939,-2.31e-07
103.93927522,-2.31e-07
103.961016842,-2.31e-07
104.06429195,-2.31e-07
104.086013674,-3.6e-08
104.189284244,-3.6e-08
104.211028152,1.37e-07
104.314288564,1.37e-07
104.336017941,7.4e-07
104.439292879,7.4e-07
104.461019027,7.97e-07
104.564275566,8.14e-07
104.586014611,6.96e-07
104.689287226,6.96e-07
104.711016127,7.05e-07
104.814286015,6.83e-07
104.83601269,6.83e-07
104.939296654,4.29e-07
104.961021336,4.29e-07
105.06427389,2.13e-07
105.08601962,2.13e-07
105.189280396,1.08e-07
105.211022434,1.08e-07
105.314280955,7.1e-08
105.336022515,7.1e-08
105.439279058,9.5e-08
105.461008851,7.5e-08
105.56428036,7.5e-08
105.58601529,7.5e-08
105.689285995,7.5e-08
105.711024088,7.5e-08
105.814276948,7.5e-08
105.836021049,-1.38e-07
105.939283419,-1.38e-07
105.961017887,-1.18e-07
106.064285292,-1.18e-07
106.086014689,1.57e-07
106.189295616,1.57e-07
106.211012339,2.09e-07
106.314290385,2.09e-07
106.33603657,2.54e-07
106.439279281,2.64e-07
106.461007355,2.92e-07
106.564284675,2.92e-07
106.58602302,2.92e-07
106.689278315,2.78e-07
106.711026189,2.78e-07
106.814269988,2.78e-07
106.83602381,2.78e-07
106.9392836,2.62e-07
106.961010813,2.62e-07
107.064287017,2.09e-07
107.086010816,2.09e-07
107.189283597,1.54e-07
107.211011835,1.54e-07
107.314277403,1.13e-07
107.336031799,1.13e-07
107.439283236,1.13e-07
107.461027832,1.05e-07
107.564291546,9.2e-08
107.586013098,6.8e-08
107.689282675,6.8e-08
107.711011455,6.8e-08
107.814295716,6.8e-08
107.836008809,9.4e-08
107.939296575,9.4e-08
107.961019647,1.11e-07
108.064279349,1.11e-07
108.086017251,1.11e-07
108.189281379,1.35e-07
108.211015871,1.35e-07
108.314277923,1.74e-07
108.336010741,1.74e-07
108.439283281,1.52e-07
108.46101352,1.52e-07
108.564275274,1.82e-07
108.586015132,2.02e-07
108.689278156,1.57e-07
108.711018623,1.57e-07
108.814275034,1.57e-07
108.8360205,1.57e-07
108.939292528,1.57e-07
108.961026401,1.57e-07
109.064292228,2.07e-07
109.08602866,2.07e-07
109.189275657,2.21e-07
109.211019916,2.21e-07
109.314278157,2.21e-07
109.336021303,2.21e-07
109.439291244,1.92e-07
109.461026323,1.33e-07
109.56429129,-7.8e-08
109.586033656,-7.8e-08
109.689270547,3.6e-08
109.711008956,3.6e-08
109.814282758,-8.6e-08
109.836019285,-8.6e-08
109.939282118,-3.7e-08
109.961035602,-3.7e-08
110.064303712,1.61e-07
110.086036902,2.01e-07
110.189284683,2.01e-07
110.211030623,2.43e-07
110.314278927,2.43e-07
110.336009892,2.69e-07
110.43928299,2.69e-07
110.461012135,2.69e-07
110.564294414,2.69e-07
110.586019391,2.69e-07
110.68928336,1.05e-07
110.711015636,1.05e-07
110.814281803,6.9e-08
110.836024386,6.9e-08
110.939289637,-3.22e-07
110.96100853,-3.22e-07
111.064277207,-1.68e-07
111.086020327,-1.68e-07
111.189294085,2.71e-07
111.211022066,2.71e-07
111.314287958,3.25e-07
111.336018162,3.25e-07
111.43927662,2.56e-07
111.461020927,2.56e-07
111.564280503,3.5e-07
111.586024307,2.74e-07
111.689281708,2.74e-07
111.711015446,3.46e-07
111.814275653,3.46e-07
111.836029666,2.18e-07
111.939295653,2.18e-07
111.961015178,2.18e-07
112.064284693,2.18e-07
112.086026442,1.9e-07
112.189282573,1.9e-07
112.211016903,2.3e-07
112.314287484,2.34e-07
112.336024057,9.33e-07
112.43927779,1.39e-07
112.461026896,1.39e-07
112.564283963,5.8e-08
112.586014027,5.8e-08
112.689281843,1.04e-07
112.711027835,9e-08
112.814275946,0
112.836019808,0
112.939284834,-2.2e-08
112.961021033,-5.63e-07
113.064284922,-5.63e-07
113.086020309,-5.63e-07
113.189278631,-5.63e-07
113.211020795,-4.71e-07
113.314293019,-4.71e-07
113.33601758,-3.41e-07
113.439290289,-3.05e-07
113.461018037,2.88e-07
113.564278492,4.76e-07
113.586017576,6.23e-07
113.689287232,6.23e-07
113.711028065,6.64e-07
113.814283094,6.64e-07
113.83602075,6.64e-07
113.939293191,6.64e-07
113.961020458,5.53e-07
114.064288802,4.61e-07
114.086019317,3.77e-07
114.189282986,3.06e-07
114.211021687,2.07e-07
114.314290554,-8.3e-07
114.336009957,-8.3e-07
114.439285836,-8.3e-07
114.461020639,-8.3e-07
114.564286149,-7.96e-07
114.586024211,-7.96e-07
114.68927855,1.79e-07
114.711017422,-1.35e-07
114.8142823,-1.35e-07
114.836010672,1.52e-07
114.939274588,1.52e-07
114.961023696,-3.79e-07
115.064278663,-3.79e-07
115.086015358,2.45e-07
115.189292753,2.45e-07
115.211015747,2.45e-07
115.314285982,2.45e-07
115.336015164,7.98e-07
115.439284712,7.65e-07
115.461009963,7.65e-07
115.56426962,1.006e-06
115.586029178,1.006e-06
115.689291031,8.42e-07
115.711016592,8.42e-07
115.814285248,5.77e-07
115.836012704,5.77e-07
115.939297388,5.77e-07
115.961020602,4.98e-07
116.064280514,-2.5e-08
116.086030825,-2.5e-08
116.189288202,-1.26e-06
116.211013337,-1.26e-06
116.314279682,-1.26e-06
116.336014127,-1.26e-06
116.439288796,-2.5e-06
116.461028814,-2.5e-06
116.564297516,-1.254e-06
116.586029327,-1.254e-06
116.689287893,-3.91e-07
116.711027323,-3.91e-07
116.814270598,5.05e-07
116.836019887,1.249e-06
116.939284597,1.249e-06
116.961019318,4.98e-07
117.064270416,4.98e-07
117.086022746,7.53e-07
117.189280591,7.53e-07
117.211019214,1.924e-06
117.314274077,1.781e-06
117.336012691,1.68e-06
117.439289521,1.112e-06
117.461012152,1.112e-06
117.564284183,7.13e-07
117.586020924,7.13e-07
117.689286414,1.71e-07
117.711034491,1.71e-07
117.814287553,1.15e-07
117.836017114,-6.9e-07
117.93927377,-6.9e-07
117.961014586,-6.9e-07
118.064300083,-6.9e-07
118.086034568,-6.61e-07
118.189287791,-6.61e-07
118.211028563,3.18e-07
118.314278237,5.87e-07
118.336014407,5.87e-07
118.439283304,7.61e-07
118.461018083,7.61e-07
118.564283484,8.35e-07
118.586016832,8.35e-07
118.68928029,7.37e-07
118.711020678,7.37e-07
118.814295073,7.37e-07
118.8360142,6.37e-07
118.939277106,5.67e-07
118.961008057,4.07e-07
119.064283996,4.07e-07
119.086014671,2.65e-07
119.189285165,2.65e-07
119.211019288,2.93e-07
119.314284979,2.61e-07
119.336009244,2.01e-07
119.439280531,2.01e-07
119.461020732,2.01e-07
119.564287137,2.01e-07
119.586022243,1.46e-07
119.689285678,-1.412e-06
119.711017101,-1.412e-06
119.814280005,-1.272e-06
119.836017712,-1.272e-06
119.939282355,-1.025e-06
119.961011711,-1.025e-06
120.064296833,-1.025e-06
120.189290865,8.15e-07
120.314281908,1.066e-06
120.439280387,1.141e-06
120.564288424,1.141e-06
120.689284372,1.035e-06
120.814292847,1.035e-06
120.939295541,1.104e-06
121.064282613,8.26e-07
121.189287155,4.68e-07
121.314287543,2.6e-07
121.439284683,7.58e-07
121.564274734,-4.8e-07
121.689282907,-3.85e-07
121.814275576,7.9e-08
121.939283171,9.9e-08
122.064290641,-2.6e-07
122.189284043,-2.6e-07
122.314285157,-4.5e-08
122.439290205,6.07e-07
122.564284754,2.022e-06
122.689278492,2.014e-06
122.814267309,2.896e-06
122.939277867,1.875e-06
123.064295532,2.58e-07
123.189287869,-1.272e-06
123.314294155,-1.806e-06
123.439279538,-2e-06
123.564277422,-2.562e-06
123.68928413,-2e-06
123.814278574,-1.285e-06
123.939287361,-4.92e-07
124.064297704,1.55e-07
124.189277311,5.42e-07
124.314275008,7.18e-07
124.439275862,7.18e-07
124.5642795,1.32e-07
124.689291983,1.32e-07
124.814286287,3.1e-07
124.939277887,1.51e-07
125.064278246,7.61e-07
125.189282039,7.61e-07
125.314272499,3.82e-07
125.439278223,2.66e-07
125.564275962,2.85e-07
125.689284341,1.837e-06
125.814281433,1.732e-06
125.939275981,1.554e-06
126.064300749,1.137e-06
126.189281863,1.129e-06
126.314288911,-1.158e-06
126.439277066,-1.514e-06
126.564276546,-1.24e-06
126.689279333,-3.52e-07
126.814273243,-9.93e-07
126.939292201,-9.93e-07
127.064273073,-4.53e-07
127.189283104,-1.7e-08
127.3142866,-1.7e-08
127.439284761,-5.14e-07
127.56428415,2.67e-07
127.689283653,-2.59e-07
127.814280807,-6.64e-07
127.939285835,-6.09e-07
128.0642852,2.29e-07
128.189291235,4.68e-07
128.314289044,1.251e-06
128.439287394,0
128.564284338,0
128.689277712,0
128.814276896,9.6e-07
128.939277931,6.29e-07
129.064291113,9.68e-07
129.189273053,1.02e-06
129.314282674,8.4e-07
129.439291378,7.95e-07
129.564289829,9.01e-07
129.689283134,8.35e-07
129.814276408,8.09e-07
129.939282193,8.39e-07
130.064288116,8.23e-07
130.189291376,7.73e-07
130.314283408,7.3e-07
130.439279187,1.727e-06
130.564287938,-1.8e-08
130.689288874,-5.6e-08
130.814281788,2.34e-07
130.939282224,1.04e-06
131.064287774,4.8e-08
131.189282744,9.05e-07
131.314286705,1.048e-06
131.439277341,1.007e-06
131.564287986,8.94e-07
131.689288018,9.81e-07
131.814285956,9.81e-07
131.939283125,8.71e-07
132.064297098,7.72e-07
132.189280123,7.72e-07
132.314282542,7.24e-07
132.439283131,-3.23e-07
132.564279554,-3.1e-07
132.68928045,-1.96e-07
132.814285564,1.042e-06
132.939286175,1.299e-06
133.064285296,1.387e-06
133.189290312,1.387e-06
133.314288943,1.342e-06
133.439284608,1.332e-06
133.56429868,1.188e-06
133.689284515,9.92e-07
133.814283719,7.7e-07
133.939283593,8.95e-07
134.064299083,5.82e-07
134.189279933,5.06e-07
134.314297577,7.75e-07
134.439289777,7.63e-07
134.564285563,7.63e-07
134.689284568,7.6e-07
134.814272075,7.75e-07
134.939281169,4.84e-07
135.06427731,5.64e-07
135.189289953,5.64e-07
135.314289754,6.35e-07
135.43928743,7.22e-07
135.56428606,7.5e-07
135.689277833,7.65e-07
135.814286841,7.45e-07
135.939288261,7.45e-07
136.064284086,7.45e-07
136.189289546,7.27e-07
136.314282973,7.09e-07
136.439281734,7e-07
136.564281395,7e-07
136.689290696,7e-07
136.814287608,5.24e-07
136.939294353,5.92e-07
137.064276833,-2.84e-07
137.189286981,7.51e-07
137.314287927,-1.018e-06
137.439287885,-8.92e-07
137.564269104,-7.98e-07
137.689290138,1.268e-06
137.814292584,1.65e-06
137.939286717,2.145e-06
138.064278963,3.694e-06
138.189286844,3.681e-06
138.314287778,1.76e-06
138.439280881,1.022e-06
138.56428001,5.18e-07
138.689285409,1.59e-07
138.814282737,-2e-08
138.939292,2.2e-08
139.064282095,2.49e-07
139.189284927,-3.04e-07
139.314287299,3.43e-07
139.43928092,1.067e-06
139.564290537,1.274e-06
139.689280642,7.57e-07
139.814282807,9.72e-07
139.939278751,9.05e-07
140.064283787,9.05e-07
140.189279924,8.09e-07
140.314297392,7.9e-07
140.439290114,5.5e-07
140.564279699,5.26e-07
140.689290479,5.26e-07
140.814273272,5.29e-07
140.939275063,6.35e-07
141.064286476,7.11e-07
141.18928179,7.88e-07
141.314279216,7.88e-07
141.439289694,7.47e-07
141.564280437,7.2e-07
141.689270971,7.28e-07
141.81429282,7.08e-07
141.939280851,6.88e-07
142.064284699,6.87e-07
142.189292693,6.87e-07
142.314293361,6.87e-07
142.439285176,2.231e-06
142.564279535,2.231e-06
142.689286563,2.146e-06
142.814285195,2.694e-06
142.939274096,6.33e-07
143.064281181,-4.53e-07
143.189292848,-7.8e-07
143.314290774,-5.38e-07
143.439281868,-5.38e-07
143.564294499,-5.45e-07
143.689282708,-3.06e-07
143.814279452,-9.3e-08
143.939289813,1e-09
144.064294251,1e-09
144.18929147,1e-09
144.314284196,-8.35e-07
144.439295167,-1.211e-06
144.564289948,-1.162e-06
144.689281755,-9e-08
144.814276663,2.173e-06
144.939283153,3.649e-06
145.064288066,3.649e-06
145.189282839,3.072e-06
145.314282909,2.257e-06
145.439277872,1.343e-06
145.564286014,1.343e-06
145.68928016,4.78e-07
145.814286464,6.79e-07
145.9392825,4.83e-07
146.064281887,1.14e-07
146.189283445,-1.74e-07
146.314287445,1.2e-07
146.43929422,3.03e-07
146.564298798,5.53e-07
146.689277308,1.105e-06
146.814273318,1.172e-06
146.939273447,1.172e-06
147.06427378,1.172e-06
147.189281059,1.018e-06
147.314290254,8.11e-07
147.439291857,8.99e-07
147.564287297,9.09e-07
147.689295862,6.51e-07
147.814285207,5.7e-07
147.93928646,5.63e-07
148.064291348,5.63e-07
148.18929809,5.78e-07
148.314288603,-1.7e-08
148.439286835,6.46e-07
148.564281289,9.91e-07
148.689286137,1.066e-06
148.814283077,1.108e-06
148.939287039,1.108e-06
149.064283646,8.09e-07
149.189281648,6.97e-07
149.314284572,6.16e-07
149.439281044,5.76e-07
149.56430161,5.68e-07
149.689277213,5.68e-07
149.814283146,5.78e-07
149.939297935,6.26e-07
