time,Master1Paths4.FTASlave_1.ClockServo.OffsetFromMaster:vector
10.063388923,0
10.064280928,0
10.074416169,0
10.086009131,0
10.18839854,0
10.189283593,0
10.199398707,0
10.211022151,0
10.31340784,0
10.314294529,0
10.324400016,0
10.336017212,0
10.438394856,0
10.439282468,0
10.449408689,0
10.461014343,0
10.563396228,0
10.564291824,0.0013145
10.574402084,0.0013145
10.586015062,0.00131529
10.688390487,0.00131331
10.689285262,0.00131331
10.699393188,0.00131331
10.711018385,0
10.813381135,0
10.814285767,0
10.824394182,0
10.836024488,0
10.938380317,0
10.939280749,0
10.94940045,0
10.961015577,0
11.063387259,-0.00087336
11.064287467,-0.00087336
11.074412683,-0.00087336
11.086018307,-0.00130461
11.188397301,-0.00130461
11.189275333,-0.00130461
11.199413251,-0.00130461
11.211015148,-0.00102098
11.313395163,-0.00102098
11.314284524,-0.00102098
11.324411643,-0.00102098
11.33601822,-0.00102098
11.438383063,-0.000288325
11.43927913,-0.000288325
11.449408648,-0.000288325
11.461031997,0
11.56338751,0
11.564283173,0
11.574397601,0
11.586021506,0
11.688383724,0
11.6892911,0
11.699401747,0
11.711027209,0
11.813392586,0
11.814291561,0
11.824400606,0
11.836023376,0
11.93839027,0
11.939293998,0
11.949405011,0.00319443
11.961023536,0.00319443
12.063403127,0.00319443
12.064287232,0.00319443
12.074401968,0.00319443
12.086016434,0.00319443
12.188395425,0
12.189291512,0
12.199419727,0
12.211021515,0
12.313387171,0
12.314292072,0
12.324406186,0
12.336023712,0
12.438386304,0
12.439286344,-0.00212305
12.449418508,-0.00212761
12.461013832,-0.00212761
12.563387176,-0.00319009
12.564286119,-0.00319009
12.574405225,-0.00319009
12.58601742,-0.00319009
12.688379638,-0.00248199
12.68929022,-0.00248199
12.69939618,-0.00248164
12.711023777,-0.00248164
12.813394924,-0.00247869
12.814297401,-0.000709121
12.824400462,-0.000709121
12.836027422,-0.000709121
12.938383578,0
12.939286444,0
12.949401835,0
12.961021864,0
13.06339602,0
13.064289224,0
13.074405469,0
13.086010415,0
13.188389056,0
13.18928076,0
13.199407581,0
13.21101606,0
13.313389027,0
13.314283768,0
13.324408534,0
13.336018628,0.00779421
13.438393357,0.00779421
13.439276365,0.00779474
13.44940134,0.00779474
13.461020887,0.00779392
13.563396516,0.00779272
13.564289016,0
13.57441177,0
13.586020254,0
13.688393607,0
13.689280918,0
13.69939026,0
13.711031019,0
13.813398408,0
13.814280487,0
13.824403249,-0.00519406
13.836033039,-0.00519475
13.938389654,-0.00519475
13.939287904,-0.00779196
13.94941486,-0.00779196
13.961018846,-0.00779196
14.063387783,-0.00779196
14.064291098,-0.00606265
14.074416122,-0.00606265
14.086011287,-0.00606048
14.188384587,-0.00606048
14.189274761,-0.00606036
14.199410573,-0.0017317
14.211017492,-0.0017317
14.313391681,-0.0017317
14.31427909,0
14.324411692,0
14.336017864,0
14.438394975,0
14.439277906,0
14.449393024,0
14.461011182,0
14.563384271,0
14.564281357,0
14.574408523,0
14.586017582,0
14.688394779,0
14.68929407,0
14.699408609,0
14.711022596,0
14.813397829,0.0190465
14.814284347,0.0190465
14.824399827,0.0190485
14.83601903,0.0190485
14.938401683,0.0190485
14.939281517,0.0190485
14.949402356,0
14.961026337,0
15.063393236,0
15.064276376,0
15.074393162,0
15.086012108,-5.7e-07
15.188404965,-5.7e-07
15.189286613,-5.7e-07
15.199408364,-5.7e-07
15.211023194,-0.0126983
15.313387698,-0.0126983
15.314282172,-0.0126983
15.324405877,-0.0190476
15.336014599,-0.0190476
15.438391407,-0.0190476
15.439286234,-0.0190476
15.449399786,-0.0148149
15.461026649,-0.0148149
15.563394417,-0.0148149
15.564279892,-0.0148149
15.574407359,-0.0148149
15.586020065,-0.00423258
15.688386659,-0.00423258
15.689287154,-0.00423258
15.699405134,0
15.711023013,0
15.813395027,0
15.814281311,0
15.82440921,0
15.836016444,0
15.93838916,0
15.939279735,0
15.949388279,0
15.961019901,0
16.063394617,0
16.064284207,0
16.074418327,0
16.086013695,0
16.188392784,0
16.189274629,0.0465594
16.199402055,0.0465594
16.211023605,0.0465594
16.313387831,0.0465594
16.314280052,0.0465594
16.324393428,0.0465594
16.33601789,0
16.438389903,0
16.439281023,0
16.449414094,0
16.461027777,0
16.563395084,0
16.564275112,0
16.57439385,0
16.586012708,0
16.688391756,-0.0310352
16.689293655,-0.0310381
16.699396555,-0.0310381
16.711012111,-0.0465573
16.813389214,-0.0465573
16.81428859,-0.0465573
16.824395694,-0.0465573
16.836014725,-0.0362115
16.938385703,-0.0362115
16.939293616,-0.0362113
16.949403919,-0.0362113
16.961021349,-0.0362101
17.063387346,-0.0103463
17.064291141,-0.0103463
17.074410622,-0.0103463
17.086009388,0
17.18838005,0
17.189289527,0
17.199401337,0
17.211019715,0
17.313397622,0
17.314282854,0
17.32440297,0
17.336020543,0
17.438388678,0
17.439290491,0
17.449401456,0
17.461028796,0
17.563389814,0
17.564291044,0
17.574402884,0.113806
17.586021898,0.113805
17.688389651,0.113805
17.689282188,0.113805
17.699405029,0.113805
17.71102339,0.113803
17.813398089,0
17.814275434,0
17.824396891,0
17.836017256,0
17.938388263,0
17.939279606,0
17.94941219,0
17.961020989,0
18.063405514,0
18.064291959,-0.0758662
18.074406291,-0.0758687
18.086013407,-0.0758687
18.188388363,-0.113802
18.189276282,-0.113802
18.199407257,-0.113802
18.211029249,-0.113802
18.313394053,-0.0885129
18.314275989,-0.0885129
18.324400957,-0.0885129
18.33603087,-0.0885129
18.438398171,-0.0885125
18.439289473,-0.0252889
18.44941233,-0.0252889
18.461017418,-0.0252889
18.563390833,0
18.564286372,0
18.574391783,0
18.586015481,0
18.688385801,0
18.689274274,0
18.69939918,0
18.711022033,0
18.813394646,0
18.814275524,0
18.824395083,0
18.836018716,0
18.938402919,0
18.939278078,0
18.949394994,0
18.961016981,0.278182
19.063388789,0.278182
19.064275444,0.278182
19.074409151,0.278182
19.086017298,0.278182
19.188389747,0.278179
19.189281973,0
19.199390384,0
19.211016857,0
19.313383739,0
19.314288721,0
19.324410509,0
19.336013029,0
19.438398875,0
19.43928636,0
19.44941144,-0.185453
19.461030383,-0.185453
19.563388761,-0.185453
19.564297264,-0.278176
19.574407691,-0.278176
19.586016416,-0.278176
19.688392681,-0.278176
19.689278663,-0.216362
19.699410636,-0.216362
19.711028668,-0.216362
19.813386867,-0.216362
19.814273472,-0.216362
19.824401495,-0.0618156
19.83602128,-0.0618156
19.938384683,-0.0618156
19.93928063,0
19.949399482,0
19.961015033,0
20.063395463,0
20.064274188,0
20.074398342,0
20.086021213,0
20.188398421,0
20.1892874,0
20.19940385,0
20.211024479,0
20.313399452,0
20.314289415,0
20.324401529,0
20.336010479,0
20.438393572,0.679988
20.439281329,0.679988
20.4494153,0.679988
20.461026025,0.679988
20.563384695,0.679988
20.564280191,0.679988
20.574393903,0
20.586024969,0
20.68839367,0
20.689278621,0
20.69939939,0
20.711023893,0
20.813393563,0
20.81428528,0
20.82440547,0
20.83603256,-0.453324
20.938393842,-0.453324
20.939291575,-0.453324
20.949401933,-0.679987
20.961014138,-0.679987
21.063398606,-0.679987
21.064283756,-0.679987
21.074403479,-0.52888
21.086016924,-0.52888
21.188386844,-0.52888
21.189290907,-0.52888
21.199402575,-0.52888
21.211025102,-0.151111
21.313391556,-0.151111
21.314287985,-0.151111
21.3243931,0
21.336008397,0
21.438402664,0
21.439278719,0
21.449412342,0
21.461024414,0
21.563378524,0
21.564289872,0
21.574404206,0
21.586020735,0
21.688400814,0
21.689281814,0
21.69939722,0
21.711008715,0
21.813387573,0
21.814283032,1.6622
21.824410528,1.6622
21.836018454,1.6622
21.938388644,1.6622
21.939297477,1.66219
21.949390861,1.66219
21.961031058,0
22.063399003,0
22.064278045,0
22.07441782,0
22.086015687,0
22.188395327,-1.21e-07
22.189289765,-1.21e-07
22.199407941,-1.21e-07
22.211020916,-1.21e-07
22.313402829,-1.10813
22.31429526,-1.10813
22.324403446,-1.10813
22.336019269,-1.66219
22.4383953,-1.66219
22.439300545,-1.66219
22.449407612,0
22.461019056,-1.29282
22.563399573,-1.29282
22.564297268,-1.29282
22.574396247,0
22.586026154,-0.369376
22.688385506,-0.369376
22.6892812,-0.369376
22.699397157,-0.369376
22.711018346,-0.369376
22.81339119,0
22.814289209,0
22.824400273,0
22.836016626,0
22.938397453,0
22.939284723,0
22.949404615,0
22.961010739,0
23.063388277,0
23.064290847,0
23.074410345,0
23.08602692,0
23.188388268,0
23.189277917,0
23.199395732,0
23.211022946,0
23.313391134,2.77032
23.314293507,2.77032
23.324403717,2.77032
23.336020649,2.77032
23.438396187,2.77032
23.439296773,2.77032
23.449394739,0
23.461024935,0
23.563402895,0
23.564294651,0
23.574387587,0
23.58602408,-2.7e-08
23.688386995,-2.7e-08
23.689282374,-2.7e-08
23.699401704,-2.7e-08
23.711034179,-1.84688
23.813397238,-1.84688
23.814281802,-1.84688
23.824398738,-2.77032
23.836019942,-2.77032
23.938395424,-2.77032
23.939297174,0
23.949392597,-2.15469
23.961025427,-2.15469
24.063413099,-2.15469
24.064293906,0
24.074398785,-0.615628
24.086031609,-0.615628
24.188397297,-0.615628
24.189279193,-0.615628
24.199408981,-0.615627
24.211019296,0
24.313396148,0
24.314279317,0
24.324399398,0
24.336020058,0
24.438378722,0
24.439290213,0
24.449403989,0
24.461025744,0
24.563392317,0
24.564276362,0
24.574407348,0
24.586018167,0
24.688394569,0
24.689291887,0
24.699404896,0
24.711020293,4.6172
24.813383004,4.6172
24.814299423,4.6172
24.824404025,4.6172
24.836020895,4.6172
24.938378116,4.6172
24.939281104,0
24.949391481,0
24.96102197,0
25.06340119,0
25.064280078,0
25.074403744,0
25.086025165,-1.8e-08
25.188391433,-1.8e-08
25.189289882,-1.8e-08
25.199417972,-3.07813
25.211025589,-3.07813
25.313399811,-3.07813
25.314274468,-4.6172
25.324393201,-4.6172
25.336015694,-4.6172
25.43839,0
25.439285307,-3.59116
25.44940323,-3.59116
25.461023244,-3.59116
25.563387146,0
25.564291369,-1.02604
25.57441083,-1.02604
25.586014232,-1.02604
25.688381679,0
25.68929294,0
25.699399904,0
25.711033332,0
25.813390015,0
25.814297037,0
25.82440338,0
25.836016609,0
25.938390816,0
25.939278872,0
25.949393419,0
25.961024674,0
26.063407374,0
26.064295309,0
26.086037336,7.35332
26.188382976,7.35332
26.18928696,0
26.211025856,0
26.313388097,0
26.314278399,0
26.336017692,0
26.438385834,0
26.439275043,0
26.461016376,0
26.563397672,0
26.564282681,0
26.586028614,0
26.688391731,0
26.689277301,7.35332
26.711024879,7.35332
26.813394698,7.35332
26.814278201,7.69533
26.836020253,7.69533
26.938395188,0
26.939290015,0
26.961021289,0
27.063392251,0
27.064288572,0
27.086013582,0
27.188389646,0
27.189302743,0
27.211008588,0
27.313380906,0
27.314287633,0
27.336013523,0
27.438402989,0.342016
27.439303804,0.342016
27.461034704,0.342016
27.563390948,0.342015
27.564281239,0.342015
27.586020949,0
27.688388285,0
27.68929282,0
27.711021143,0
27.813404501,0
27.814283422,0
27.836010683,0
27.938395904,0
27.939299341,-1.519e-06
27.961024781,-1.519e-06
28.0634029,-1.519e-06
28.064292153,-1.519e-06
28.074407397,-1.519e-06
28.086027858,-1.519e-06
28.188392392,-1.519e-06
28.189280906,-1.397e-06
28.199407502,-1.397e-06
28.211019003,-1.397e-06
28.313393142,-1.397e-06
28.314276827,-9.98e-07
28.324397691,-9.98e-07
28.336022691,-9.98e-07
28.438395638,-9.98e-07
28.439280117,2.61e-07
28.449396782,2.61e-07
28.461021566,2.61e-07
28.563393694,-9.7e-08
28.564279231,-9.7e-08
28.574407217,-9.7e-08
28.586022822,-9.7e-08
28.68839589,7.5e-07
28.689278184,7.5e-07
28.699403034,7.5e-07
28.711023967,7.5e-07
28.813404136,7.19e-07
28.814274941,7.19e-07
28.824394968,7.19e-07
28.836026495,7.19e-07
28.938404277,5.89e-07
28.939279926,5.89e-07
28.949403442,5.89e-07
28.961026676,5.89e-07
29.063391885,5.17e-07
29.064286443,5.17e-07
29.07439352,5.17e-07
29.086019646,5.17e-07
29.188400112,5.52e-07
29.189281353,5.52e-07
29.199398744,5.52e-07
29.211017496,5.52e-07
29.313405923,-9.6e-08
29.314293497,-9.6e-08
29.324408412,-9.6e-08
29.336032277,-9.6e-08
29.438394576,4.83e-07
29.439281024,4.83e-07
29.449394082,-2.53e-07
29.461019351,-2.53e-07
29.563399191,-2.53e-07
29.564290054,-2.53e-07
29.574400468,-2.53e-07
29.586022408,-2.53e-07
29.688399925,-2.53e-07
29.689280806,-2.53e-07
29.699395002,-1.549e-06
29.711013189,-1.549e-06
29.813387824,-1.549e-06
29.814280866,-1.549e-06
29.824395955,-2.608e-06
29.836015817,-2.608e-06
29.938384651,-2.608e-06
29.939277071,-2.608e-06
29.949393453,-9.46e-07
29.961023028,-9.46e-07
30.063393071,-9.46e-07
30.064297969,-9.46e-07
30.074421474,-1.096e-06
30.086024896,-1.096e-06
30.188391793,-1.096e-06
30.189289576,-1.096e-06
30.199393488,-1.096e-06
30.211016504,-1.096e-06
30.313397606,-1.096e-06
30.314288136,-1.096e-06
30.32439868,7.89e-07
30.336018272,7.89e-07
30.438390557,8.08e-07
30.439290352,8.08e-07
30.449397506,1.828e-06
30.461027319,2.228e-06
30.563392846,2.228e-06
30.564279892,2.228e-06
30.574394719,1.918e-06
30.586019887,1.918e-06
30.688387204,1.918e-06
30.689282727,1.918e-06
30.699397502,2.176e-06
30.711027711,2.176e-06
30.813383338,1.96e-06
30.814281341,1.96e-06
30.824399586,1.541e-06
30.836008228,1.541e-06
30.938392412,1.324e-06
30.939281958,1.324e-06
30.949407625,1.324e-06
30.961019729,1.324e-06
31.063396698,-1.92e-07
31.064289634,-1.92e-07
31.074397945,-1.92e-07
31.086009081,-1.92e-07
31.188390991,-5.04e-07
31.189281268,-5.04e-07
31.199415017,-5.04e-07
31.211015883,-5.04e-07
31.313389565,-7.38e-07
31.314282074,-7.38e-07
31.324409735,-7.38e-07
31.336030657,-7.38e-07
31.438397205,-8.56e-07
31.43927944,-8.56e-07
31.449401226,-8.56e-07
31.461019496,-8.56e-07
31.563399746,-5.97e-07
31.564284654,-5.88e-07
31.574403486,-5.88e-07
31.586011405,-5.88e-07
31.68839455,-5.88e-07
31.689293289,2.31e-07
31.699401792,4.21e-07
31.711010603,4.21e-07
31.813397984,4.27e-07
31.814282847,4.27e-07
31.824395676,4.27e-07
31.836024351,5.58e-07
31.938384911,5.85e-07
31.939298982,5.85e-07
31.94940452,5.85e-07
31.961014749,6.92e-07
32.063404447,6.92e-07
32.064290474,6.92e-07
32.074395466,6.92e-07
32.086021898,7.03e-07
32.188395027,7.03e-07
32.189291353,-1.185e-06
32.199404037,-1.185e-06
32.211001397,-1.185e-06
32.313405098,-1.185e-06
32.314287107,-5.22e-07
32.324406332,-5.22e-07
32.336008275,-5.22e-07
32.438399046,-5.22e-07
32.43927535,-9.32e-07
32.449401033,-9.32e-07
32.461029769,-9.32e-07
32.563386951,-9.32e-07
32.564284511,5.12e-07
32.574406985,5.25e-07
32.586032987,5.25e-07
32.688387551,6.35e-07
32.689278193,6.35e-07
32.699393189,5.65e-07
32.711029175,5.65e-07
32.813392396,5.65e-07
32.81427502,5.65e-07
32.824391699,1.071e-06
32.836025995,1.071e-06
32.938393857,1.071e-06
32.939287251,9.5e-07
32.94941745,6.14e-07
32.961028149,6.14e-07
33.063389115,6.14e-07
33.064287148,5.54e-07
33.074386695,4.6e-07
33.086029182,3.58e-07
33.188379383,-4.39e-07
33.189289603,-4.39e-07
33.19940096,-4.39e-07
33.211005936,-4.39e-07
33.313397734,-1.453e-06
33.314292756,-1.453e-06
33.324411333,-1.453e-06
33.336015757,-1.453e-06
33.438392728,-1.453e-06
33.43927885,-1.453e-06
33.449401239,-1.453e-06
33.461020008,-1.453e-06
33.563394366,-1.356e-06
33.564289734,-1.356e-06
33.574394984,-1.356e-06
33.586024236,-1.356e-06
33.688395483,-3.25e-07
33.689294885,-1.2e-08
33.699399238,-1.2e-08
33.711021066,2.4e-07
33.813396725,2.4e-07
33.814287441,4.37e-07
33.824408954,4.37e-07
33.836012883,9.15e-07
33.938390214,9.15e-07
33.939280896,9.15e-07
33.949418906,1.072e-06
33.961025865,1.072e-06
34.063395345,1.072e-06
34.064282729,1.072e-06
34.07441034,1.072e-06
34.086022399,1.072e-06
34.188395486,1.072e-06
34.189277024,1.002e-06
34.19941447,9.8e-07
34.211023442,9.8e-07
34.3133839,9.8e-07
34.31428365,7.25e-07
34.32439757,7.25e-07
34.336017597,7.25e-07
34.438383703,7.25e-07
34.439276255,4.55e-07
34.449405275,3.43e-07
34.461015231,3.43e-07
34.563394819,3.43e-07
34.564283767,2.14e-07
34.574403904,6.3e-08
34.586017532,6.3e-08
34.688391388,6.3e-08
34.689288535,2.4e-08
34.699400038,-1.23e-07
34.711021274,-1.23e-07
34.813402132,-1.23e-07
34.814285539,-1.23e-07
34.82441191,-1.23e-07
34.836021958,-1.23e-07
34.938390917,-1.4e-07
34.939280644,-1.4e-07
34.94940534,-1.4e-07
34.961015204,-1.4e-07
35.063398068,-1.4e-07
35.064275548,-1.4e-07
35.074408266,-1.4e-07
35.086010058,-1.4e-07
35.18840244,-1.01e-07
35.189286602,-1.01e-07
35.199413874,-1.01e-07
35.211021998,-1.01e-07
35.313389813,-9.5e-08
35.314276285,-5.6e-08
35.324399564,-5.6e-08
35.336020491,-5.6e-08
35.438393288,-3.6e-08
35.439283504,-1.9e-08
35.449401334,-1.9e-08
35.461025004,-1.9e-08
35.563394892,-1.9e-08
35.564295769,-1.9e-08
35.574407124,-4e-09
35.586030451,-4e-09
35.688384017,5e-09
35.689297742,-1.345e-06
35.699395398,-1.345e-06
35.711011592,-1.345e-06
35.813402828,-1.345e-06
35.81428879,1.2e-08
35.824410436,1.2e-08
35.836026315,1.2e-08
35.938398046,1.2e-08
35.939283347,-1.75e-07
35.949394624,-1.75e-07
35.961020981,-1.75e-07
36.063385753,-1.75e-07
36.06429164,-5.8e-08
36.07441914,-5.8e-08
36.086028952,-5.8e-08
36.188399035,-5.8e-08
36.189297908,8.6e-08
36.199407868,8.6e-08
36.211018144,8.6e-08
36.313381317,8.6e-08
36.314300565,3.12e-07
36.324410131,1.75e-07
36.336022642,1.75e-07
36.438392039,-3.3e-08
36.439289907,-3.3e-08
36.449406324,-3.3e-08
36.461014281,-3.3e-08
36.563395269,-2.5e-08
36.564295,-2.5e-08
36.574393679,-2.5e-08
36.586024698,-2.5e-08
36.688399106,-7.7e-08
36.689286936,-7.7e-08
36.699393287,-1.88e-07
36.711028939,-1.88e-07
36.813398837,-1.88e-07
36.81429846,-1.88e-07
36.824389073,2.18e-07
36.836026118,-2.35e-07
36.938394717,-2.35e-07
36.939286678,-2.35e-07
36.94939672,-2.35e-07
36.96102023,-2.35e-07
37.063399154,-2.35e-07
37.06429432,-2.35e-07
37.074398066,-2.35e-07
37.086028248,1.75e-07
37.188393972,1.75e-07
37.189287717,1.75e-07
37.199401472,1.89e-07
37.211024176,1.89e-07
37.313394278,1.89e-07
37.314284003,1.89e-07
37.324402157,2.51e-07
37.336029803,-1.98e-07
37.438387112,-1.98e-07
37.439285276,-1.98e-07
37.449396274,-1.98e-07
37.461015715,3.76e-07
37.563399568,3.76e-07
37.564275612,3.76e-07
37.574400938,3.76e-07
37.586018097,3.76e-07
37.688389334,3.76e-07
37.689288127,3.76e-07
37.699402461,3.76e-07
37.711017311,4.59e-07
37.813398432,4.59e-07
37.81428727,3.9e-07
37.824396169,3.9e-07
37.836026949,3.9e-07
37.938402256,3.9e-07
37.939292445,-7.1e-08
37.9494098,-7.1e-08
37.961026353,-7.1e-08
38.063400413,-7.1e-08
38.064283429,-7.1e-08
38.074400005,-7.1e-08
38.086039038,-7.1e-08
38.188398364,-7.1e-08
38.189278816,-1.7e-07
38.199408799,-5.08e-07
38.211006033,-5.08e-07
38.313393898,-5.08e-07
38.314285306,-5.08e-07
38.324412212,-1.345e-06
38.336024825,-1.345e-06
38.438387532,-1.345e-06
38.439280492,-1.345e-06
38.44939361,-5.08e-07
38.461018495,-5.08e-07
38.563393317,-5.08e-07
38.564287137,-5.08e-07
38.574397415,-8.24e-07
38.58600618,-8.24e-07
38.68840744,-8.24e-07
38.68928254,-8.24e-07
38.699401715,-1.252e-06
38.711017041,-1.252e-06
38.813392825,-1.252e-06
38.814289349,-1.252e-06
38.824396622,-1.308e-06
38.83602243,-1.308e-06
38.93838547,-1.308e-06
38.939291441,-1.308e-06
38.949403901,-5.09e-07
38.961017904,-5.09e-07
39.06338905,-5.09e-07
39.064281176,-5.09e-07
39.07439903,-1.7e-07
39.086015734,-1.7e-07
39.188393764,-1.7e-07
39.189285701,-1.7e-07
39.199406169,6.75e-07
39.211016632,6.75e-07
39.313400294,6.75e-07
39.314278757,6.75e-07
39.324393158,1.643e-06
39.336015295,1.643e-06
39.43838545,1.522e-06
39.439273223,1.522e-06
39.4494134,1.522e-06
39.461019031,1.522e-06
39.563399539,1.522e-06
39.564281832,1.522e-06
39.574409554,1.513e-06
39.58602236,1.445e-06
39.688393319,1.445e-06
39.689280165,1.308e-06
39.699403321,1.245e-06
39.711017627,1.245e-06
39.813392352,1.245e-06
39.81428252,7.87e-07
39.824408695,7.87e-07
39.836033831,7.87e-07
39.938382396,7.87e-07
39.939279172,3.51e-07
39.949411029,3.51e-07
39.961022405,3.47e-07
40.063396785,3.47e-07
40.064294843,-1.7e-08
40.074410115,-1.7e-08
40.086017723,-1.7e-08
40.188404315,-4.67e-07
40.189281322,-1.106e-06
40.199406852,-1.106e-06
40.211023324,-1.106e-06
40.313388127,-1.106e-06
40.314287558,-3.6e-07
40.324399182,-3.7e-07
40.336019194,-3.7e-07
40.438401031,-5.43e-07
40.439283347,-5.43e-07
40.449407966,-5.43e-07
40.461010184,-5.43e-07
40.563403494,-4.22e-07
40.564289731,-4.22e-07
40.57439855,-5.3e-07
40.586010675,-5.3e-07
40.688400669,-5.3e-07
40.689286611,-5.3e-07
40.699402908,-1.36e-07
40.711021308,-1.36e-07
40.813392107,-1.36e-07
40.814287537,7.5e-08
40.82440375,3.1e-07
40.836029421,3.1e-07
40.938382648,3.1e-07
40.939289423,3.79e-07
40.949401085,3.79e-07
40.961013869,3.79e-07
41.063391901,-1.09e-07
41.064292127,-1.09e-07
41.074405688,-1.09e-07
41.086018203,-1.09e-07
41.188384409,-2.52e-07
41.189276901,-2.52e-07
41.199410796,-2.52e-07
41.211016641,-2.52e-07
41.313383319,3.96e-07
41.31426975,3.96e-07
41.324408244,3.96e-07
41.336029305,3.96e-07
41.438384879,-1.49e-07
41.439288564,-1.49e-07
41.449403058,-1.49e-07
41.46101849,-1.49e-07
41.563384005,-9.86e-07
41.564280557,-9.86e-07
41.574404909,-9.86e-07
41.586025376,-9.86e-07
41.688384085,3.86e-07
41.68928774,3.86e-07
41.69939831,3.86e-07
41.711029601,4.68e-07
41.813397887,4.86e-07
41.814283167,1.73e-07
41.824404792,1.73e-07
41.836026543,1.73e-07
41.938396469,-8.47e-07
41.93929312,-8.47e-07
41.949416235,-8.47e-07
41.961017337,-8.47e-07
42.063395279,-8.47e-07
42.064309372,-8.47e-07
42.074420427,-8.47e-07
42.086013217,-8.47e-07
42.188383551,-5.66e-07
42.189271737,-5.66e-07
42.199403591,-5.66e-07
42.211022133,-5.66e-07
42.313386128,-5.66e-07
42.314279149,-5.66e-07
42.324411967,4.12e-07
42.336024129,4.12e-07
42.438380818,4.12e-07
42.439281031,4.12e-07
42.449404186,5.54e-07
42.461021344,5.54e-07
42.563395163,5.54e-07
42.564284275,5.54e-07
42.574400871,8.53e-07
42.586018622,8.53e-07
42.688397394,8.53e-07
42.689290243,8.53e-07
42.699399709,8.12e-07
42.711009199,8.12e-07
42.813404732,8.12e-07
42.814277378,8.12e-07
42.824406251,6.28e-07
42.836016497,6.28e-07
42.938402729,5.79e-07
42.939282167,6.87e-07
42.94939268,7.84e-07
42.961012787,7.01e-07
43.063384942,6.99e-07
43.06428395,5.76e-07
43.074402302,5.76e-07
43.086023582,4.92e-07
43.188395599,4.92e-07
43.189295044,3.64e-07
43.199403861,3.15e-07
43.211013529,3.15e-07
43.313394134,3.15e-07
43.314285792,2.02e-07
43.324409989,2.51e-07
43.336020548,3.23e-07
43.438399386,3.23e-07
43.439277935,3.23e-07
43.449400634,3.23e-07
43.461039172,2.59e-07
43.563389002,4.65e-07
43.564286803,4.65e-07
43.574414503,1.13e-07
43.58602328,2.2e-08
43.688394924,2.2e-08
43.689277316,2.2e-08
43.699407757,2.2e-08
43.711028292,-2.7e-08
43.813394555,-2.7e-08
43.814278881,-5.2e-08
43.824397532,-5.2e-08
43.83602641,-2.69e-07
43.938388526,-2.69e-07
43.939282545,-1.04e-07
43.949411595,-1.04e-07
43.961017846,-1.06e-07
44.063391899,-1.06e-07
44.064276288,-1.18e-07
44.074391915,-1.18e-07
44.086003603,-1.17e-07
44.188402068,-1.17e-07
44.189286625,-1.18e-07
44.199401191,-1.18e-07
44.211030832,-1.06e-07
44.313398496,-1.06e-07
44.314283903,-2.79e-07
44.324409575,-2.68e-07
44.33602629,-2.62e-07
44.438392702,-2.62e-07
44.439289095,-2.37e-07
44.449405075,-2.28e-07
44.46101,-2.28e-07
44.563403705,-2.28e-07
44.564288571,-2.28e-07
44.574394895,-2.08e-07
44.58601262,-1.83e-07
44.688399471,-1.83e-07
44.689302287,-1.61e-07
44.699404851,-1.55e-07
44.711003562,-1.55e-07
44.813381969,-1.55e-07
44.814279179,-1.3e-07
44.824395888,-9.5e-08
44.836013733,-9.1e-08
44.938395805,-9.1e-08
44.939283848,-9.1e-08
44.949404794,-9.1e-08
44.961013969,-3e-08
45.063393436,-3e-08
45.064288784,-3e-08
45.07440545,-3.8e-07
45.086015431,-3.8e-07
45.188393441,-3.55e-07
45.18928616,-3.55e-07
45.199405524,-3.55e-07
45.211020342,-6.75e-07
45.313376584,-2.49e-07
45.31427973,-2.49e-07
45.324403719,-2.49e-07
45.336017676,-3.16e-07
45.438388083,-2.62e-07
45.43928888,-3.25e-07
45.44940844,-4.18e-07
45.461031425,-4.18e-07
45.56339127,-4.18e-07
45.564284829,-3.41e-07
45.574406185,1.21e-07
45.586024592,1.21e-07
45.688392185,1.21e-07
45.689284386,1.76e-07
45.69940613,3.5e-07
45.711030863,3.5e-07
45.813397112,-8.1e-08
45.814287437,-8.1e-08
45.824406039,-3.9e-08
45.836028837,9.3e-08
45.938400275,9.3e-08
45.939287157,9.3e-08
45.949405804,-6.8e-08
45.961023861,6.69e-07
46.063399137,6.69e-07
46.064296847,6.69e-07
46.074405507,7.93e-07
46.086024836,7.93e-07
46.188399969,7.93e-07
46.189281131,7.46e-07
46.199403602,6.53e-07
46.211027897,6.53e-07
46.31338742,6.53e-07
46.314281197,5.72e-07
46.324408532,5.53e-07
46.33602954,5.3e-08
46.438384979,5.3e-08
46.439283981,-8e-09
46.449405746,-8e-09
46.461013657,6.1e-08
46.56338866,5.06e-07
46.56427918,4.4e-07
46.574396317,4.4e-07
46.586018654,-7.3e-08
46.688387807,-7.3e-08
46.689283298,-9.7e-08
46.699397836,-1.1e-07
46.711011828,-1.69e-07
46.81338964,-1.94e-07
46.814281818,-1.94e-07
46.824397222,-1.94e-07
46.83602019,-1.99e-07
46.938397462,-1.99e-07
46.939292554,-1.98e-07
46.949402237,-1.98e-07
46.961016818,-1.89e-07
47.063387849,-1.5e-07
47.064277718,-1.34e-07
47.074401705,-1.34e-07
47.086019209,-1.72e-07
47.188384106,-1.72e-07
47.189298845,-1.81e-07
47.199409385,-1.41e-07
47.211007522,-1.41e-07
47.313398911,-1.41e-07
47.314285275,-1.08e-07
47.324405354,-7.4e-08
47.336019995,-7.4e-08
47.43839868,-7.4e-08
47.439291958,-7.4e-08
47.449407046,-7.4e-08
47.461027688,-7.4e-08
47.563394901,-7.4e-08
47.564296356,-4.9e-08
47.574410647,-2.7e-08
47.586024581,-2.7e-08
47.688381554,-2.7e-08
47.689274611,-1e-09
47.699401185,1.5e-08
47.7110207,1.5e-08
47.813377503,1.5e-08
47.814286454,2.8e-08
47.824404873,2.7e-08
47.836023304,2.7e-08
47.93839023,2.7e-08
47.939281111,2.7e-08
47.949406408,4e-08
47.961023907,4e-08
48.06339048,1.9e-08
48.064281697,1.9e-08
48.074399223,1.9e-08
48.086012441,1.9e-08
48.188391219,2.1e-08
48.189289403,1.7e-08
48.19941308,1.1e-08
48.211025894,1.1e-08
48.313402508,-3e-09
48.314283682,-1.5e-08
48.324404224,-2e-08
48.336024087,-2e-08
48.438389427,-2.4e-08
48.439293381,-2.4e-08
48.449404488,-2.4e-08
48.461018285,-2.4e-08
48.563400789,-6.4e-08
48.564285818,-6.4e-08
48.574402113,-6.4e-08
48.586012481,-6.4e-08
48.688400466,-6.4e-08
48.689285048,-6.4e-08
48.69940227,-6.3e-08
48.711017351,-6.3e-08
48.813391187,-1.51e-07
48.814295194,-1.51e-07
48.82439999,-3.01e-07
48.836021248,-1.6e-07
48.938382254,-4.7e-08
48.939282911,-4.7e-08
48.949396882,-4.7e-08
48.961013186,-4.7e-08
49.063394635,-3.4e-08
49.064286188,-3.1e-08
49.074413779,-3.1e-08
49.086024631,-3.1e-08
49.188394063,2e-08
49.189283802,-5.9e-07
49.199409249,-5.9e-07
49.211020109,-5.9e-07
49.31339151,-5.78e-07
49.314292272,-5.78e-07
49.324409054,-7.49e-07
49.33601218,-7.49e-07
49.438399237,-7.07e-07
49.43928502,-7.07e-07
49.44940709,1.38e-07
49.461030355,1.38e-07
49.563391367,1.9e-07
49.56427226,1.9e-07
49.574407979,4.11e-07
49.586027285,4.18e-07
49.688389617,4.12e-07
49.689284423,4.12e-07
49.699396318,4.56e-07
49.711025842,4.56e-07
49.813403308,4.8e-07
49.814291841,4.8e-07
49.824407391,2.92e-07
49.836024552,2.92e-07
49.93839438,2.5e-07
49.939284435,2.5e-07
49.94941135,2.5e-07
49.961022204,2.5e-07
50.063408137,1.9e-07
50.064301256,2.04e-07
50.074405461,1.47e-07
50.086014249,1.47e-07
50.18838203,1.47e-07
50.189285427,1.47e-07
50.199404241,9.5e-08
50.211025367,4.9e-08
50.313388273,8.1e-08
50.31428293,5.8e-08
50.324411902,3.5e-08
50.336028452,3.5e-08
50.438388156,2.4e-08
50.439291264,4e-09
50.449403849,4e-09
50.461010712,4e-09
50.563401586,-5e-09
50.564276926,-1.8e-08
50.574398273,-1.8e-08
50.586018858,-1.8e-08
50.688387724,-1.2e-08
50.689290892,-1.2e-08
50.699386525,-2.3e-08
50.711014889,-2.3e-08
50.813390902,-2.3e-08
50.814283317,-2.9e-08
50.824401207,-4.3e-08
50.836016966,-4.3e-08
50.938386608,-4.3e-08
50.939279137,-2e-08
50.949398021,-2.3e-08
50.96101834,-2.3e-08
51.063391199,5.9e-08
51.064285093,5.9e-08
51.074407946,5.8e-08
51.086012652,6.1e-08
51.188385016,6.1e-08
51.189283194,5.5e-08
51.199408553,5.5e-08
51.211022777,5.6e-08
51.313385957,-1.7e-08
51.314283564,-4.3e-08
51.324405376,-4.3e-08
51.336013006,-4.3e-08
51.438387384,-4.3e-08
51.43928308,-2.7e-08
51.449407946,-2.7e-08
51.46102948,-2.7e-08
51.56339689,-3.2e-08
51.564286271,-3.2e-08
51.574414236,-3.2e-08
51.586030765,-3e-08
51.68840785,-3.6e-08
51.689286163,-3.6e-08
51.699408677,8e-08
51.711029395,8.8e-08
51.813390862,8.8e-08
51.814283468,8.8e-08
51.824414279,-2.04e-07
51.836035387,-2.09e-07
51.93838463,-2.09e-07
51.939284567,-2.09e-07
51.949393928,2.22e-07
51.961013361,2.24e-07
52.063398153,2.24e-07
52.064287648,9.5e-08
52.074396386,-2.6e-08
52.086014141,-2.6e-08
52.188394143,-2.6e-08
52.189290237,-2.6e-08
52.19939805,-1.77e-07
52.211027666,-1.77e-07
52.31338945,-1.77e-07
52.314292958,-1.77e-07
52.324413877,-1.79e-07
52.336012743,-1.8e-07
52.438390216,-6e-09
52.439295042,1e-09
52.449402842,1e-09
52.46100675,7.3e-08
52.563403975,7.3e-08
52.564285293,6.7e-08
52.574391228,6.7e-08
52.586015072,5.6e-08
52.688391283,1.9e-08
52.68928628,2.7e-08
52.699399443,2.7e-08
52.711016037,2.7e-08
52.813377259,2.7e-08
52.814288625,2.7e-08
52.824389845,2.7e-08
52.836017782,4e-09
52.938385302,9e-09
52.93929046,2.1e-08
52.949396212,3.9e-08
52.961007653,6.6e-08
53.063390916,6.2e-08
53.064294299,6.2e-08
53.074411246,2.52e-07
53.086016968,2.38e-07
53.1883966,2.38e-07
53.189274404,2.31e-07
53.199411275,2.31e-07
53.211013214,2.31e-07
53.313382944,2.02e-07
53.314268753,1.79e-07
53.324410417,-5.3e-08
53.33601279,-7.3e-08
53.438391051,-1.39e-07
53.439279117,-1.39e-07
53.449399236,-1.7e-07
53.461023381,-1.37e-07
53.563390588,-1.37e-07
53.56427971,-1.46e-07
53.57440646,-1.61e-07
53.586025741,-1.87e-07
53.688387012,-1.87e-07
53.68928633,-1.87e-07
53.699414716,-1.94e-07
53.711027575,-1.94e-07
53.813400202,-1.94e-07
53.814292467,-1.94e-07
53.824423943,-1.19e-07
53.836019905,-2.98e-07
53.938394898,-2.92e-07
53.939281736,-2.91e-07
53.94940644,-2.75e-07
53.961015356,-2.4e-07
54.063400795,-5.5e-08
54.064295482,-3.1e-08
54.074394173,-1.1e-08
54.08601237,-1.1e-08
54.188390029,-6e-09
54.189283933,2.2e-08
54.199405643,4.2e-08
54.21102012,4.2e-08
54.313386576,2.08e-07
54.314276836,2.08e-07
54.32440618,2.08e-07
54.33603195,2.35e-07
54.438390714,2.35e-07
54.439291283,9.81e-07
54.449410834,1.116e-06
54.461025921,1.116e-06
54.563381077,1.116e-06
54.564282846,3.35e-07
54.574409576,5.44e-07
54.586028866,8e-07
54.688388442,8e-07
54.689291597,8e-07
54.69939818,7.08e-07
54.711027438,1.232e-06
54.813391269,1.232e-06
54.8142885,1.232e-06
54.824411078,9.48e-07
54.836028208,9.48e-07
54.938388301,1.94e-07
54.939276397,1.94e-07
54.949395544,4.76e-07
54.961019295,4.76e-07
55.063388123,-6e-08
55.064294654,-6e-08
55.074406875,4.2e-08
55.086014944,-2.9e-07
55.188386884,-8.4e-08
55.189278254,-8.4e-08
55.199393822,-8.4e-08
55.211013328,2.27e-07
55.313401069,1e-09
55.314278585,1e-09
55.324403177,-3.9e-08
55.336010733,-8.48e-07
55.438396114,-1.005e-06
55.439274758,-9.65e-07
55.449404361,-9.65e-07
55.461029084,-9.73e-07
55.563394424,-6.04e-07
55.564284734,-5.73e-07
55.574409353,-5.73e-07
55.586030133,-5.73e-07
55.68838201,-7.17e-07
55.689288071,-7.17e-07
55.699405818,-8e-07
55.711033081,-7.45e-07
55.813384749,-8.19e-07
55.814282547,-7.45e-07
55.824403008,-7.45e-07
55.836027886,-7.45e-07
55.938393261,-6.17e-07
55.93927857,-6.55e-07
55.949414792,-5.71e-07
55.961017721,-5.35e-07
56.063403347,-5.22e-07
56.064282831,-4.62e-07
56.074402186,-3.65e-07
56.086037039,-3.08e-07
56.188376564,-3.08e-07
56.189288788,-2.91e-07
56.199404534,-2.05e-07
56.21101576,-1.12e-07
56.313381957,-5.5e-08
56.314282409,7e-09
56.324401032,7e-09
56.336021781,7.3e-08
56.438378978,7.3e-08
56.439291439,6.3e-08
56.449403846,6.3e-08
56.461017233,9e-08
56.563391397,9e-08
56.564297395,9e-08
56.574406912,9e-08
56.586015336,9.8e-08
56.688390933,9.8e-08
56.689272755,8.9e-08
56.699402675,8.9e-08
56.711021742,8.9e-08
56.813390971,0
56.814282873,-1.1e-08
56.824397468,-1.1e-08
56.836013001,-1.1e-08
56.938390416,-1.1e-08
56.939278396,-4.01e-07
56.949409998,-4.01e-07
56.961026315,-4.01e-07
57.063384152,-3.95e-07
57.064280338,-3.95e-07
57.074393554,3e-08
57.086024146,3e-08
57.188385015,4.4e-08
57.189287354,4.4e-08
57.199394828,-4.3e-07
57.211016332,-4.3e-07
57.313401768,-4.3e-07
57.314281598,-4.3e-07
57.324395821,-4.08e-07
57.336014965,-4.08e-07
57.438399541,-3.45e-07
57.439286148,-3.45e-07
57.449400024,-3.45e-07
57.461018453,-3.45e-07
57.563392296,-3.45e-07
57.564278876,1.27e-07
57.574410229,2.06e-07
57.586025272,2.54e-07
57.688390501,2.54e-07
57.689282293,2.21e-07
57.699406883,2.21e-07
57.711024305,2.42e-07
57.813393706,3.29e-07
57.814283672,3.29e-07
57.824405178,3.29e-07
57.836012976,3.58e-07
57.938385715,3.58e-07
57.939284573,3.58e-07
57.949411856,3.55e-07
57.961017732,3.77e-07
58.063392919,3.45e-07
58.064291852,3.45e-07
58.074398955,2.94e-07
58.086020436,2.94e-07
58.188391563,2.79e-07
58.189281971,2.79e-07
58.199405499,2.18e-07
58.211032036,2.18e-07
58.313397703,1.58e-07
58.314288698,1.58e-07
58.324412766,1.11e-07
58.336014324,1.11e-07
58.438400301,4.8e-08
58.439301084,4.8e-08
58.449394897,4.8e-08
58.4610187,4.8e-08
58.563394484,-1.5e-07
58.56430246,8e-09
58.574416123,-2.7e-08
58.586021431,-2.7e-08
58.688397043,7e-09
58.68927688,1.2e-08
58.699415295,1.2e-08
58.711025808,-6e-09
58.813384227,-2.5e-08
58.81428902,-3.4e-08
58.824415555,-5.2e-08
58.836022853,-5.2e-08
58.938385632,-1.5e-08
58.939281076,-1.8e-08
58.949405584,-1.8e-08
58.961027288,-2.1e-08
59.063399435,-5.8e-08
59.064280749,-5.9e-08
59.074404404,-8.1e-08
59.086025302,-8.1e-08
59.18839017,-1.4e-08
59.189273129,-1.1e-08
59.199402246,-1.1e-08
59.211015051,-1.6e-08
59.313395076,-1.6e-08
59.314277502,-1.6e-08
59.324399004,-1.6e-08
59.336014956,-2.5e-08
59.438395782,-2.5e-08
59.439292799,-2e-08
59.449404406,-2e-08
59.461022831,7.1e-08
59.563394797,7.1e-08
59.564290383,3.15e-07
59.57440311,3.15e-07
59.586012604,3.2e-07
59.688376158,3.2e-07
59.689292267,7.08e-07
59.699411451,7.08e-07
59.711027911,6.13e-07
59.813385739,6.34e-07
59.814283,6.34e-07
59.824400684,6.28e-07
59.83601682,6.09e-07
59.938396427,6.09e-07
59.939289152,3.15e-07
59.949400489,3.15e-07
59.961022035,2.71e-07
60.064293749,1.96e-07
60.074398085,1.96e-07
60.086021865,1.51e-07
60.189289068,-2.98e-07
60.199390189,-3.69e-07
60.211026526,-4.2e-07
60.314284175,-4.35e-07
60.324402527,-4.5e-07
60.336034232,-4.5e-07
60.439293395,-4.5e-07
60.449396429,-4.5e-07
60.461031547,-4.5e-07
60.5642782,-4.06e-07
60.574398618,-3.87e-07
60.5860257,-3.87e-07
60.689286528,-3.16e-07
60.69940181,-2.6e-07
60.711033337,-2.6e-07
60.814280743,-2.02e-07
60.824411237,-1.53e-07
60.836019622,-1.53e-07
60.93928809,-1.73e-07
60.949408576,-8.2e-08
60.961007649,-8.2e-08
61.064269505,-8.2e-08
61.074407913,-6.4e-08
61.086016876,-6.4e-08
61.189282672,-6.4e-08
61.199402739,-6.4e-08
61.211018849,-6.4e-08
61.314293236,-6.4e-08
61.324410122,-6.4e-08
61.336011455,-4.2e-08
61.439292471,-2e-08
61.449402446,-2e-08
61.461026174,4.4e-08
61.564287651,4.4e-08
61.574398891,3.7e-08
61.586026686,3.7e-08
61.689286439,3.7e-08
61.699403841,4.4e-08
61.711019001,4.9e-08
61.814290316,5.6e-08
61.824395101,5.6e-08
61.836025153,5.6e-08
61.939282932,1.3e-07
61.949394904,1.3e-07
61.961019098,1.3e-07
62.064295685,1.2e-07
62.07441837,1.2e-07
62.086028316,4.1e-08
62.189284087,4.1e-08
62.199399517,1.3e-08
62.211017496,1.3e-08
62.314288916,1.3e-08
62.324406958,-3.5e-08
62.336033626,-3.5e-08
62.439287822,-3.5e-08
62.449399528,-4.7e-08
62.461015687,-4.7e-08
62.564280127,-6.8e-08
62.574413218,-6.8e-08
62.58602023,-5.3e-08
62.689284926,-5.3e-08
62.699404194,-5.3e-08
62.711013459,-1.9e-08
62.814287043,-1.9e-08
62.824412791,-2.5e-08
62.836027302,-2.5e-08
62.939273362,-2.5e-08
62.949402683,0
62.961026924,0
63.064283272,0
63.07439577,5.48e-07
63.086032829,5.48e-07
63.189293108,5.48e-07
63.199400957,5.24e-07
63.211017387,5.24e-07
63.31429372,5.24e-07
63.324394411,4.75e-07
63.33602639,-7.6e-08
63.439286298,-7.6e-08
63.449388051,-7.6e-08
63.461023503,-1.99e-07
63.564284488,-1.99e-07
63.574393222,-2.12e-07
63.586021126,-2.53e-07
63.689289461,-2.53e-07
63.699404709,-2.53e-07
63.711008522,-2.16e-07
63.814292239,-2.16e-07
63.824404037,-2.16e-07
63.836026266,-2.2e-07
63.939283597,-2.2e-07
63.949393724,-2.2e-07
63.961006391,-1.56e-07
64.064290953,-1.56e-07
64.074407404,-1.3e-07
64.086029806,-1.12e-07
64.189274634,-1.12e-07
64.199403244,-5.2e-08
64.211022317,-5.2e-08
64.314275013,-3.8e-08
64.324392686,2.97e-07
64.336024554,1e-09
64.439274164,1e-09
64.449394967,1e-09
64.461017218,3.4e-08
64.564281853,3.4e-08
64.574413529,3.4e-08
64.586028693,2.5e-08
64.689286526,2.5e-08
64.699391444,2.5e-08
64.711023107,2.9e-08
64.814290082,2.9e-08
64.824405915,2.6e-08
64.836013789,1.1e-08
64.939287954,1.1e-08
64.949412872,1.1e-08
64.961016977,2e-08
65.064285016,2e-08
65.074413255,2e-08
65.086027337,-6e-08
65.189294591,-4.9e-08
65.199413964,-1.38e-07
65.211021103,-1.38e-07
65.314284135,-1.38e-07
65.324410311,-1.38e-07
65.33601027,-2.68e-07
65.439272568,-2.68e-07
65.449404193,-2.68e-07
65.461025733,-2.35e-07
65.564289075,-2.35e-07
65.574402405,-2.35e-07
65.586030847,-2.99e-07
65.68927816,-2.99e-07
65.699385111,-2.98e-07
65.711025733,-2.98e-07
65.814290081,-2.56e-07
65.824400655,-2.56e-07
65.836020509,-2.56e-07
65.939282219,1.06e-07
65.949401372,1.06e-07
65.961026831,1.06e-07
66.064292407,1.82e-07
66.074412824,1.82e-07
66.086023712,1.82e-07
66.189288088,2.71e-07
66.199403797,2.88e-07
66.211012906,2.88e-07
66.314294851,2.88e-07
66.324397391,3.22e-07
66.336030691,3.22e-07
66.439289701,3.22e-07
66.449402544,3.22e-07
66.461021056,3.22e-07
66.564292055,3.22e-07
66.574403389,2.07e-07
66.586015261,2.07e-07
66.689276918,2.07e-07
66.69940405,2.5e-07
66.71101326,2.5e-07
66.814281411,2.5e-07
66.824407032,1.03e-07
66.83600588,1.03e-07
66.939274377,1.03e-07
66.949394728,-2.9e-08
66.961029587,2.59e-07
67.064284724,2.59e-07
67.074399092,2.59e-07
67.086024808,1.33e-07
67.18927263,1.33e-07
67.199400312,-2.9e-08
67.21103047,-7.7e-08
67.314282376,-7.7e-08
67.324411525,2.29e-07
67.336010613,2.29e-07
67.439288985,-1.3e-07
67.449413253,-1.3e-07
67.461029807,1.29e-07
67.564285416,1.29e-07
67.574405389,1.29e-07
67.586026832,-2.28e-07
67.68928412,-2.34e-07
67.699396035,-2.64e-07
67.711020644,-2.64e-07
67.814279502,-2.64e-07
67.824407793,-2.64e-07
67.836028024,-2.1e-07
67.939286549,-1.05e-07
67.949409169,-1.05e-07
67.961013949,-8.5e-08
68.064297489,-1.555e-06
68.07440878,-1.555e-06
68.086021314,-1.555e-06
68.18929472,-1.555e-06
68.199415491,-1.39e-07
68.211022578,-8.5e-08
68.314280077,-8.5e-08
68.324409424,-8.5e-08
68.33601675,-9.7e-08
68.439282363,-9.7e-08
68.449392536,-9.7e-08
68.461025726,0
68.564284841,0
68.574410706,2.31e-07
68.586017231,9.24e-07
68.689290228,9.24e-07
68.699395962,9.24e-07
68.711027884,4.39e-07
68.814295096,4.39e-07
68.82440689,4.39e-07
68.836018171,6.56e-07
68.939294655,6.56e-07
68.949403784,6.56e-07
68.961020317,1.709e-06
69.064274397,1.52e-06
69.074407367,1.52e-06
69.086024874,1.436e-06
69.189293297,1.184e-06
69.199399384,1.184e-06
69.211018145,1.184e-06
69.314288656,7.86e-07
69.324414478,7.86e-07
69.336014738,7.86e-07
69.439284392,8.6e-08
69.449403373,8.6e-08
69.461016107,8.6e-08
69.564278356,8.3e-08
69.574405765,8.3e-08
69.586021302,8.3e-08
69.689284277,-2.52e-07
69.699399834,-2.52e-07
69.711016436,-2.52e-07
69.814284146,-2.52e-07
69.824405739,-2.52e-07
69.836024769,-2.52e-07
69.939286986,-2.51e-07
69.949392288,-2.51e-07
69.961028154,-2.51e-07
70.064289959,2.43e-07
70.074417968,2.43e-07
70.086028234,2.43e-07
70.189273688,5.02e-07
70.199406994,4.44e-07
70.211013297,4.44e-07
70.31428641,4.44e-07
70.324404834,4.69e-07
70.336020269,4.69e-07
70.43929306,4.69e-07
70.449402201,4.07e-07
70.461019241,4.07e-07
70.564287762,4.07e-07
70.574398725,-4.6e-08
70.586018024,-4.6e-08
70.689287642,-4.6e-08
70.699404807,4.07e-07
70.71101634,3.94e-07
70.814286963,2.97e-07
70.824406293,2.97e-07
70.836026772,2.97e-07
70.939290728,2.99e-07
70.949403977,2.99e-07
70.961015085,2.34e-07
71.064280597,-7.7e-08
71.074393188,-7.7e-08
71.086012534,-7.7e-08
71.189285499,-1.52e-07
71.199400915,-1.52e-07
71.211017728,-1.52e-07
71.314282052,1.04e-07
71.324403183,1.04e-07
71.336032882,-8.91e-07
71.43928132,-8.91e-07
71.449396076,-8.91e-07
71.461022522,-8.91e-07
71.56428127,-8.91e-07
71.574403122,-8.91e-07
71.586007278,-8.9e-07
71.689286743,-8.9e-07
71.699395071,-2.01e-07
71.711012502,-2.01e-07
71.814289832,-2.01e-07
71.824410173,3.97e-07
71.83602482,-2.84e-07
71.939291385,-6.08e-07
71.949403969,-6.08e-07
71.961020079,-6.08e-07
72.064285774,-4.49e-07
72.074396365,-4.49e-07
72.086018465,-4.49e-07
72.189293277,-2.23e-07
72.199410061,-2.23e-07
72.211023282,-2.23e-07
72.314285583,-1.27e-07
72.324397052,-1.27e-07
72.336032466,-1.27e-07
72.439282774,1.03e-06
72.449399265,1.03e-06
72.461023325,1.04e-06
72.564281534,1.04e-06
72.574397313,1.04e-06
72.586014326,1.423e-06
72.689292195,1.384e-06
72.699403474,1.384e-06
72.711021726,1.325e-06
72.814291297,1.237e-06
72.824401533,1.237e-06
72.836025618,9.95e-07
72.939274911,6.11e-07
72.949395458,6.11e-07
72.961022405,6.07e-07
73.064277287,1.82e-07
73.074398277,1.82e-07
73.086011577,1.82e-07
73.189285221,-1.11e-07
73.199408311,-1.11e-07
73.211015658,-1.11e-07
73.314281647,-1.11e-07
73.324393111,-1.11e-07
73.336022784,-1.11e-07
73.439274331,1.92e-07
73.449396259,1.92e-07
73.461011725,1.92e-07
73.564286492,2.31e-07
73.57440616,2.31e-07
73.586009369,2.31e-07
73.68928925,2.14e-07
73.699411763,2.14e-07
73.711029509,2.14e-07
73.814286604,2.14e-07
73.824395646,2.14e-07
73.836021448,2.14e-07
73.939277959,1.72e-07
73.949395436,1.72e-07
73.961022419,1.72e-07
74.064283987,1.37e-07
74.074414092,1.37e-07
74.08601777,1.21e-07
74.189306135,1.18e-07
74.199404327,1.18e-07
74.211017746,1.05e-07
74.314288425,1.05e-07
74.32440656,1.05e-07
74.336014599,1.05e-07
74.439286083,1.05e-07
74.449391097,1.05e-07
74.461025771,9.3e-08
74.564297423,9.3e-08
74.574412994,9.3e-08
74.58602006,1.87e-07
74.689281809,-9.55e-07
74.699401261,-9.55e-07
74.711012995,-9.55e-07
74.814284704,-7.94e-07
74.824406538,-7.94e-07
74.836023296,-7.94e-07
74.939286968,-7e-07
74.949402553,-7e-07
74.961019472,-7e-07
75.064290059,2.34e-07
75.074402201,2.34e-07
75.086024733,2.98e-07
75.189285101,2.98e-07
75.199399343,2.98e-07
75.211013067,2.98e-07
75.314299037,2.98e-07
75.324406734,4.85e-07
75.336023433,4.85e-07
75.439279746,4.85e-07
75.449407129,5.5e-07
75.461013451,5.5e-07
75.564291553,5.5e-07
75.574405432,4.78e-07
75.586013704,4.78e-07
75.68928184,4.78e-07
75.699415673,4.78e-07
75.711015539,4.36e-07
75.814282731,4.13e-07
75.824408052,3.55e-07
75.836030298,2.79e-07
75.939288216,2.79e-07
75.949403039,2.79e-07
75.961017144,-1.26e-07
76.064282319,-1.26e-07
76.074396617,-1.26e-07
76.08602548,2.41e-07
76.189292939,-7.25e-07
76.199417335,-7.25e-07
76.211030285,-7.25e-07
76.314289856,-7.25e-07
76.324400698,-7.25e-07
76.336019499,-7.25e-07
76.439298734,-1.795e-06
76.449402303,-1.795e-06
76.461015296,-1.795e-06
76.564282705,-7.85e-07
76.574409092,-7.85e-07
76.586013418,-7.85e-07
76.689286488,-5.04e-07
76.699407451,-5.04e-07
76.711014383,-5.04e-07
76.814276914,5.69e-07
76.824406948,7.31e-07
76.836007515,9.33e-07
76.939277397,9.54e-07
76.949407599,1.07e-06
76.96102974,1.099e-06
77.064287614,1.099e-06
77.074398124,1.099e-06
77.08602754,1.099e-06
77.189289905,1.099e-06
77.199392508,1.099e-06
77.211030995,2.85e-07
77.314278486,2.85e-07
77.324391591,2.85e-07
77.336017441,2.85e-07
77.439285959,-4.1e-07
77.449405179,-4.1e-07
77.46102645,-7.63e-07
77.564296151,-7.63e-07
77.574397971,-7.63e-07
77.58602807,-7.37e-07
77.689284774,-7.37e-07
77.699409851,-7.37e-07
77.711013474,-2.1e-07
77.814281693,-1.34e-07
77.824401064,-1.34e-07
77.83601522,-1.97e-07
77.939291616,-1.97e-07
77.949391756,-1.97e-07
77.961021509,-1.551e-06
78.06429435,-1.551e-06
78.074410199,-1.551e-06
78.086023804,3.59e-07
78.189280431,3.59e-07
78.199396542,3.59e-07
78.211016241,6.16e-07
78.314286352,6.16e-07
78.324401762,6.16e-07
78.336026074,6.16e-07
78.439298417,6.16e-07
78.449396515,6.16e-07
78.461015978,1.301e-06
78.56429415,1.247e-06
78.574406084,-2.1e-08
78.58602955,-2.1e-08
78.689279038,-2.1e-08
78.699406809,1.459e-06
78.711022924,1.459e-06
78.814283728,1.459e-06
78.824416626,1.122e-06
78.836016917,1.122e-06
78.939277787,1.122e-06
78.94940198,6.7e-07
78.961017024,6.7e-07
79.064273699,6.7e-07
79.074409689,7.94e-07
79.086011088,5.96e-07
79.189285746,5.96e-07
79.199406569,5.96e-07
79.211023091,2.95e-07
79.314295941,2.64e-07
79.324404557,2.4e-07
79.336016905,7.7e-08
79.439280124,7.7e-08
79.449401867,7.7e-08
79.46102759,-4.7e-08
79.564280883,-4.7e-08
79.574398666,-4.7e-08
79.586025765,-9.4e-08
79.689300157,-9.4e-08
79.699397832,-9.4e-08
79.711031518,-9.4e-08
79.814273167,-9.4e-08
79.824399669,-9.4e-08
79.836021657,-9.4e-08
79.939282505,-9.4e-08
79.949405168,-9.4e-08
79.961022199,-6.7e-08
80.064291071,-6.7e-08
80.074418859,-6.7e-08
80.086031283,8e-09
80.189281217,8e-09
80.199406611,8e-09
80.211018008,1.09e-07
80.314288008,1.09e-07
80.324401403,1.1e-07
80.336014991,1.24e-07
80.43928708,1.24e-07
80.449405204,1.24e-07
80.46102543,1.24e-07
80.56428245,1.24e-07
80.574396399,-5.68e-07
80.586025293,-5.68e-07
80.689286677,-5.68e-07
80.699402732,-2.473e-06
80.711025233,-2.473e-06
80.814290069,-2.473e-06
80.824409741,-2.778e-06
80.836019444,-2.778e-06
80.93929305,-2.778e-06
80.949411024,-2.778e-06
80.961028313,-2.778e-06
81.064278594,-2.778e-06
81.074405385,-2.322e-06
81.086021673,-2.322e-06
81.189289536,-2.322e-06
81.199403064,2.09e-07
81.211022545,2.09e-07
81.314281429,3.79e-07
81.324405034,9.33e-07
81.33602419,9.33e-07
81.439291718,1.708e-06
81.449406936,2.205e-06
81.461031164,2.205e-06
81.564275444,2.205e-06
81.57439589,2.561e-06
81.586025903,2.561e-06
81.689295255,2.613e-06
81.699391463,2.38e-06
81.711027903,2.38e-06
81.814287542,2.38e-06
81.824391662,1.634e-06
81.836019841,1.634e-06
81.939294566,1.634e-06
81.949410522,1.062e-06
81.961012015,1.062e-06
82.064282146,1.062e-06
82.074408723,8.49e-07
82.086036047,6.15e-07
82.189281311,3.68e-07
82.199409413,3.68e-07
82.211011102,3.68e-07
82.314286513,3.68e-07
82.324406506,3.68e-07
82.336020464,3.23e-07
82.439275462,3.23e-07
82.449412797,3.23e-07
82.461013325,1.27e-07
82.564300236,1.27e-07
82.574406625,1.27e-07
82.586018081,1.27e-07
82.689287159,5.3e-08
82.699404247,5.3e-08
82.711025363,5.3e-08
82.814271211,-4.1e-08
82.824393215,-4.1e-08
82.836023753,-4.1e-08
82.939278074,-5.2e-08
82.949402916,-5.2e-08
82.961014584,-5.2e-08
83.064291191,-4.6e-08
83.074409151,-4.6e-08
83.086013234,-4.6e-08
83.189277066,1e-09
83.199406382,1e-09
83.211015662,1e-09
83.314281198,3.8e-08
83.324412044,4.1e-08
83.336037011,4.1e-08
83.43928407,7e-08
83.449394939,1.07e-07
83.461024899,1.07e-07
83.564284182,1.28e-07
83.574401714,2.57e-07
83.586007158,2.57e-07
83.689288753,2.18e-07
83.699405214,2.18e-07
83.711015223,1.48e-07
83.814283031,1.48e-07
83.824395419,1.48e-07
83.83602231,1.44e-07
83.939282088,4.9e-08
83.949397742,4.9e-08
83.961004675,4.9e-08
84.064300836,1e-09
84.074405641,1e-09
84.086027251,1e-09
84.189293348,-9e-09
84.199400743,-9e-09
84.211019371,-9e-09
84.31428956,-9e-09
84.324389419,-9e-09
84.336020305,-9e-09
84.4392836,5e-09
84.449396288,5e-09
84.46101654,5e-09
84.564282603,2.7e-08
84.574398814,2.7e-08
84.586020199,2.8e-08
84.689292222,-3.46e-07
84.699396704,-3.46e-07
84.711006923,-3.46e-07
84.814298458,-7.28e-07
84.82440515,-7.28e-07
84.836028874,-7.28e-07
84.939297001,-7.28e-07
84.949398345,-7.28e-07
84.961021703,-1.018e-06
85.06429494,-1.018e-06
85.074400496,-1.018e-06
85.08602014,-1.018e-06
85.189286261,-1.018e-06
85.19941053,-1.018e-06
85.211019435,-1.53e-06
85.314284992,-1.53e-06
85.324402086,-1.53e-06
85.336011246,-4.61e-07
85.439283072,-6.3e-07
85.449403883,-6.3e-07
85.461016031,-6.3e-07
85.564283998,3.85e-07
85.574398438,3.85e-07
85.586028742,3.85e-07
85.689292853,1.148e-06
85.699401378,1.148e-06
85.711021666,1.148e-06
85.814289943,1.606e-06
85.824409154,1.606e-06
85.836015527,1.606e-06
85.939280857,9.73e-07
85.949402865,9.73e-07
85.96101936,9.73e-07
86.064290638,1.561e-06
86.074404615,1.561e-06
86.086015347,1.337e-06
86.189271995,1.337e-06
86.199408026,1.27e-06
86.211025626,1.017e-06
86.314286703,1.017e-06
86.32440157,9.33e-07
86.336035185,9.33e-07
86.439282585,9.33e-07
86.44941077,5.16e-07
86.461021461,5.16e-07
86.564296294,5.16e-07
86.574409859,1.64e-07
86.586016831,-3.57e-07
86.689292505,-3.57e-07
86.699402099,-3.57e-07
86.711026193,-6.28e-07
86.814283027,-6.28e-07
86.824416684,-6.28e-07
86.836017014,-7.42e-07
86.939286391,-7.42e-07
86.949400996,-7.42e-07
86.961006485,-7.42e-07
87.06427841,-7.42e-07
87.074415103,-7.42e-07
87.086015539,-5.33e-07
87.189280488,-5.33e-07
87.199397945,-5.33e-07
87.211029841,1.11e-07
87.314284435,1.11e-07
87.324414594,1.11e-07
87.336022955,-3.77e-07
87.439278504,-3.77e-07
87.449405915,-3.77e-07
87.461024883,-2.67e-07
87.564275439,-6.64e-07
87.574400996,-6.64e-07
87.586014487,-6.64e-07
87.689290482,-6.64e-07
87.699386543,-6.64e-07
87.71102676,-6.64e-07
87.814275996,-6.64e-07
87.824402316,-6.64e-07
87.836026652,-6.64e-07
87.939288385,-1.622e-06
87.949401882,-1.622e-06
87.961016377,-1.622e-06
88.064292506,-1.446e-06
88.074404814,-1.446e-06
88.086033457,-1.446e-06
88.18927613,3.58e-07
88.199402712,3.58e-07
88.21101917,3.58e-07
88.314281778,1.468e-06
88.324408298,1.468e-06
88.336025313,1.699e-06
88.439286722,7e-07
88.449401426,7e-07
88.461022757,7e-07
88.56427156,1.699e-06
88.574394426,3.43e-07
88.586018883,3.43e-07
88.689284399,3.43e-07
88.699403372,-1.305e-06
88.711023942,-1.305e-06
88.814272831,-1.305e-06
88.824404429,-1.305e-06
88.836016345,-1.305e-06
88.939290164,-1.305e-06
88.949396906,-9.29e-07
88.961024299,-9.29e-07
89.064275757,-9.29e-07
89.074400019,7.86e-07
89.086019759,7.86e-07
89.18928655,7.86e-07
89.199404408,1.511e-06
89.211011635,1.511e-06
89.314284128,1.511e-06
89.324406038,1.94e-06
89.336023674,1.404e-06
89.43927377,1.404e-06
89.449401222,1.404e-06
89.461030763,1.951e-06
89.564278518,1.768e-06
89.574399512,1.768e-06
89.586027474,1.768e-06
89.689281313,1.184e-06
89.69940587,1.184e-06
89.711013295,1.184e-06
89.814272573,1.184e-06
89.824409344,1.184e-06
89.836020419,1.184e-06
89.939277357,7.87e-07
89.949403924,7.87e-07
89.961020294,7.87e-07
90.064281894,4.48e-07
90.086034453,4.48e-07
90.189288239,4.48e-07
90.211020953,4.48e-07
90.314295565,1.77e-07
90.336015585,1.77e-07
90.439283975,-5.8e-08
90.461026063,-5.07e-07
90.564278418,-5.07e-07
90.58602055,-4.73e-07
90.689277912,-4.73e-07
90.711016089,-4.67e-07
90.814268877,-4.67e-07
90.836020745,-5.17e-07
90.939280122,-5.17e-07
90.961024918,-1.75e-07
91.064280293,5.2e-08
91.0860139,5.2e-08
91.189281206,-7.4e-08
91.211019567,-7.4e-08
91.314277586,1.11e-07
91.336023297,2.38e-07
91.439279704,1.9e-08
91.461010665,1.9e-08
91.564294987,2.5e-08
91.586019813,2.5e-08
91.689285533,2.1e-08
91.711021582,2.1e-08
91.814292006,3.25e-07
91.836015529,3.53e-07
91.93928384,3.53e-07
91.961015634,3.33e-07
92.064295434,3.33e-07
92.086026199,3.33e-07
92.189294346,3.2e-07
92.21102767,3.12e-07
92.314288041,3.12e-07
92.336015649,3.15e-07
92.439287116,2.38e-07
92.461020905,1.99e-07
92.564282782,1.07e-07
92.586016934,1.07e-07
92.689284097,3.3e-08
92.711021925,-3.11e-07
92.814294304,-3.11e-07
92.836016879,-6.9e-08
92.939295997,-6.9e-08
92.961014401,1.5e-08
93.064283367,6.2e-08
93.086020117,6.2e-08
93.189285227,1.15e-07
93.211018805,1.15e-07
93.31429077,1.65e-07
93.336018995,1.65e-07
93.439289867,1.7e-07
93.461023291,1.7e-07
93.564280668,1.7e-07
93.586021889,1.7e-07
93.68928937,1.36e-07
93.711025816,1.36e-07
93.81428428,1e-07
93.836013023,1e-07
93.939284076,7e-08
93.961028654,7e-08
94.064282983,5.2e-08
94.086018451,5.2e-08
94.189280997,3.6e-08
94.211018792,3.6e-08
94.314275992,3.4e-08
94.336029834,3.4e-08
94.439266096,2.7e-08
94.461012549,-2.14e-07
94.564284624,-2.14e-07
94.586018682,-1.59e-07
94.689285441,-1.59e-07
94.71101852,-7e-07
94.814275896,-7e-07
94.836028053,-1.02e-06
94.93928838,-1.02e-06
94.961019969,-4.32e-07
95.064292335,-4.32e-07
95.086014215,-1.12e-07
95.189269873,-1.12e-07
95.211012038,-3.49e-07
95.314283106,-3.49e-07
95.336026452,4.29e-07
95.439283043,4.29e-07
95.461014231,7.94e-07
95.564293073,6.59e-07
95.58601624,6.59e-07
95.689282351,-7.1e-08
95.711007064,-7.1e-08
95.814281317,-1.52e-07
95.8360248,-1.52e-07
95.939274593,-4e-09
95.961022671,-4e-09
96.064304872,-4e-09
96.086008796,-4e-09
96.189289799,7.57e-07
96.21102437,8.07e-07
96.314292575,8.07e-07
96.336019058,8.07e-07
96.439286369,8.07e-07
96.461018741,6.27e-07
96.564282383,6.27e-07
96.586026326,4.96e-07
96.689289714,4.96e-07
96.711021567,4.96e-07
96.814288539,4.96e-07
96.836020588,2.58e-07
96.939284691,2.58e-07
96.961024801,5e-08
97.064293983,5e-08
97.086024939,-1e-07
97.189294452,-6.72e-07
97.211024029,-6.72e-07
97.314294403,-6.34e-07
97.336013892,-6.34e-07
97.439291135,-6.34e-07
97.461015585,-6.88e-07
97.56428878,-6.88e-07
97.586014425,-6.54e-07
97.689282077,-6.54e-07
97.711033799,-4.46e-07
97.814279178,-4.46e-07
97.836023086,-1.62e-07
97.93927434,-1.62e-07
97.961013664,7.23e-07
98.064297664,7.23e-07
98.086025455,8.16e-07
98.189279497,7.38e-07
98.211024539,0
98.314278862,0
98.336009042,0
98.43927864,0
98.46102402,0
98.564291813,0
98.586022781,-9.8e-08
98.689278083,-4.71e-07
98.71102804,-4.71e-07
98.814276332,-7.23e-07
98.836017719,-7.23e-07
98.93927947,-8.85e-07
98.961018311,-8.85e-07
99.0642862,-8.85e-07
99.086026075,-9.16e-07
99.189280947,-9.16e-07
99.211023922,-9.16e-07
99.31427665,-9.16e-07
99.336021887,-8.86e-07
99.439289691,-8.86e-07
99.461017968,-8.28e-07
99.564289664,-8.28e-07
99.586024514,-7.57e-07
99.689280458,-7.57e-07
99.71103432,-6.69e-07
99.81427866,-6.69e-07
99.836017454,-6.69e-07
99.939290743,-6.69e-07
99.961018424,-1.24e-06
100.064292481,-1.24e-06
100.086016972,-1.278e-06
100.189289111,-1.278e-06
100.211016997,-1.278e-06
100.314280998,-1.278e-06
100.336013819,-1.181e-06
100.439291889,-1.181e-06
100.46102021,-3.99e-07
100.564289501,-3.99e-07
100.586011326,-1.43e-07
100.68928518,-1.43e-07
100.711019756,-3.9e-08
100.814281114,-3.9e-08
100.836023821,-3.9e-08
100.939294732,-1.52e-07
100.961029285,-1.52e-07
101.064291122,-2.82e-07
101.086026874,-2.82e-07
101.189279217,-4.62e-07
101.211015431,-4.62e-07
101.314285571,-1.408e-06
101.336021928,-1.408e-06
101.439273779,-1.45e-06
101.461014661,-1.45e-06
101.564281288,-1.45e-06
101.586022867,-1.45e-06
101.689290408,-1.364e-06
101.71101077,-1.364e-06
101.814281167,-1.364e-06
101.836016384,-1.364e-06
101.939299945,-4.24e-07
101.961027793,-3.41e-07
102.064292665,-1.36e-07
102.086028056,-7e-08
102.189282418,8.2e-08
102.211009753,8.2e-08
102.314275893,9.7e-08
102.33602425,2.15e-07
102.43927587,2.31e-07
102.461010864,4.1e-08
102.564290722,4.1e-08
102.586016487,3.12e-07
102.689295065,4.1e-08
102.711020724,4.1e-08
102.814288368,-2.51e-07
102.836023338,-2.51e-07
102.939284221,-7.55e-07
102.961030672,-7.55e-07
103.064282451,-7.55e-07
103.086033547,-7.55e-07
103.189280767,-8.86e-07
103.211025316,-9.25e-07
103.314275994,-9.63e-07
103.336012452,-9.63e-07
103.439288623,-9.56e-07
103.46100852,-6.47e-07
103.56428958,-5.8e-07
103.58601113,-7.2e-07
103.689274033,-9.25e-07
103.711011711,-9.25e-07
103.814278893,-6.41e-07
103.836017372,-6.41e-07
103.93928038,-5.6e-07
103.961014576,-5.6e-07
104.064283273,-8.14e-07
104.086019593,-8.14e-07
104.189283774,-7.91e-07
104.211022931,-7.91e-07
104.314284765,-7.43e-07
104.336010695,-7.43e-07
104.439288138,-7.43e-07
104.461027541,-7.54e-07
104.564274239,-7.63e-07
104.586018255,-7.63e-07
104.689283392,-7.03e-07
104.7110209,-7.03e-07
104.814286258,-6.85e-07
104.836013518,-9.62e-07
104.939297812,-9.62e-07
104.961018704,-1.186e-06
105.064280948,-1.186e-06
105.086023798,-7.75e-07
105.189278975,-7.75e-07
105.211024801,-7.73e-07
105.314287275,-7.73e-07
105.336017881,-6.83e-07
105.439287884,-6.83e-07
105.461008369,-3.34e-07
105.564283677,-3.34e-07
105.586004252,-3.34e-07
105.689281045,-3.59e-07
105.711018355,-3.62e-07
105.814283738,-3.78e-07
105.836019401,-3.78e-07
105.939290155,-1.341e-06
105.961016004,-1.341e-06
106.064285562,-1.341e-06
106.086018725,-1.341e-06
106.189289637,-4.02e-07
106.211013838,-4.02e-07
106.314292708,-3.43e-07
106.336026078,-3.43e-07
106.439279811,-2.8e-07
106.461015191,-2.8e-07
106.564294531,-2.8e-07
106.586022791,-2.8e-07
106.689276581,-3.09e-07
106.711021407,-8.11e-07
106.814277962,-8.11e-07
106.836024579,-1.691e-06
106.939279725,-1.691e-06
106.961016202,-1.696e-06
107.064288254,-1.696e-06
107.086011311,-1.696e-06
107.189277278,-1.696e-06
107.211018664,-7.05e-07
107.314275165,-7.05e-07
107.336025839,6.4e-08
107.439286035,6.4e-08
107.461020922,1.77e-07
107.564290813,2.31e-07
107.586005305,2.31e-07
107.68928618,2.1e-08
107.711018378,2.1e-08
107.814288705,-2e-07
107.836014628,-2e-07
107.939294144,-2e-07
107.96102173,-2.77e-07
108.064282861,-2.77e-07
108.086018033,-4.64e-07
108.189278872,-4.64e-07
108.211014991,-4.64e-07
108.314278458,-5.07e-07
108.336016048,-5.07e-07
108.43927812,-5.84e-07
108.461027718,-5.84e-07
108.564284015,-6.31e-07
108.586018303,-1.927e-06
108.689286092,-1.927e-06
108.711017859,-3.024e-06
108.81428446,-3.024e-06
108.836023289,-3.367e-06
108.939293552,-3.367e-06
108.961021665,-2.323e-06
109.06428524,-2.323e-06
109.086016709,-2.323e-06
109.189281773,-2.323e-06
109.21102365,-5.72e-07
109.314276469,-5.72e-07
109.336020502,6.3e-07
109.439286165,6.3e-07
109.461024584,1.437e-06
109.564292682,1.64e-06
109.586037852,1.768e-06
109.689272304,1.352e-06
109.711013787,1.352e-06
109.814280544,1.352e-06
109.836023775,1.295e-06
109.939277526,6.67e-07
109.961031714,6.07e-07
110.064305408,-1.56e-07
110.086027692,-1.56e-07
110.189285707,-7.17e-07
110.211029972,-7.17e-07
110.314289655,-1.02e-06
110.336015719,-1.02e-06
110.439277983,-1.02e-06
110.461021134,-1.02e-06
110.564295029,-9.56e-07
110.586018466,-9.9e-07
110.689279536,-9.9e-07
110.7110155,-9.89e-07
110.814280147,-9.89e-07
110.836031235,-2.568e-06
110.939281655,-2.568e-06
110.961015333,-2.482e-06
111.064278237,-2.482e-06
111.086024059,-2.167e-06
111.189291847,-2.167e-06
111.2110168,-3.69e-07
111.314286872,-3.69e-07
111.336028792,1.48e-07
111.43927272,1.48e-07
111.461020652,4.72e-07
111.564294087,4.72e-07
111.586015262,6.59e-07
111.689271036,6.41e-07
111.711020147,3.95e-07
111.81427736,3.8e-07
111.836028381,3.8e-07
111.939300486,-6.3e-08
111.96101807,-6.3e-08
112.064286127,-6.3e-08
112.086021488,-6.3e-08
112.189279631,-4.6e-07
112.211020596,-5.64e-07
112.314285711,-1.255e-06
112.336024478,-2.769e-06
112.439272972,-2.769e-06
112.461024707,-2.769e-06
112.5642866,-2.769e-06
112.586014439,-6.33e-07
112.68928041,-6.33e-07
112.711032877,-3.34e-07
112.814280981,-3.17e-07
112.836020868,7e-08
112.939290339,1.29e-07
112.961019326,1.84e-07
113.064278495,1.84e-07
113.08602422,1.84e-07
113.189284076,6.25e-07
113.211018827,6.25e-07
113.314295658,4.72e-07
113.336022991,4.3e-07
113.439288646,-2.37e-07
113.461019437,-4.32e-07
113.564279544,-2.015e-06
113.586021408,-2.015e-06
113.689289939,-2.182e-06
113.711036955,-2.182e-06
113.814282346,-2.182e-06
113.836024567,-2.182e-06
113.939288804,-2.022e-06
113.96102571,-2.022e-06
114.064291009,-4.37e-07
114.086020085,-1.92e-07
114.189286886,7.4e-08
114.211027581,1.68e-07
114.31428685,4.21e-07
114.336008805,4.21e-07
114.439296021,4.21e-07
114.461022479,4.21e-07
114.564288912,4.21e-07
114.586027056,4.06e-07
114.689273266,0
114.711019378,0
114.814281277,-3.85e-07
114.836016667,-3.85e-07
114.939276277,-3.96e-07
114.96102755,-3.96e-07
115.064277432,-1.316e-06
115.086019565,-1.316e-06
115.189294336,-6.16e-07
115.21101221,-6.16e-07
115.314291443,-4.59e-07
115.336020894,-6.4e-07
115.439286038,-6.4e-07
115.461015911,-6.33e-07
115.564275791,-9.96e-07
115.586036208,-9.96e-07
115.689287075,-6.45e-07
115.711014352,-6.45e-07
115.81428614,-6.2e-07
115.836022448,-6.2e-07
115.939290597,-6.2e-07
115.961015423,-6e-07
116.064279547,-5.67e-07
116.086030736,-5.53e-07
116.189281131,-5.53e-07
116.211013885,-5.13e-07
116.31427746,-5.13e-07
116.336019397,-4.93e-07
116.439287977,-4.93e-07
116.461017398,-5.24e-07
116.564287756,-5.24e-07
116.586026652,-3.97e-07
116.689280366,-3.97e-07
116.711020094,-4.15e-07
116.814266091,-5.91e-07
116.836006416,-6.01e-07
116.939281071,-6.28e-07
116.961018704,-6.28e-07
117.064274284,-6.65e-07
117.086019222,-6.65e-07
117.189285199,-6.93e-07
117.211019475,-7.12e-07
117.314268429,-7.12e-07
117.336015292,-7.38e-07
117.439282535,-7.38e-07
117.461012298,-7.07e-07
117.56428593,-7.07e-07
117.586017593,-7.07e-07
117.689284291,-7.07e-07
117.7110326,-6.72e-07
117.814282927,-6.72e-07
117.836010977,-2.14e-07
117.93927849,-5.28e-07
117.961019654,-5.28e-07
118.064292043,-6.5e-07
118.086029096,-6.5e-07
118.189280777,-5.47e-07
118.211026478,-6.56e-07
118.314285321,-6.56e-07
118.336017862,-6.7e-07
118.439285503,-6.7e-07
118.461016087,-1.523e-06
118.564272244,-1.523e-06
118.586012003,-6.7e-07
118.689281622,-6.7e-07
118.711013391,-5.33e-07
118.814297475,-5.33e-07
118.836016639,-4.86e-07
118.939283337,-4.54e-07
118.961018239,-4.14e-07
119.064286483,-4.14e-07
119.086018401,-4.14e-07
119.189290103,-4.31e-07
119.211018985,-4.31e-07
119.314284931,-5.01e-07
119.336011779,-5.01e-07
119.439277672,-9.47e-07
119.461023192,-9.47e-07
119.564286637,-9.47e-07
119.586022245,-9.47e-07
119.689282967,-4.82e-07
119.711015266,-8.54e-07
119.814277167,-8.54e-07
119.83602351,-9.6e-07
119.93927473,-9.6e-07
119.961006018,-2.564e-06
120.064291578,-2.564e-06
120.189286994,-2.564e-06
120.314287723,-2.564e-06
120.439283592,-2.564e-06
120.564281899,-2.564e-06
120.689279729,-2.564e-06
120.814295608,-2.564e-06
120.939298143,-2.564e-06
121.064276827,2.56e-06
121.189284094,3.248e-06
121.314288749,3.01e-06
121.439277935,1.765e-06
121.564277724,2.609e-06
121.689288852,1.014e-06
121.814273915,-3.28e-07
121.939287234,-7.92e-07
122.064290245,-4.49e-07
122.189291063,-4.49e-07
122.314288787,-7.97e-07
122.439286848,-1.425e-06
122.564282368,-2.683e-06
122.689280076,-2.519e-06
122.814266155,-3.365e-06
122.939284043,-2.23e-06
123.064289124,-5.69e-07
123.189281889,9.6e-07
123.314296227,1.474e-06
123.439283201,1.599e-06
123.564284871,2.221e-06
123.689288231,1.599e-06
123.814272702,7.89e-07
123.939287256,-1.7e-08
124.064293474,-6.66e-07
124.18928265,-1.014e-06
124.314269821,-1.155e-06
124.439274452,-1.128e-06
124.564284458,-5.26e-07
124.689286654,-5.26e-07
124.814290438,-7.55e-07
124.939277686,-6.64e-07
125.06429407,-1.289e-06
125.189280624,-1.289e-06
125.314281461,-8.45e-07
125.439272053,-7.19e-07
125.564282821,-7.19e-07
125.689276792,-2.257e-06
125.814278061,-2.186e-06
125.939277941,-1.982e-06
126.064307547,-1.542e-06
126.189277736,-1.566e-06
126.31429468,7.38e-07
126.439287978,1.043e-06
126.564277868,7.81e-07
126.689280849,-1.3e-07
126.814278089,5.25e-07
126.939296476,5.25e-07
127.064273804,3.1e-08
127.189282185,-3.88e-07
127.314288467,-3.88e-07
127.439282165,9.9e-08
127.564282961,-6.61e-07
127.68928566,-1.3e-07
127.81427861,2.13e-07
127.939289795,1.14e-07
128.064275946,-7.66e-07
128.189287113,-1.001e-06
128.314283067,-1.744e-06
128.439284205,-1.744e-06
128.564296562,-1.744e-06
128.689273696,-1.96e-06
128.814284141,-2.196e-06
128.939275712,-2.188e-06
129.064295463,-2.475e-06
129.189266504,-2.768e-06
129.314274654,-2.948e-06
129.439292688,-3.224e-06
129.564285852,-3.486e-06
129.689283821,-3.767e-06
129.814274827,-3.767e-06
129.939283814,-3.968e-06
130.064289512,-4.23e-06
130.189281479,-4.522e-06
130.314282667,0
130.439283079,0
130.564287325,0
130.689292385,2.35e-07
130.814289014,-4.64e-07
130.939282276,-1.414e-06
131.06428627,-3.02e-07
131.189278596,-1.223e-06
131.314277953,-1.248e-06
131.43928392,-1.117e-06
131.564293274,-8.51e-07
131.689288419,-9.38e-07
131.814282765,-9.38e-07
131.939284029,-8.22e-07
132.064293246,-7.02e-07
132.189273835,-7.02e-07
132.314287717,-6.74e-07
132.439287694,4.08e-07
132.5642826,4.08e-07
132.689292483,3.03e-07
132.814281491,-9.52e-07
132.939289172,-1.217e-06
133.064282545,-1.342e-06
133.189286342,-1.342e-06
133.314280593,-1.287e-06
133.43927354,-1.287e-06
133.564290112,-1.123e-06
133.689286004,-8.91e-07
133.814286933,-7.12e-07
133.939286398,-8.31e-07
134.064290023,-5.38e-07
134.189276494,-4.76e-07
134.314290409,-7.2e-07
134.439282836,-7.1e-07
134.564290631,-7.1e-07
134.689284576,-7.61e-07
134.814270558,-8.14e-07
134.939275241,-5.57e-07
135.064281119,-5.57e-07
135.189292579,-5.57e-07
135.314291408,-5.65e-07
135.439283187,-5.68e-07
135.564285541,-6.35e-07
135.689276074,-6.83e-07
135.814278552,-6.55e-07
135.939279396,-6.47e-07
136.064283149,-6.77e-07
136.189291061,-6.85e-07
136.31427877,-6.89e-07
136.439285646,-7.23e-07
136.564281629,-7.23e-07
136.689295469,-7.46e-07
136.814292433,-5e-07
136.939287284,-4.88e-07
137.064281045,3.83e-07
137.189284499,-6.07e-07
137.314282614,1.134e-06
137.439287918,9.95e-07
137.56427455,8.62e-07
137.689287776,-1.204e-06
137.814291767,-1.629e-06
137.939281205,-2.198e-06
138.064276457,-3.741e-06
138.189282643,-3.741e-06
138.3142899,-1.789e-06
138.43927408,-1.005e-06
138.564284618,-4.26e-07
138.689280599,-7.1e-08
138.81428132,9.9e-08
138.939291879,8e-08
139.06428408,-1.22e-07
139.189277897,4.08e-07
139.314292734,-2.57e-07
139.439282032,-1.007e-06
139.564288619,-1.306e-06
139.689284008,-8.35e-07
139.81428273,-1.036e-06
139.939286897,-1.009e-06
140.064285083,-1.009e-06
140.189283508,-8.6e-07
140.314294414,-7.3e-07
140.439288352,-3.98e-07
140.564284577,-3.43e-07
140.68929501,-3.43e-07
140.814277641,-4.13e-07
140.939271632,-5.32e-07
141.064286385,-6.46e-07
141.189283999,-7.1e-07
141.314275657,-7.38e-07
141.439291707,-7.38e-07
141.564281614,-7.17e-07
141.689285349,-7.08e-07
141.814291991,-6.91e-07
141.939281171,-6.62e-07
142.06428258,-6.62e-07
142.18929181,-6.63e-07
142.314293513,-7.01e-07
142.439290913,-2.238e-06
142.564275264,-2.238e-06
142.689284051,-2.084e-06
142.8142848,-2.625e-06
142.939272892,-5.16e-07
143.064289388,5.99e-07
143.189289955,9.21e-07
143.31428483,6.34e-07
143.439279432,6.34e-07
143.56428826,6.34e-07
143.689293714,4e-07
143.814281818,1.59e-07
143.939282598,4.2e-08
144.064291053,4.2e-08
144.189298939,4.2e-08
144.314279048,8.6e-07
144.4392931,1.202e-06
144.564288539,1.187e-06
144.689280267,1.43e-07
144.814276532,-2.155e-06
144.939283513,-3.577e-06
145.064280686,-3.577e-06
145.189277849,-2.949e-06
145.314275683,-2.168e-06
145.439279046,-1.288e-06
145.564287898,-1.288e-06
145.689287029,-4.31e-07
145.81429079,-6.78e-07
145.939295425,-4.58e-07
146.064271826,-9.9e-08
146.189283161,1.99e-07
146.314279548,-9.9e-08
146.439286908,-2.49e-07
146.564298108,-4.99e-07
146.689279191,-1.051e-06
146.814279425,-1.135e-06
146.939278315,-1.135e-06
147.064283987,-1.135e-06
147.189284862,-1.011e-06
147.314290368,-8.33e-07
147.439289399,-9.35e-07
147.564292788,-9.35e-07
147.689290889,-6.32e-07
147.814288392,-5.47e-07
147.939285947,-5.14e-07
148.064300217,-4.98e-07
148.189288796,-5.31e-07
148.314288603,9.4e-08
148.439280893,-5.69e-07
148.564289613,-8.84e-07
148.689288427,-9.94e-07
148.814286131,-1.064e-06
148.939283555,-1.064e-06
149.064285695,-7.78e-07
149.189281413,-6.62e-07
149.314286101,-5.5e-07
149.439276558,-5.18e-07
149.564296413,-5.18e-07
149.689278656,-5.12e-07
149.814279583,-5.53e-07
149.939298652,-6.23e-07
