time,Nodes1Paths2.StandardSlave_1.PTP_Stack.offsetFromMaster:vector
0,0
0,0
0.356304674732,0.00191788
0.371923408548,0.00191383
0.387546903313,7.501e-06
0.403173435177,2.028e-06
0.418810789305,2.56e-06
0.434420406198,2.761e-06
0.450048021577,-1.342e-06
0.465672446474,-7.81e-07
0.481305680576,9.13e-07
0.496930084109,5.06e-07
0.51254591378,-1.52e-07
0.528184941162,7.71e-07
0.543792349241,1.201e-06
0.559431764714,1.184e-06
0.575050940971,1.264e-06
0.59068424993,1.83e-06
0.606296524843,8.66e-07
0.621934293578,-3.312e-06
0.637539600593,1.754e-06
0.653180198571,-1.239e-06
0.668803202696,4.65e-07
0.684428551763,9.25e-07
0.700042453417,4.628e-06
0.715677487326,3.354e-06
0.731292011175,6.933e-06
0.746929825828,-1.1003e-05
0.762549007529,-3.83e-06
0.77818576541,-3.981e-06
0.793801694222,-9.61e-07
0.809425944707,2.86e-07
0.825041822757,1.55e-06
0.840683439909,-2.141e-06
0.856307916838,6.605e-06
0.871926227588,5.11e-07
0.887554977777,9.6e-08
0.903177348887,2.15e-06
0.918807599828,-2.46e-07
0.93441144439,-5.57e-07
0.950047492631,-4.71e-07
0.9656754733,2.265e-06
0.981300865897,-1.721e-06
0.996929871992,-7.41e-07
1.012556170974,3.22e-07
1.02817163074,-2.99e-07
1.04379387846,-7.57e-07
1.05942292519,1.64e-06
1.075042719358,1.6e-06
1.09067289273,-1.032e-06
1.106302154892,1.83e-07
1.121926404109,-1.92e-07
1.137544765895,-2.461e-06
1.153165325335,4e-08
1.168802362427,-3.798e-06
1.184420822592,9.93e-07
1.200054018719,1.401e-06
1.215679409309,3.58e-07
1.231298753783,-2.28e-07
1.246929974383,2.69e-07
1.262539650307,3.19e-07
1.278170486508,5.138e-06
1.293798498893,-5.98e-07
1.309422090683,-4.629e-06
1.325053029626,-6.63e-07
1.340667673013,-6.08e-07
1.356304790677,-2.364e-06
1.371927842326,-1.29e-07
1.387553822701,1.418e-06
1.403170738757,-1.853e-06
1.418803912463,4.39e-07
1.434416720355,1.302e-06
1.450048350296,1.19e-06
1.465675927563,4.56e-07
1.481297162952,3.35e-07
1.496920175819,2.48e-07
1.512547304666,-4.1e-08
1.528171208459,-3.5e-08
1.543808870218,4.7e-08
1.559426423554,2.82e-07
1.575047326463,-6.233e-06
1.590676586819,1.224e-06
1.606300107298,9.85e-07
1.621920516128,8.89e-07
1.637541606828,-2.066e-06
1.653172597284,-2.296e-06
1.668792629969,2.329e-06
1.684423700927,2.015e-06
1.700055860616,3.008e-06
1.715674115904,3.554e-06
1.731298945203,4.471e-06
1.746928075791,-6.88e-07
1.762555170272,-4.329e-06
1.778169858949,-1.433e-06
1.79380394439,-7.11e-06
1.809431642273,1.157e-06
1.825060085062,1.621e-06
1.840674734134,1.668e-06
1.856308764806,-3.684e-06
1.871923992498,3.57e-06
1.887558215094,1.569e-06
1.903178183312,9.68e-07
1.918803393111,2.129e-06
1.934433840858,6.5e-08
1.9500499151,-5.57e-07
1.965682552498,-1.275e-06
1.981302505559,-3.5e-08
1.996924604648,1.9e-08
2.012540979158,-1.71e-07
2.028180453528,6e-08
2.043795397203,1.19e-06
2.059431251922,-2.37e-07
2.075060717463,3.901e-06
2.090676620241,-7.1e-07
2.106306758449,-1.15e-06
2.121928508409,5.58e-07
2.137554270044,1.22e-06
2.153174003149,-3.3e-08
2.168809907657,-5.019e-06
2.184416131724,-2.33e-07
2.200046291962,-2.77e-07
2.215672142112,3.359e-06
2.23130688538,-3.15e-07
2.246930181502,-5.64e-06
2.262547340217,9.46e-07
2.278172306504,7.49e-07
2.293806702863,-2.73e-07
2.309419607546,2.45e-07
2.325053646186,1.06e-07
2.340681771648,6.59e-07
2.356293843524,3.76e-06
2.371930151019,-2.45e-07
2.387552570866,-9.488e-06
2.403183825598,5.4e-07
2.418795043124,3.59e-07
2.434432472881,2.99e-07
2.450048388019,6.703e-06
2.46566992591,7e-09
2.481302849245,1.32e-07
2.496921765232,-2.48e-07
2.512549378297,-5.18e-06
2.528167762909,2.35e-07
2.543792534815,1.99e-07
2.559426654168,-6.48e-07
2.575057605876,-6.37e-07
2.590670663953,5.794e-06
2.606300725434,3.04e-06
2.621920321656,2.824e-06
2.63754290542,-1.677e-06
2.653175393117,-1.364e-06
2.668807799136,-1.092e-06
2.684428000562,-1.353e-06
2.70004242471,4.26e-07
2.715676386365,3.09e-07
2.731298594187,-4.22e-07
2.746931315797,-1.83e-07
2.762551432521,-2.388e-06
2.778172527481,-4.93e-07
2.793805618703,1.24e-07
2.809424809459,2.129e-06
2.825061058545,1.19e-07
2.840678654933,6.475e-06
2.856293538377,-1.184e-06
2.871924319738,2.643e-06
2.887562370374,-1.668e-06
2.903180569067,-1.742e-06
2.918799282482,-7.768e-06
2.934419130976,2.42e-07
2.950045592621,-1.95e-07
2.965675892728,1.595e-06
2.981297101696,1.14e-07
2.99692553343,-1.169e-06
3.012546073203,-2.161e-06
3.028184043564,7.68e-07
3.043803351633,-2.151e-06
3.059428534403,1.306e-06
3.075057529922,3.253e-06
3.090671193167,1.569e-06
3.106299314101,1.216e-06
3.121924662261,-7.72e-07
3.137550342573,-8.13e-07
3.153173302058,-4.754e-06
3.168803857308,-2.873e-06
3.184430772026,-3.07e-07
3.200044780238,5.14e-07
3.215676866605,1.339e-06
3.231292372676,1.628e-06
3.246931031958,2.146e-06
3.262549072501,3.954e-06
3.278169541063,5.63e-07
3.293803751533,-2.03e-07
3.309417737139,-2.05e-07
3.325045381142,6.091e-06
3.340672367059,-4.42e-06
3.356308693883,-3.83e-06
3.371924164068,-2.91e-07
3.387550438051,1.75e-07
3.403181578137,-1.852e-06
3.418812734973,1.047e-06
3.434411161895,9.41e-07
3.450045053382,3.81e-07
3.465667421957,-1.6e-07
3.481305534503,-1e-08
3.496927137619,-5.84e-07
3.512545084071,-8e-08
3.528186393888,-1.426e-06
3.543801729759,-5.87e-07
3.559440561027,1.117e-06
3.57505993134,-6.63e-07
3.590675075492,-2.05e-07
3.606299174407,1.402e-06
3.621930299003,1.491e-06
3.637550741788,1.53e-06
3.653174264154,-3.71e-07
3.668798840044,-7.62e-07
3.684427979946,-7.65e-07
3.700052334125,-8.79e-07
3.715682725404,-6.03e-07
3.731293376781,-1.968e-06
3.746926048127,1.742e-06
3.76255394671,-3.312e-06
3.778166389925,1.203e-06
3.793807398904,1.063e-06
3.809421601548,1.107e-06
3.82504901242,6.95e-07
3.840677994143,2.829e-06
3.856306676954,5.447e-06
3.871920594993,-1.222e-06
3.887548947132,2.716e-06
3.903184883244,-1.631e-06
3.918804905856,2.268e-06
3.934423357402,-2.401e-06
3.950056554658,-1.811e-06
3.965684404945,-1.018e-06
3.981296784204,-8.54e-07
3.996929288253,9e-07
4.012556425607,2.15e-07
4.02817842626,-1.74e-07
4.043803781347,-6.31e-07
4.059422677398,0
4.075053839654,-5.08e-07
4.09067145019,-5.202e-06
4.106306232543,-6.339e-06
4.121921446902,2.274e-06
4.137545068908,1.666e-06
4.15317480734,1.429e-06
4.168806081278,1.179e-06
4.184424886497,-1.183e-06
4.200054837644,5.712e-06
4.215672174246,-6.99e-07
4.231305248574,-5.99e-07
4.246919764326,6.88e-07
4.262557095858,6.19e-07
4.278177042297,-1.176e-06
4.293797682888,-2.69e-07
4.30942323634,-6.94e-07
4.325048749884,-5.36e-07
4.340670828406,-7.19e-07
4.35630143979,-1.289e-06
4.371927616383,1.277e-06
4.387553264974,-1.58e-06
4.403177982029,-2.526e-06
4.418797742312,-1.773e-06
4.434425756066,-2.63e-07
4.450052149468,-1.093e-06
4.465670430101,5.225e-06
4.481300892287,-1.689e-06
4.496925177498,-1.651e-06
4.512555223912,-4.293e-06
4.528170684813,1.81e-07
4.543793109519,5.38e-07
4.559433939777,1.0121e-05
4.575055975669,7.7e-08
4.590672253261,2.327e-06
4.606303291436,-5.003e-06
4.621927877636,-9.41e-07
4.637546951946,-5.485e-06
4.653175752912,7.34e-07
4.668789959864,2.245e-06
4.68443539906,6.943e-06
4.70005869958,1.103e-06
4.715671157421,-2.849e-06
4.731298884279,-4.39e-07
4.746925278229,-3.162e-06
4.762546380164,-2.649e-06
4.778168954011,-4.268e-06
4.793805006907,4.456e-06
4.809423365209,-8.96e-07
4.825049045922,6.624e-06
4.840671445591,4.72e-07
4.856292027423,1.203e-06
4.871929240342,-3.457e-06
4.887548995059,-4.75e-07
4.903167341532,-1.64e-06
4.918803095385,-2.01e-07
4.934430830875,-6.93e-07
4.950052693691,-2.811e-06
4.96567043623,-4.261e-06
4.981291703762,1.454e-06
4.996929078738,1.16e-06
5.012551518997,1.198e-06
5.028181792329,1.031e-06
5.04379803183,7.62e-07
5.059430239344,2.105e-06
5.075049463427,1.733e-06
5.090676952679,1.492e-06
5.10629972051,1.7e-07
5.121925474816,8.9e-08
5.137547857074,-2.8e-07
5.153177601648,-8.34e-07
5.168796050592,-7.03e-07
5.184423730983,-8.39e-07
5.200054739552,2.682e-06
5.215679100649,1.265e-06
5.231296147393,-7.33e-07
5.24691914138,-1.135e-06
5.262558027697,5.35e-06
5.278176217236,-1.871e-06
5.293796080962,-3.577e-06
5.309423773534,-6.11e-07
5.325048971003,9e-09
5.340677856544,4.25e-07
5.356299283961,2.1e-08
5.371925725316,6.6e-07
5.38755431691,1.88e-07
5.4031792921,-3.16e-07
5.418797752468,-1.376e-06
5.434419760715,4.046e-06
5.450040363018,-9.506e-06
5.465672982524,-2.513e-06
5.481298587257,1.307e-06
5.496921182263,2.689e-06
5.512551594514,2.27e-06
5.528171652913,2.453e-06
5.54379675601,6.427e-06
5.559431392978,-6.7e-07
5.575051888339,-1.394e-06
5.590676166213,-2.134e-06
5.606301424206,-9.51e-07
5.621923332935,2.196e-06
5.637555768385,-3.57e-06
5.653175135732,1.62e-07
5.66880833617,4.38e-07
5.684418424482,3.63e-07
5.700048194338,-4.3e-08
5.715680452545,1.87e-07
5.731293677228,1.808e-06
5.746926529928,2.51e-07
5.762547073832,-3.74e-07
5.778175534803,-3.84e-07
5.793802253717,-4.49e-07
5.809436249045,-9.62e-07
5.825047943524,1.3e-08
5.840672431555,5.3e-08
5.856298562827,1.1e-08
5.871918605275,1.24e-07
5.887550017925,-2.811e-06
5.903175661843,5.77e-07
5.918795298951,4.2e-07
5.934418073747,-9.12e-07
5.950054605458,-8.18e-07
5.965677864518,-1.327e-06
5.981300064364,3.917e-06
5.996924718464,-7.343e-06
6.012553805049,1.729e-06
6.028177289131,1.226e-06
6.043799652806,-8.64e-07
6.059427941388,-1.392e-06
6.075059370396,6.261e-06
6.090674126544,-2.769e-06
6.106303914063,2.179e-06
6.121936333824,2.478e-06
6.137550107399,7.216e-06
6.153166251247,6.77e-07
6.168799910603,1.735e-06
6.184433597102,-1.101e-06
6.200044433282,2.48e-06
6.215672348266,-3.289e-06
6.231293715785,-1.942e-06
6.246932034019,2.6e-08
6.26255032936,-3.368e-06
6.27818002158,-5.181e-06
6.293802297064,9.9e-07
6.309432963588,1.053e-06
6.325057970943,-4.219e-06
6.340680346835,-1.213e-06
6.356307889033,2.245e-06
6.371925563478,1.672e-06
6.387549030405,-7.16e-07
6.403181465021,-1.387e-06
6.418806409327,-1.969e-06
6.434430760454,2.748e-06
6.450059233607,2.596e-06
6.465664057631,4.018e-06
6.481308350597,5.66e-07
6.496916779319,4.75e-07
6.512552055675,-4.33e-07
6.528183790915,-6.41e-07
6.543801601985,1.599e-06
6.559423657706,-4.303e-06
6.575040119656,2.1e-08
6.590674316514,2.01e-06
6.606305461767,1.2e-08
6.621929120447,-3.404e-06
6.637555164007,2.176e-06
6.653176127394,-4.06e-07
6.668812997424,-4.42e-07
6.68442775717,4.37e-07
6.700050059412,9.1e-07
6.715673427665,2.368e-06
6.731297495981,-3.155e-06
6.746929285826,-1.64e-07
6.762551986085,4.4e-08
6.778177599858,-5.33e-06
6.793807146899,1.091e-06
6.809420477352,1.327e-06
6.825050724622,2.45e-07
6.840676295971,-2.74e-06
6.856301746921,-1.156e-06
6.871932577488,-3.899e-06
6.887561033651,1.016e-06
6.903162996794,3.307e-06
6.918792063438,1.74e-06
6.934425259917,4.328e-06
6.950054646507,-6.8e-07
6.965678990758,-5.23e-07
6.981302735025,-4.41e-07
6.996930343414,-4.05e-07
7.012560981279,-1.38e-07
7.028170898706,-1.23e-07
7.04380946614,2.59e-07
7.059428499604,2.14e-07
7.075044510337,-4.176e-06
7.090676486248,5.3e-07
7.10629329388,2.63e-07
7.121929918931,-9.18e-07
7.137546674912,7.97e-07
7.153170838173,1.371e-06
7.168806686392,-9.91e-07
7.184422837636,7.13e-07
7.200052435879,-1.864e-06
7.215680286705,4.97e-07
7.231312024846,7.3e-07
7.246927794903,1.113e-06
7.26255339092,9.4e-07
7.27818595664,7.93e-07
7.293800052392,3.1e-07
7.309421790406,-9.03e-07
7.325046474007,-1.77e-06
7.340665212322,2.298e-06
7.356309994087,-2.369e-06
7.371927347716,-1.969e-06
7.387552406274,-1.812e-06
7.403180180548,-5.87e-07
7.418807021061,-2.353e-06
7.434422585116,4e-09
7.45005241597,-1.445e-06
7.465683979457,-2.036e-06
7.481297210953,2.173e-06
7.496929936519,1.525e-06
7.51255483335,-1.368e-06
7.528183437455,1.562e-06
7.543793745619,1.095e-06
7.559425414896,-2.952e-06
7.575044766003,-3.147e-06
7.590672132112,3.115e-06
7.606303697072,2.935e-06
7.621925063804,4.976e-06
7.637553715207,7.351e-06
7.653182743234,-7.44e-07
7.668794274886,-2.231e-06
7.684426255619,4.16e-07
7.700051727843,-2.241e-06
7.715677501737,-1.191e-06
7.731305863842,3.511e-06
7.746920339877,-1.197e-06
7.762545285105,-9.4e-08
7.778174521417,3.36e-07
7.793803255945,4.934e-06
7.809427615115,-7.28e-07
7.82505637738,-1.571e-06
7.840682271699,-3.32e-07
7.856309289994,-1.38e-07
7.871926070846,9.07e-07
7.887549245348,-2.334e-06
7.903169995893,1.53e-07
7.918796371419,-1.02e-06
7.934425154479,-4.35e-07
7.950054236454,-1.018e-06
7.965676658183,2.72e-07
7.981299160313,-3.035e-06
7.996929038718,4.87e-07
8.012547310881,2.787e-06
8.02817464561,3.01e-07
8.043804907388,2.95e-07
8.059428395319,4.307e-06
8.075053711004,-6.782e-06
8.090671217792,8.26e-07
8.106303369058,1.322e-06
8.121918774234,-2.566e-06
8.137553292629,-2.92e-07
8.153182879123,1.912e-06
8.168802272075,-8.85e-07
8.184421531233,-6.99e-07
8.200046144759,-7.23e-07
8.215676743711,-2.1e-07
8.231307157604,2.622e-06
8.246925604264,-4.8e-07
8.262550118429,-4.07e-07
8.27816749754,3.98e-07
8.29379747342,3.18e-07
8.309433696182,3.54e-07
8.325050713706,4.817e-06
8.340688807756,-4.6e-07
8.356299851325,-3.798e-06
8.37191817795,3.261e-06
8.387545257701,-1.297e-06
8.403177518781,-1.095e-06
8.418805653721,-8.57e-07
8.434429169918,-3.9e-07
8.450046383311,2.44e-07
8.465678244746,2.06e-07
8.4812998037,-2.533e-06
8.496925299822,3.19e-07
8.512556186811,-1.264e-06
8.528181786213,-1.241e-06
8.543804562287,-7.23e-07
8.559425032366,1.024e-06
8.575052323816,-5.044e-06
8.590676983988,2.182e-06
8.606298965087,1.893e-06
8.621922881076,1.316e-06
8.637540647053,1.817e-06
8.653183762757,-5.432e-06
8.668796620435,1.205e-06
8.684426941614,7.052e-06
8.700042746073,-7.21e-07
8.715682734252,-1.293e-06
8.731307294911,-1.774e-06
8.746928422527,-1.098e-06
8.762552499841,-4.1e-07
8.778174683994,4.353e-06
8.793803512841,-5.511e-06
8.809420024932,2.695e-06
8.825053190853,1.177e-06
8.840682061416,-1.756e-06
8.856295682176,1.249e-06
8.87192923608,6.13e-07
8.887547980662,4.09e-07
8.903172772836,3.68e-07
8.918796088082,2.8e-07
8.934423398682,-2.04e-06
8.950050196697,9.02e-07
8.965680770804,7.72e-07
8.981294202271,8.66e-07
8.996929374261,1.31e-07
9.012560446521,2.27e-07
9.02818804725,1.008e-06
9.043791166368,-1.05e-07
9.059432066824,-1.46e-07
9.075047409104,4.4e-08
9.090670774748,-5.684e-06
9.106298371243,9.25e-07
9.121937779583,7.28e-07
9.137542743453,-1.01e-07
9.153163965416,7.87e-07
9.16880129232,6.96e-07
9.184424142183,4.2e-07
9.200056646101,-6.28e-07
9.215675850373,5.19e-07
9.231307661529,-3.231e-06
9.246936302581,-7.42e-07
9.262551859126,9.9e-07
9.278174918822,2.196e-06
9.293802696958,5.6e-08
9.309430349473,-8.28e-07
9.325050405827,3.563e-06
9.340684480053,-2.492e-06
9.356305536335,-2.02e-06
9.371920673947,-8.04e-07
9.387552015315,2.036e-06
9.40318439524,-1.906e-06
9.418786682982,-1.487e-06
9.434427689598,-6.13e-07
9.450042967238,-4.67e-07
9.465678590307,-2.865e-06
9.481288559643,1.93e-06
9.496912603761,1.912e-06
9.512549149957,1.571e-06
9.528171359577,1.576e-06
9.543795721882,6.21e-07
9.559426897899,5.24e-07
9.575045227032,3.92e-07
9.590680828277,3.72e-07
9.606295873696,2.64e-07
9.621930825713,3.15e-07
9.637542434741,4.024e-06
9.653175973839,3.436e-06
9.668794693187,-1.475e-06
9.684426457413,-1.303e-06
9.700056903136,-1.101e-06
9.715679078531,-1.029e-06
9.731306738474,-2.726e-06
9.74691498093,4.99e-07
9.762542990501,5.222e-06
9.778169421075,-1.6e-07
9.793800522323,1.862e-06
9.809426944531,2.629e-06
9.825041425935,-2.988e-06
9.840674642596,1.401e-06
9.856297308057,-3.09e-06
9.871926843129,-2.9e-06
9.887548006809,-2.155e-06
9.903169618167,-3.86e-07
9.918799981232,-5.57e-07
9.934419673943,1.77e-07
9.950056771063,2.26e-07
9.965668136652,-5.002e-06
9.981304314179,2.535e-06
9.996926503307,4.708e-06
10.01255319985,1.422e-06
10.028168638531,-2.166e-06
10.043805281076,4.81e-07
10.059422220313,6.05e-07
10.075043042391,3.19e-07
10.090683013111,3.28e-07
10.106297814619,1.76e-07
10.121919378546,-2.6e-07
10.137545874767,8.004e-06
10.153178963903,-2.345e-06
10.168800859328,-1.346e-06
10.1844174817,4.521e-06
10.200047872288,1.447e-06
10.215677898982,-2.304e-06
10.231304722354,-1.443e-06
10.246927760543,-1.218e-06
10.262543900756,-5.32e-06
10.278181286605,-1.46e-07
10.293794515327,2.5e-08
10.309425910453,-3.477e-06
10.325040766599,2.922e-06
10.340682568031,2.32e-07
10.356296236266,1.47e-07
10.371925609469,1.14e-07
10.387553787918,6.946e-06
10.403171162634,-5.63e-07
10.418807525657,-3.418e-06
10.434427374146,-7.84e-07
10.45005018419,-6.86e-07
10.465671193942,-5.4e-08
10.48129418077,1.57e-06
10.496919077917,-1.782e-06
10.512555251661,-2.54e-07
10.528165945947,-4.31e-07
10.543803645906,-1.172e-06
10.559422473831,-1.023e-06
10.575050244507,-1.68e-06
10.590681039805,-1.84e-07
10.606296448557,1.319e-06
10.62192226166,-6.8e-07
10.637554149987,-1.565e-06
10.653171925424,-2.8e-07
10.668811245409,-4.85e-07
10.684427441888,-1.18e-07
10.700061187034,-4e-07
10.715682839508,-6.533e-06
10.731301884029,4.34e-07
10.746934915912,3.68e-07
10.762547717895,-5.224e-06
10.778172154312,3.202e-06
10.793805237589,2.287e-06
10.809418339982,2.587e-06
10.825044709475,2.261e-06
10.840668085702,1.957e-06
10.85629695848,8.44e-07
10.871924477127,3.28e-07
10.887543446611,-4.506e-06
10.903173523272,1.046e-06
10.918801308225,-3.214e-06
10.934424757598,9.5e-08
10.950055092181,7.87e-07
10.965666589629,8.32e-07
10.981302176709,5.42e-07
10.996928049096,1.108e-06
11.012532549072,9.35e-07
11.02816821096,-9.27e-07
11.043799376688,3.309e-06
11.059428822932,-4.07e-07
11.075047891739,4.13e-07
11.090674245755,3.666e-06
11.106305443686,-1.166e-06
11.121929969746,-5.334e-06
11.137556375599,-3.752e-06
11.153178016618,1.893e-06
11.168795850155,2.806e-06
11.184421657582,-3.031e-06
11.200054782992,4.782e-06
11.215670488136,4.135e-06
11.231303483868,1.072e-06
11.246920007868,-7.03e-07
11.262546564719,-6.876e-06
11.27817007464,3.97e-07
11.293805740665,-2.82e-07
11.309425789164,-3.979e-06
11.325050268637,1.508e-06
11.340669706978,1.273e-06
11.356304586228,9.82e-07
11.371928721856,7.71e-07
11.387559436205,1.191e-06
11.403171113813,3.55e-07
11.418800174929,3e-07
11.434420802497,5.861e-06
11.450055062927,-1.779e-06
11.465676170105,-6.036e-06
11.481303164793,-3.5e-08
11.496929294021,1.529e-06
11.512550408389,1.331e-06
11.528173943745,1.456e-06
11.543805181029,-3.12e-06
11.559427367541,1.673e-06
11.575056313931,4.796e-06
11.590680025179,1.64e-07
11.606294461893,6.1e-08
11.621922819868,4.001e-06
11.637545979995,-1.163e-06
11.653172599084,4.85e-06
11.668798161004,-2.773e-06
11.684428654118,-2.322e-06
11.700038704795,5.22e-07
11.715686651705,-2.185e-06
11.731296398608,3.05e-07
11.746929913335,-1.55e-06
11.762556848269,-1.358e-06
11.7781717757,2.17e-06
11.793792698331,-4.68e-07
11.809433766237,-9.78e-07
11.825052682934,-5.42e-07
11.840681615364,-4.5e-07
11.856302845006,-3.8e-07
11.871932495157,-1.29e-07
11.887546337544,-1.58e-07
11.903169390336,5.91e-07
11.918796865748,1.405e-06
11.934426687284,1.902e-06
11.950046234499,-2.877e-06
11.965676943168,-2.429e-06
11.981306925372,9.3e-08
11.996919657995,-5.72e-07
12.012537582106,8.49e-07
12.028173290337,-1.224e-06
12.043805039845,1.76e-07
12.059425759371,-4.968e-06
12.075040568478,4.39e-07
12.090672993099,-4.54e-07
12.106297293154,-1.466e-06
12.121919449005,-4.12e-07
12.137557240856,-4.339e-06
12.153174205395,8.87e-07
12.16879399796,4.099e-06
12.184423973723,-1.14e-06
12.200044401058,1.819e-06
12.215675654972,-3.623e-06
12.231293636495,3.267e-06
12.246921536636,7.3e-08
12.262551710032,1.311e-06
12.278172504128,5.33e-07
12.293800618996,-3.01e-07
12.309417272565,-5.28e-07
12.325048583271,5.969e-06
12.340672263626,-1.862e-06
12.356298946568,-3.073e-06
12.371917231713,-3.583e-06
12.387545626172,9.59e-07
12.403185208442,1.284e-06
12.41880294269,1.216e-06
12.434429759626,5.026e-06
12.45004895288,3.542e-06
12.465668892409,-9.03e-07
12.481303164568,-1.547e-06
12.496928237466,-6.04e-07
12.512541587966,-6.02e-07
12.528180245143,2.4e-08
12.543804951604,1.3e-08
12.559425737623,-3.1e-08
12.575052209182,-3.4e-08
12.590670698634,1.387e-06
12.606305692397,3.379e-06
12.621916539119,-2.831e-06
12.637553231904,-7.165e-06
12.653175870014,-5.088e-06
12.668804734364,4.307e-06
12.684428743646,-8.64e-07
12.70004506672,-1.181e-06
12.715683769575,4.62e-07
12.731290792438,-7.76e-07
12.74692669374,-9.63e-07
12.762550405137,-1.55e-07
12.778182554169,-1.413e-06
12.793798298401,1.822e-06
12.809431929904,1.864e-06
12.825054469208,-4.576e-06
12.840678410081,-2.963e-06
12.856301476037,3.614e-06
12.871922670797,6.467e-06
12.887557803367,5.298e-06
12.903175062025,5.13e-07
12.918796827305,-1.076e-06
12.934428412292,-2.458e-06
12.950048337529,3.749e-06
12.965665700672,-1.516e-06
12.98129717259,-1.997e-06
12.99693092781,-3.85e-07
13.012553148376,-2.75e-07
13.028176749168,-2.48e-07
13.043798750053,-3.41e-06
13.059431667599,1.37e-07
13.07505131145,0
13.090676655437,1.317e-06
13.106302638591,1.161e-06
13.121918697521,2.095e-06
13.137548760136,1.202e-06
13.153182565116,6.47e-07
13.168801899947,4.12e-07
13.184433515984,5.814e-06
13.200048192297,1.258e-06
13.215676643999,-1.714e-06
13.231300841026,-1.382e-06
13.2469285251,-3.448e-06
13.262547024906,-2.96e-06
13.278169283567,-1.349e-06
13.293793878181,1.271e-06
13.309430999602,-1.85e-07
13.325048745597,5.43e-07
13.340681194392,1.74e-07
13.356301954293,2.13e-07
13.371922664066,-8.03e-07
13.387553977833,-7.52e-07
13.403177670984,-3.411e-06
13.418798322162,1.014e-06
13.434434696267,1.147e-06
13.450061190058,8.17e-07
13.465684779489,7.06e-07
13.481305394253,-2.887e-06
13.496926387303,1.197e-06
13.512555218721,-3.9e-08
13.528176578214,7.81e-07
13.543797414213,3.202e-06
13.559428753016,-2.865e-06
13.575050734728,5.381e-06
13.590687451874,-1.16e-07
13.606294752687,-2.17e-07
13.621929948223,3.756e-06
13.637551253142,-3.29e-07
13.653165760206,2.355e-06
13.66879286263,-2.353e-06
13.684430785651,2.55e-07
13.70005161959,-1.084e-06
13.715680764018,-6.73e-07
13.731293126667,-1.975e-06
13.746930672191,-1.384e-06
13.762543812274,-6.44e-07
13.778180021067,-2.68e-07
13.793799077593,3.398e-06
13.809421894267,1.668e-06
13.82505279773,-6.84e-07
13.840679804687,-6.45e-07
13.856300676331,6.405e-06
13.87191468588,-2.653e-06
13.887541518046,2.301e-06
13.903176473752,1.425e-06
13.918787494689,-3.78e-06
13.934417370367,-1.948e-06
13.950055762704,-1.043e-06
13.965675541981,-1.021e-06
13.981306475526,-2.37e-07
13.996922145106,-7e-06
14.012549899484,1.741e-06
14.028171989392,1.403e-06
14.043792524345,3.899e-06
14.059426181417,1.05e-06
14.075050045206,9.93e-07
14.090672589215,6.9e-08
14.106296579801,1.626e-06
14.12192024875,-1.068e-06
14.137550908963,6.2e-08
14.153186438507,-7.35e-07
14.168800374456,-5.64e-07
14.184431915163,-6.733e-06
14.200051030786,9.48e-07
14.215681748974,2.19e-07
14.23130668049,-6.414e-06
14.246927614226,-1.247e-06
14.262544627789,2.437e-06
14.278173248867,3.926e-06
14.29379420188,-4.37e-07
14.309418063172,1.212e-06
14.32505947742,6.15e-07
14.340676582515,2.35e-07
14.356302484392,-4.61e-06
14.37192140404,1.25e-06
14.387551202885,3.56e-07
14.403179765499,3.174e-06
14.418800826401,-6.94e-07
14.434433240769,-1.62e-07
14.450055124388,-5.71e-07
14.465667668906,-1.56e-07
14.481302939923,-1.32e-07
14.496933102977,-2.7e-07
14.512544637875,-1.53e-07
14.528165509069,4.46e-07
14.543800497148,-4.216e-06
14.559425725494,1.041e-06
14.575055752636,8.71e-07
14.590670984022,7.36e-07
14.606310129562,1.095e-06
14.621923779618,3.208e-06
14.637543926021,-6.8e-08
14.653179932832,3.533e-06
14.668804975513,1.164e-06
14.684427995337,2.982e-06
14.700046437876,-1.865e-06
14.7156809933,-2.001e-06
14.73130544204,-1.688e-06
14.746921653488,-2.816e-06
14.762550439271,9.8e-08
14.778178883569,7.617e-06
14.793794861911,-1.071e-06
14.809422900243,-9.81e-07
14.825055447641,2.912e-06
14.840678171652,-1.924e-06
14.85629955941,-1.657e-06
14.871927681366,-7.16e-07
14.887553147834,2.9e-08
14.903171566467,-4.575e-06
14.918811430164,4.948e-06
14.934426002324,-8.8e-07
14.950056473919,-5.754e-06
14.965673814118,1.326e-06
14.981300387994,2.003e-06
14.996930790885,-3.75e-07
15.012557237324,-1.75e-07
15.028182201602,5.309e-06
15.043807789348,-1.868e-06
15.059421689137,-2.754e-06
15.075048756386,-2.291e-06
15.090665099815,-1.883e-06
15.106299413788,2.528e-06
15.121932038147,-7.33e-07
15.137553004065,1.188e-06
15.153179037314,-2.038e-06
15.1687982604,-2.7e-07
15.184429289267,-2.1e-07
15.200053810605,-6.19e-07
15.215667749539,2.292e-06
15.231301825528,-1.065e-06
15.246921393485,4.91e-07
15.26255345235,4.339e-06
15.278175719793,-2.28e-07
15.293793885189,6.114e-06
15.309427218044,4.266e-06
15.325056373444,-4.083e-06
15.340671164385,-3.448e-06
15.356299031037,-2.575e-06
15.371924164195,-1.605e-06
15.387543698796,-8.13e-07
15.403168979989,-1.037e-06
15.418798329754,-1.449e-06
15.434427716064,-8.73e-07
15.450055669789,4.46e-07
15.465686893806,5.42e-07
15.481299745777,-5.7e-08
15.496922104647,-2.241e-06
15.512559461918,4.57e-07
15.528179944151,8.94e-07
15.543801510965,7.89e-07
15.559417447473,-1.576e-06
15.575045146877,1.086e-06
15.59067291227,9.66e-07
15.606305394384,2.99e-07
15.621913774598,2.35e-07
15.637549710141,4.48e-07
15.653172320141,1.69e-07
15.668801700641,4.4e-08
15.684425306326,3.6e-08
15.700048809759,-1.8e-08
15.715663382678,-2.5e-08
15.731300797509,-2.95e-07
15.746929601732,-3e-07
15.762552102338,-1.78e-07
15.778175369778,-5.51e-07
15.793803336788,-5.889e-06
15.809417741157,6.221e-06
15.825054351115,5.166e-06
15.840681314959,-4.57e-07
15.85630424368,-1.88e-06
15.871918600625,-2.378e-06
15.887561105129,8.92e-07
15.903174925738,-1.87e-06
15.918797096793,-1.287e-06
15.934428775573,-1.1e-08
15.950048648767,4.33e-07
15.965682133549,3.89e-07
15.981308095624,4.45e-07
15.996923362984,-2.772e-06
16.012543411726,7.08e-07
16.028188171181,5.89e-07
16.043804002581,5.29e-07
16.059416574602,1.59e-06
16.075049651058,2.48e-07
16.090667920916,1.1e-07
16.106287428368,1.42e-07
16.121926985597,-1.429e-06
16.13754947311,4.01e-07
16.153178732726,2.81e-07
16.168798593752,-7.63e-07
16.18443442591,1.206e-06
16.200048774855,4.126e-06
16.21567386741,1.69e-06
16.231301692382,-2.359e-06
16.246925097248,-3.91e-07
16.26255299821,-3.53e-06
16.278173802009,-4.03e-07
16.293810135806,-4.14e-07
16.309430632853,-3.58e-07
16.325057174931,8.9e-08
16.340676361479,1.407e-06
16.356294645606,4.337e-06
16.371930405907,-6.72e-07
16.387551136375,-3.527e-06
16.403170184891,2.196e-06
16.418801485772,8.79e-07
16.434436751359,-2.33e-07
16.450047959961,-1.96e-07
16.4656864224,-8.558e-06
16.481305166846,1.128e-06
16.49692644286,1.534e-06
16.512556600134,8.71e-07
16.528176648208,-1.864e-06
16.543810692317,1.7e-06
16.559419169787,2.19e-07
16.575046296399,4.34e-07
16.590681307321,3.17e-07
16.606311070458,-6.98e-07
16.621929099421,7.17e-07
16.637554702399,5.29e-07
16.653172334774,5.47e-07
16.668796369795,8.43e-07
16.684426177337,6.87e-07
16.700044871324,3.3e-07
16.715673896819,-6.421e-06
16.731311860935,1.404e-06
16.74691825808,8.23e-07
16.762558631585,1.044e-06
16.778175795366,3.46e-07
16.793800908426,5.26e-07
16.809418818453,4.68e-07
16.825051734126,7.95e-07
16.840673017021,6.37e-07
16.856297775311,-6e-08
16.871917132865,-6e-08
16.887552099351,-6.409e-06
16.903173053712,-8.02e-07
16.918796312359,2.039e-06
16.934423213344,1.672e-06
16.950047440824,1.084e-06
16.96567121581,8.16e-07
16.981300889697,-9.4e-08
16.996927347768,-1.3e-07
17.012555778016,5.115e-06
17.02816891276,-1.31e-07
17.043803070616,3.57e-06
17.059423096193,-2.653e-06
17.075049170501,-2.699e-06
17.090676192877,-7.8e-08
17.106305322521,-1.865e-06
17.121927446849,-1.349e-06
17.137552355272,-5.54e-07
17.153165989438,3.9e-08
17.1688044051,4.608e-06
17.184425523926,-1.376e-06
17.200052108619,-5.362e-06
17.215679739372,1.75e-07
17.231299396129,6.339e-06
17.246928572515,-1.058e-06
17.262554293616,8.19e-07
17.278171156052,-2.06e-07
17.29380039991,-1.516e-06
17.309418094086,4.378e-06
17.325048159848,-3.205e-06
17.340671412316,-2.439e-06
17.356292100086,-8.83e-07
17.371927190087,-4.02e-07
17.387548267904,5.517e-06
17.403168253878,-1.142e-06
17.418796203991,-2.4e-07
17.434426312019,-7.2e-07
17.450056183258,2.108e-06
17.465668017243,-1.828e-06
17.481306666064,-7.84e-07
17.496921977489,-7.12e-07
17.512551404094,-1.59e-07
17.528181860017,-4.3e-08
17.543798990394,1.45e-07
17.559424728026,4.024e-06
17.575055920222,-6.322e-06
17.590671552331,6.05e-07
17.606291604943,1.018e-06
17.621918218191,8.26e-07
17.637539563267,6.97e-07
17.653169894787,1.179e-06
17.668790273874,6.78e-07
17.684428472993,0
17.700043408101,-4.15e-06
17.715678160532,2.97e-07
17.731295765528,-5.306e-06
17.746919164775,3.42e-06
17.762546810076,-3.12e-07
17.778173536747,2.343e-06
17.793794193714,-6.89e-07
17.80942793929,-6.5e-08
17.825049952344,-5.3e-07
17.840677103485,-1.03e-06
17.856307917631,-1.169e-06
17.871927790573,-2.36e-07
17.887563371297,-1.059e-06
17.903174485402,2.047e-06
17.918807288728,-2.197e-06
17.934426615908,4.446e-06
17.950050950483,1.602e-06
17.965679400736,-1.048e-06
17.981290295149,-9.35e-07
17.996932117856,-5.66e-07
18.012545741253,-2.36e-07
18.028181807667,-2.247e-06
18.043797788764,1.203e-06
18.059417251031,-2.194e-06
18.075043008529,2.03e-06
18.090676774382,2.605e-06
18.10629790703,2.648e-06
18.121923997401,2.201e-06
18.137547053667,1.989e-06
18.153169320599,1.021e-06
18.168801029337,-4.8e-08
18.184426636824,1.344e-06
18.200048013036,4.16e-07
18.215677241375,-1.582e-06
18.231302082524,4.698e-06
18.24692234031,3.755e-06
18.262555434219,-2.637e-06
18.278186165371,-2.294e-06
18.293798501348,-1.919e-06
18.30943057001,-2.111e-06
18.325037698034,-1.373e-06
18.34066918571,-4.308e-06
18.356301327975,1.5e-08
18.371919855871,5.312e-06
18.387539717546,-8.16e-07
18.403190249703,-6.65e-07
18.418790547842,-2.486e-06
18.434429526293,6.001e-06
18.450056416026,-6.426e-06
18.465684670621,-4.916e-06
18.481298187331,1.426e-06
18.496931384094,1.311e-06
18.512551061554,-2.6e-08
18.528181689213,-5.72e-07
18.543801836587,-3.5e-07
18.559431985431,-2.95e-07
18.575050621032,-4.541e-06
18.590681712029,6e-07
18.606307504032,-1.583e-06
18.621921532548,1.854e-06
18.637550027308,-2.042e-06
18.653175334176,2.341e-06
18.668797636752,1.369e-06
18.68443044945,7.88e-07
18.700052102483,9.7e-08
18.715678650786,4.9e-07
18.731299531012,4.13e-07
18.746925372799,3.66e-07
18.762554334995,2.57e-07
18.778168461211,3.843e-06
18.793811427279,-8.81e-07
18.809424217256,-1.586e-06
18.825050114781,1.01e-06
18.840672084799,3.745e-06
18.856296750832,-2.82e-07
18.87192036465,-1.397e-06
18.887539198362,-4.654e-06
18.903175971385,2.71e-07
18.918805599056,3.46e-07
18.934429626152,4.35e-07
18.950050698492,4.75e-07
18.965674673982,1.76e-07
18.981300199655,8.9e-08
18.996922057101,-7.81e-07
19.012548071611,1.98e-07
19.028169886521,1e-07
19.043798823859,2.42e-07
19.059423174242,3.38e-07
19.075057621505,3.85e-07
19.090681026796,1.58e-07
19.106300568186,4.991e-06
19.12191243015,-4.821e-06
19.137543974946,-1.669e-06
19.15318030737,2.575e-06
19.168800677517,-6.25e-07
19.184429571528,-9.61e-07
19.200057561444,-4.69e-07
19.215675365935,2.644e-06
19.231296929412,-1.334e-06
19.246924963882,2.64e-07
19.262548168967,-1.043e-06
19.278175950011,1.043e-06
19.29380149173,-4.202e-06
19.309431612394,-8.6e-08
19.32504450289,-1.573e-06
19.340673251367,1.03e-06
19.356299038942,5.78e-07
19.37192188719,8.02e-07
19.38755722915,2.28e-07
19.403173644368,1.42e-07
19.418807051029,-1.05e-07
19.434426783586,-1.3e-07
19.450047195318,-8.69e-07
19.46568532017,-1.29e-06
19.481307006327,-1.014e-06
19.49693421886,-3.056e-06
19.512552101905,-1.672e-06
19.528182419476,1.923e-06
19.543803522185,1.64e-06
19.559430992891,1.425e-06
19.575060622053,-4.6e-08
19.590685695689,1.609e-06
19.606293946821,7.92e-07
19.621921198028,4.934e-06
19.637553085484,-3.086e-06
19.653170729487,2.1e-07
19.668789940894,-3e-08
19.684434113589,-2.009e-06
19.700048669268,7.95e-07
19.715671262441,7.21e-07
19.731302504212,2.43e-07
19.746935897168,1.53e-07
19.762555382772,3.246e-06
19.778167192324,-3.417e-06
19.79380376306,5.273e-06
19.809431319062,-7.599e-06
19.825053762966,4.11e-07
19.840673818145,-5.6e-07
19.856301959338,3.318e-06
19.871918178174,-6.92e-07
19.887544870992,9.1e-08
19.903165634213,3e-09
19.918805781294,-3.98e-07
19.934427956688,-4.228e-06
19.950055107307,8.73e-07
19.965689344319,1.95e-07
19.98130470819,-6.344e-06
19.996925494176,2.286e-06
20.012543856506,2.989e-06
20.028176132796,1.282e-06
20.043801618757,1.604e-06
20.059436112377,1.263e-06
20.075055836896,-5.26e-07
20.090675682724,-3.94e-07
20.10630207476,-5.16e-07
20.121921147971,-3.77e-07
20.137555167134,-2.51e-07
20.153165386083,9.22e-07
20.168804617743,4.76e-07
20.18442348804,5.803e-06
20.200044726616,-6.19e-07
20.215681659838,-7.4e-08
20.231304771649,-1.13e-07
20.246930254189,-4e-09
20.262545803566,-3.87e-07
20.278175933546,-6.853e-06
20.293799426465,1.408e-06
20.30941615977,1.59e-06
20.325045238706,1.341e-06
20.340670308787,9.22e-07
20.356307279372,2.694e-06
20.371926390469,-5.73e-07
20.387556610654,-5.645e-06
20.403174956707,6.37e-07
20.418794476199,6.53e-07
20.434422492882,1.43e-07
20.450055936493,1.21e-07
20.465672919803,-2.72e-07
20.481294112884,-6.679e-06
20.496926189745,-3.11e-07
20.512555344973,6.887e-06
20.528175992591,7.03e-07
20.543801397182,1.94e-07
20.559420778752,1.13e-07
20.575054230678,-4.6e-08
20.590679426459,-2.548e-06
20.606293879889,3.91e-07
20.621927623841,3.87e-07
20.637550734457,3.26e-07
20.65317512409,1.318e-06
20.668794467886,-5.4e-08
20.684430521347,-1.46e-07
20.700053057343,3.42e-07
20.715673739773,9.63e-07
20.731298990783,2.037e-06
20.74692712328,5.69e-07
20.762554270434,-2.51e-07
20.778177341909,-6.21e-07
20.793810604384,-6.632e-06
20.809415778173,4.65e-06
20.825046348473,-6.91e-07
20.84068195687,5.7e-08
20.856303799849,-1.7e-08
20.871913983528,9.2e-08
20.887546918903,-7e-08
20.903171815212,2.1e-08
20.918794282006,1.9e-08
20.934425263339,4.1e-08
20.950046548094,3.559e-06
20.965666068913,-4.95e-07
20.98130940386,-1.06e-06
20.996925211125,-1.313e-06
21.012547817777,-4.508e-06
21.028174211115,-1.553e-06
21.043802602248,-1.127e-06
21.059425111392,-2.25e-07
21.075051606197,6.25e-07
21.090672578369,1.094e-06
21.106299332053,3.06e-07
21.121925603893,-1.81e-07
21.13753540431,6.45e-07
21.153178984025,5.35e-07
21.168804785634,5.93e-07
21.184436398926,5.08e-07
21.200047227221,4.37e-07
21.215671947938,3.7e-07
21.231305210596,1.545e-06
21.246937163108,6.071e-06
21.262540553491,-1.035e-06
21.278173240236,-1.832e-06
21.293801552409,2.553e-06
21.309418154763,-1.537e-06
21.325047251305,-1.097e-06
21.340677513865,-2.33e-07
21.356297735232,-4.55e-07
21.371930730567,-4.77e-07
21.387541463935,1.565e-06
21.403174688986,-6.46e-07
21.418798874307,-1.455e-06
21.434425666551,-2.61e-07
21.450046246431,-5.78e-07
21.465665337804,-4.88e-07
21.48129306367,-4.95e-07
21.496926782451,-3.68e-07
21.512554417166,1.939e-06
21.528176082333,-4.8e-07
21.543810711733,5.75e-07
21.559434921842,4.94e-07
21.575052037052,-8.83e-07
21.590664448867,7.79e-07
21.606294235228,3.99e-07
21.62192794487,-2.36e-07
21.637544260367,9.1e-08
21.653182667858,2.001e-06
21.668809703031,-2.84e-07
21.684432245381,-6.034e-06
21.700056315129,1.923e-06
21.715676306818,1.416e-06
21.731293138711,-2.089e-06
21.746932360308,1.345e-06
21.762553003367,1.7e-07
21.778178215384,3.218e-06
21.793801097951,-3.18e-07
21.80942956771,-1.602e-06
21.825054187952,-1.352e-06
21.84067069146,-6.607e-06
21.856307449045,5.5e-07
21.871931513337,9.41e-07
21.887546438886,1.801e-06
21.903177581576,1.468e-06
21.918798798673,-2.995e-06
21.934425906665,9.24e-07
21.950054899605,7.8e-07
21.965679074268,5.57e-07
21.98129072604,3.63e-07
21.996931094612,-4.494e-06
22.012552439235,2.107e-06
22.028176661439,-7.1e-08
22.043804086149,-1.169e-06
22.059425716277,2.188e-06
22.07504616182,5.646e-06
22.090676827942,-1.718e-06
22.106302687326,3.515e-06
22.121923246522,-1.483e-06
22.137545573125,-1.202e-06
22.153180925792,-8.4e-07
22.168806682943,2.73e-07
22.184421835953,1.04e-06
22.200056860612,3.178e-06
22.215677926721,-6.152e-06
22.231293438532,4.083e-06
22.246925499379,-1.029e-06
22.262554653627,-9.37e-07
22.278178559527,-6.15e-07
22.293810956028,-2.126e-06
22.309423023285,4.87e-07
22.325045754518,5.28e-07
22.340677229552,3.095e-06
22.356305135988,-2.21e-07
22.371925096968,9.04e-07
22.387552108787,-7.61e-07
22.403188731612,-5.93e-07
22.418805271109,-8.77e-07
22.434430608962,-2.39e-07
22.4500506125,-2.68e-07
22.465677094966,-5.92e-07
22.481292115869,4.9e-07
22.49692718168,3.596e-06
22.512539893996,-1.214e-06
22.528171336552,-1.017e-06
22.543791805067,3.42e-07
22.55943143916,-3.78e-07
22.575051344643,-3.69e-07
22.590671921715,-4.212e-06
22.606302283318,7.144e-06
22.621926153488,-1.394e-06
22.637548647847,-9.36e-07
22.653172484181,-2.64e-07
22.668802973093,-1.25e-06
22.684423338652,-1.903e-06
22.700047906852,-4.81e-07
22.71567751095,6.584e-06
22.731304702264,-2.602e-06
22.746926914647,-1.088e-06
22.762548298112,2.115e-06
22.778175318726,-5.57e-07
22.793804662912,-3.94e-07
22.80943128299,-1.949e-06
22.825052354653,2.53e-07
22.840676937098,-2.894e-06
22.856299046082,-4.18e-07
22.871926124489,1.031e-06
22.887540484977,2.61e-07
22.903180332706,-3e-09
22.918801031288,5.63e-07
22.934431049467,3.16e-07
22.95005627156,2e-07
22.965675053856,-2.822e-06
22.981302249506,6.82e-07
22.996928045835,-6.073e-06
23.012551889298,-6.9e-07
23.028180992309,2.5e-06
23.043809650919,2.893e-06
23.059423177371,1.865e-06
23.075062671047,-8.59e-07
23.090673903707,1.34e-06
23.106299676498,-1.3e-06
23.121926420246,5.26e-07
23.137559182498,3.92e-06
23.153171089207,-3.14e-06
23.168796229886,4.98e-07
23.18442949712,-9.86e-07
23.200055973867,4.466e-06
23.215683764179,-7.014e-06
23.231302852607,-1.2e-08
23.246928282004,-5.6e-07
23.262552599994,-1.122e-06
23.278177775802,3.53e-07
23.293796168588,1.88e-07
23.309420824058,2.68e-07
23.325058088547,4.68e-07
23.340676404574,2.85e-07
23.356291979345,9.57e-07
23.371929274159,6.66e-07
23.387556870858,6.12e-07
23.403169360181,7.25e-07
23.418800124919,-4.429e-06
23.434414768207,-1.8e-07
23.450047187441,-2.18e-07
23.46567608324,-3.384e-06
23.481305858088,2.208e-06
23.496923887192,1.365e-06
23.512542650878,1.078e-06
23.52818995319,9.75e-07
23.54378826594,7.56e-07
23.559429137936,6.86e-07
23.575056695221,6.438e-06
23.590678250308,-1.492e-06
23.606300306234,3.814e-06
23.621929669059,-2.305e-06
23.637547996047,-2.23e-06
23.653177668847,-3.455e-06
23.668801692944,7.66e-07
23.684428941879,3.39e-07
23.700044069841,1.212e-06
23.715674039707,4.71e-07
23.731293631642,8.1e-08
23.746920045139,-5.06e-07
23.762551094581,-4.77e-07
23.778176964106,-6.702e-06
23.793801494029,1.168e-06
23.809420460672,6.81e-06
23.825049607191,-7.93e-07
23.84067685894,2.352e-06
23.856302995794,-4.189e-06
23.871928615232,-1.385e-06
23.887549291743,-7.7e-08
23.90317524166,6.868e-06
23.918789342435,-7.02e-07
23.934429585075,-1.336e-06
23.950055085947,-1.176e-06
23.965668967103,-1.576e-06
23.981292625214,-1.282e-06
23.996926775908,-1.5e-08
24.012547421483,-7.944e-06
24.028171108987,1.745e-06
24.043811255775,1.372e-06
24.059421940679,-5.366e-06
24.075043431378,1.387e-06
24.090689252868,7.96e-07
24.106301846965,1.122e-06
24.121925394278,-4.22e-06
24.137544601734,2.454e-06
24.153178696969,2.163e-06
24.168786044021,1.958e-06
24.184422305725,1.003e-06
24.200056118021,1.612e-06
24.215673166681,7.94e-07
24.2312990699,4.561e-06
24.246924936546,-9.09e-07
24.262543915111,-1.61e-06
24.27817966302,-1.358e-06
24.293798714134,-1.146e-06
24.309431502175,-5.1e-08
24.325050482336,-8.4e-08
24.340677626241,7.878e-06
24.356296994984,-1.626e-06
24.371926537191,-4.414e-06
24.387553056535,-5.74e-07
24.403178205872,-2.626e-06
24.418803032558,-3.375e-06
24.43442138738,1.976e-06
24.450040960108,1.46e-06
24.465673431213,2.56e-07
24.481296825421,1.233e-06
24.496919868596,4.8e-08
24.512543778022,-4.18e-07
24.528169450191,4.7e-08
24.543800928354,1.374e-06
24.559424338061,4.475e-06
24.57504874288,-1.172e-06
24.590674863619,-9.5e-07
24.606306230908,-8.59e-07
24.62191962837,-1.33e-07
24.637544706551,2.69e-07
24.653179927719,3.02e-07
24.668804900913,2.06e-07
24.684432359525,7.931e-06
24.700054249558,-3.321e-06
24.71567566288,-5.47e-07
24.731301880182,-9.28e-07
24.746928076968,6.48e-07
24.762546862913,-4.51e-07
24.778174396692,3.118e-06
24.793789385159,-1.185e-06
24.809421921842,-9.49e-07
24.82504989065,-7.51e-07
24.84068468902,5.198e-06
24.856294294793,2.95e-07
24.871928611559,-1.26e-06
24.887549478659,-1.004e-06
24.903172143439,-2.305e-06
24.918802607389,-4.004e-06
24.934435568843,1.021e-06
24.950056221871,-8.12e-07
24.965672642695,1.162e-06
24.981303247161,-1.076e-06
24.996916423825,-4.83e-07
25.012557997493,-5.782e-06
25.028176863898,1.443e-06
25.04380943919,-2.215e-06
25.059432769985,2.489e-06
25.075055658726,1.883e-06
25.090677769648,1.147e-06
25.106296412415,5.6e-07
25.121914982881,-1.68e-07
25.137562804578,2.156e-06
25.153181069042,-7.478e-06
25.168792079591,-1.631e-06
25.184432301599,2.733e-06
25.200041923046,2.499e-06
25.215681457122,2.081e-06
25.231296950542,1.757e-06
25.246920718863,-1.167e-06
25.262558025227,1.564e-06
25.278173080476,8.37e-07
25.293808780998,3.922e-06
25.309431946538,1.134e-06
25.325045191482,1.33e-07
25.340678002709,5.32e-06
25.356296957667,-2.92e-07
25.371922614187,-3.24e-06
25.387560174465,-4.975e-06
25.403165527768,-3.58e-07
25.418800248326,-3.43e-07
25.434417322406,-5.207e-06
25.450043241067,3.197e-06
25.465666776738,6.49e-07
25.481307441618,9.38e-07
25.496927759071,7.65e-07
25.512547566832,6.88e-07
25.528160262778,-2.18e-07
25.543794417972,-1.9e-08
25.559429680013,-3.83e-07
25.575057649393,-5.06e-07
25.590665190052,-6.26e-07
25.60629773408,-4.71e-07
25.621923176899,-1.039e-06
25.637557612401,-4.059e-06
25.653174548965,-1.25e-07
25.668800901765,2.41e-06
25.684415439559,-2.41e-07
25.700063131834,7.53e-07
25.715668882378,5.62e-07
25.731295876977,-1.18e-07
25.746922108377,-2.5e-08
25.762549748731,4.5e-08
25.778173106559,-8.7e-08
25.793801972161,1e-09
25.809430383825,-6.947e-06
25.825051289304,2.01e-06
25.84067828218,1.68e-06
25.856299896325,1.426e-06
25.871930179808,4.754e-06
25.887548000011,-2.62e-07
25.903172831482,-9.07e-07
25.918795654925,-4.41e-07
25.934430320767,-3.22e-07
25.950053636381,-7.013e-06
25.965672649138,9.82e-07
25.981293235546,7.79e-07
25.996925758044,1.707e-06
26.012555379089,9.47e-07
26.02817977729,3.599e-06
26.04380450229,-3.96e-07
26.059419419483,-2.68e-07
26.075039163889,1.999e-06
26.090679522974,-9.47e-07
26.106299555503,-4.408e-06
26.121938710483,-5.685e-06
26.137550177961,1.01e-07
26.153169610636,8.7e-08
26.168797539592,4.98e-07
26.184430994963,3.687e-06
26.200061909426,3.61e-07
26.21567385957,4.28e-07
26.231302389368,-2.989e-06
26.246922525611,-1.123e-06
26.262553383069,-6.46e-07
26.278183497232,-1.662e-06
26.293804991239,6.588e-06
26.309420918584,5.54e-07
26.325043643978,4.73e-07
26.340685405796,5.15e-07
26.356291267118,2.59e-07
26.371923034521,-5.104e-06
26.387547012758,1.065e-06
26.403184051411,6.75e-07
26.418797245931,1.41e-06
26.434427919967,6.915e-06
26.45005063457,-8.12e-07
26.465670562107,-1.496e-06
26.481296676787,-4.54e-07
26.496926943247,4.632e-06
26.512556226942,-8.9e-07
26.528170087739,-1.668e-06
26.543794247645,-1.391e-06
26.559424013237,2.633e-06
26.575043538687,-1.576e-06
26.59067519419,-4.081e-06
26.606291197929,2.2e-08
26.621924023077,6.301e-06
26.637550749829,1.968e-06
26.653171560315,-9.32e-07
26.668789064023,5.96e-07
26.684426829576,-4.697e-06
26.700045475238,-6.05e-07
26.715678667023,2.488e-06
26.731305170281,-5.99e-07
26.74692002288,2.436e-06
26.762543488216,-1.362e-06
26.778177121279,-1.664e-06
26.793796785764,-1.389e-06
26.809423714653,1.885e-06
26.825040858882,-2.533e-06
26.840684507691,-6.514e-06
26.856303354592,-2.47e-07
26.871913425071,-1.89e-07
26.887556605511,2.889e-06
26.903171678221,-3.886e-06
26.918808596067,2.135e-06
26.934415880325,1.12e-06
26.950048820015,4.36e-07
26.965671252073,1.126e-06
26.9813050628,-4.08e-07
26.996932213395,2.663e-06
27.012557777157,-3.609e-06
27.028183398806,-4.55e-07
27.043799208094,-3.933e-06
27.059431534645,1.296e-06
27.075049275245,-1.262e-06
27.090674549572,2.206e-06
27.106296182388,4.363e-06
27.121924361763,6.55e-07
27.137548224942,5.94e-07
27.153182224458,9.26e-07
27.168804246849,4.41e-07
27.184420304551,-3.01e-07
27.200042328818,6.593e-06
27.215676181919,-2.036e-06
27.231302013138,-2.186e-06
27.246934161197,-1.794e-06
27.262555343113,-3.71e-07
27.278181122189,-7.921e-06
27.293793942433,2.211e-06
27.309432193772,1.777e-06
27.325048322191,-3.252e-06
27.340673238929,2.864e-06
27.356296983529,2.399e-06
27.371918027938,1.034e-06
27.387543762214,9.72e-07
27.403175233876,1.152e-06
27.418804107728,1.54e-07
27.434434459001,-4.417e-06
27.450052006839,-2e-08
27.465678623308,-4.966e-06
27.481296580381,1.723e-06
27.496934398138,1.73e-06
27.512553186658,1.259e-06
27.528179234261,4.38e-07
27.54380249147,2.28e-07
27.55943310393,3.09e-07
27.575043168799,-3.88e-07
27.590680368673,-4.78e-07
27.606301308054,6.2e-08
27.621928064464,-5.229e-06
27.637552207611,1.643e-06
27.653173980344,6.55e-07
27.668800695392,3.919e-06
27.684422339037,-1.626e-06
27.70005730074,5.43e-07
27.715680612865,-3.33e-07
27.731298848458,1.111e-06
27.746929429275,-7.1e-08
27.762554888381,-4.35e-07
27.778178713528,1.266e-06
27.7938030459,1.393e-06
27.80942509602,3.124e-06
27.8250586174,-1.755e-06
27.840673421621,-1.149e-06
27.85630276121,-9.19e-07
27.87192733413,-5.74e-07
27.887539765831,-2.84e-07
27.9031815082,-5.424e-06
27.91879547238,1.313e-06
27.93441679802,1.108e-06
27.950051173581,8.1e-07
27.965673533997,3.82e-07
27.981306738817,5.7e-08
27.99692017287,-3.77e-07
28.01254788438,1.473e-06
28.028178688285,1.192e-06
28.043806409043,-4.876e-06
28.059428589111,8.58e-07
28.075037552282,1.033e-06
28.090688130153,9.29e-07
28.10629464947,2.84e-07
28.121930074762,2.4e-07
28.1375518327,7.8e-08
28.153179135202,1.31e-07
28.16879800943,1.69e-07
28.184432150569,1.8e-08
28.200048749121,-8.31e-06
28.215680187279,2.078e-06
28.231306310983,1.064e-06
28.246933206015,8.81e-07
28.26254491107,6.459e-06
28.278172477502,-9.05e-07
28.293804722614,-1.483e-06
28.309425863826,-6.51e-07
28.325044605211,-1.592e-06
28.340668925199,-2.1e-06
28.356298069538,-1.622e-06
28.371916108682,-4.66e-06
28.387548878064,-5.033e-06
28.403179868868,1.394e-06
28.418793077072,-1.687e-06
28.434432023294,3.59e-06
28.450051275962,6.681e-06
28.465666892463,1.561e-06
28.481300303619,4.226e-06
28.496920551976,-1.533e-06
28.51255105369,-5.7e-07
28.528180241515,-1.3e-07
28.5438006992,2.65e-07
28.559428883902,-2.67e-07
28.57505173621,-3.94e-07
28.590674997578,3.777e-06
28.606304861679,2.461e-06
28.621921905161,-1.974e-06
28.637551391354,-1.057e-06
28.653180632534,-1.75e-07
28.668800726072,1.51e-07
28.684427346817,7.9e-08
28.700053686498,-1.7e-08
28.715672423726,-2.3e-08
28.731295164667,2.9e-08
28.746927134544,-7.5e-08
28.762552931331,-4.103e-06
28.778177495797,7.52e-07
28.793798717665,5.35e-07
28.809422114,4.33e-07
28.825046215575,4.25e-07
28.840670730624,3.41e-07
28.856303367887,-7.918e-06
28.871922350429,4.682e-06
28.887554836295,8.52e-07
28.903177238585,2.02e-07
28.918805559475,1.11e-07
28.934427896335,-4.39e-07
28.950053136299,-4.871e-06
28.965684730461,1.306e-06
28.981305492889,3e-09
28.996935335954,-7.04e-07
29.012549456201,-7.62e-07
29.028171271132,1.06e-07
29.043787634804,-2e-09
29.059423685238,8.56e-07
29.075045481272,9.81e-07
29.090667351077,-3.22e-07
29.106308119467,6.578e-06
29.121927971494,-4.948e-06
29.137549899966,2.522e-06
29.153180667359,4.494e-06
29.168802076,-1.97e-07
29.184422208029,-1.151e-06
29.200050915912,-3.55e-07
29.21568287288,-3.48e-07
29.231306357018,1.429e-06
29.246928223456,-2.318e-06
29.262556570253,1.617e-06
29.278171101901,1.365e-06
29.293799376284,4.36e-07
29.309423657258,-2.32e-07
29.325052174684,1.202e-06
29.340685931681,-1.234e-06
29.356302350765,-1.042e-06
29.371932715444,-1.07e-06
29.387551550307,-1.87e-07
29.403178958475,-5.199e-06
29.418805805915,1.278e-06
29.434428267018,1.179e-06
29.450059901132,9.46e-07
29.465677691297,8.38e-07
29.481299154001,2.66e-07
29.496923908602,-7.09e-07
29.512550697427,-9.7e-08
29.528180128407,2.732e-06
29.543803693203,-5.18e-07
29.559417355962,-8.8e-07
29.575049128489,2.225e-06
29.590668805768,-1.049e-06
29.60629867058,-8.85e-07
29.621923743555,-1.8e-07
29.63755632967,2.74e-07
29.653173580043,6.64e-07
29.668803955657,3.91e-06
29.684436537734,-1.16e-07
29.700052991604,-5.9e-08
29.715682816518,-5.9e-07
29.731296258916,1.941e-06
29.7469231559,2.18e-06
29.762551246647,-1.61e-06
29.778176663614,-2.05e-06
29.793807368205,-1.979e-06
29.809415699626,-1.264e-06
29.825037388785,-6.48e-07
29.840675923037,1.43e-07
29.856300393035,6.371e-06
29.871932591378,-8.82e-07
29.88755927241,-5.46e-07
29.903168706814,-6.553e-06
29.918804013526,9.76e-07
29.93441904817,4.318e-06
29.95004223729,9.4e-08
29.965676997046,-7.7e-07
29.981302328595,-3.67e-07
29.996924533046,-5.81e-06
30.012534306308,1.378e-06
30.028186332744,-3.786e-06
30.043796871479,2.663e-06
30.059423742579,2.247e-06
30.075044933378,6.05e-07
30.090678734841,-2.5e-08
30.106290129073,6.878e-06
30.121931231464,-3.3e-07
30.137558129352,-2.744e-06
30.153173538806,-5.49e-07
30.168806343531,5.418e-06
30.184430668098,-3.226e-06
30.200039277685,-2.382e-06
30.215671072287,2.373e-06
30.23130614018,-9.7e-08
30.246932262758,-4.439e-06
30.26255251313,-1.472e-06
30.278174896729,-1.242e-06
30.293798568789,-7.06e-07
30.309429028107,-1.04e-07
30.325048396073,2.61e-07
30.340682779397,-3.022e-06
30.356295050286,8.72e-07
30.371932045913,4.903e-06
30.387547224887,8.8e-08
30.403176379174,2.484e-06
30.418796614255,-4.5e-08
30.434422334512,7.92e-07
30.450048887198,-1.089e-06
30.465663586931,-1.52e-07
30.481310557843,-3.003e-06
30.496930532433,8.13e-07
30.512551155816,1.396e-06
30.528173002026,8.877e-06
30.543799642909,-2.965e-06
30.55942719972,-2.2e-08
30.575053372298,-5.68e-07
30.590662475621,1.354e-06
30.606313406829,-1.591e-06
30.621936294474,1.881e-06
30.637550990309,-5.462e-06
30.653174500452,3.999e-06
30.668801629095,-9.98e-07
30.684422086374,-5.28e-07
30.700052030002,-3.95e-07
30.715668867024,-6.93e-07
30.731300802567,-6.08e-07
30.746925930028,-5.39e-07
30.762553144146,-5.22e-07
30.778177950591,5.5e-07
30.793805024126,4.072e-06
30.809418631514,-1.72e-07
30.825056393201,1.095e-06
30.840669330036,-1.126e-06
30.856302208924,-1.373e-06
30.871925207125,-1.717e-06
30.887551532875,-6.84e-07
30.903176726284,5.932e-06
30.918802141841,-1.743e-06
30.934426626477,-6.19e-06
30.950049480433,-6.4e-08
30.965673394395,-2.2e-07
30.981298171817,-1.178e-06
30.996929877539,1.64e-07
31.01254934964,1.89e-07
31.028177860353,1.67e-07
31.043797875151,1.4e-08
31.059414551854,4.12e-07
31.075048850822,-1.217e-06
31.090683104577,3.22e-07
31.10630915432,3.29e-07
31.121930362582,1.995e-06
31.137546646302,-4.75e-07
31.153175341009,-6.708e-06
31.168792510414,-1.863e-06
31.184430051756,9.36e-07
31.200049778504,9.5e-07
31.215676007461,8.51e-07
31.231303270461,7.19e-07
31.246922580829,5.305e-06
31.262546980107,-3.91e-07
31.278165703903,-1.262e-06
31.293805334121,-7.09e-06
31.309428072497,3.49e-07
31.325049551256,1.252e-06
31.34067749348,2.556e-06
31.356307732642,6.107e-06
31.371933158611,9.95e-07
31.387561659067,-3.6e-08
31.40317399849,1.871e-06
31.418806452166,-1.904e-06
31.434433244226,-1.559e-06
31.450048811381,-1.79e-06
31.465673195329,-1.561e-06
31.481292258021,-4.33e-07
31.496926832172,-6.315e-06
31.51254702554,-3.87e-07
31.52816784196,2.497e-06
31.543795896108,1.341e-06
31.559416655581,-6.128e-06
31.575050570165,6.179e-06
31.590666251561,6.99e-07
31.606296418053,2.9e-08
31.621926180763,-6.5e-08
31.637550694037,-1.372e-06
31.653172717277,3.491e-06
31.668797592379,-1.652e-06
31.684423334039,4.662e-06
31.700056151791,-5.72e-07
31.715677266108,-1.11e-06
31.731296377749,-5.904e-06
31.746929088758,6.42e-07
31.76254928003,2.28e-07
31.778178688836,7.49e-07
31.793795648383,5.82e-07
31.809421432607,4.99e-07
31.825043800374,4.71e-07
31.84068201294,-8.01e-07
31.856308334353,5.4e-07
31.871936848205,-4.045e-06
31.887559755475,8.635e-06
31.903162525988,4.22e-07
31.918808583514,-2.01e-07
31.934432011209,-2.37e-07
31.950044531713,-8.58e-07
31.965671217791,-7.16e-07
31.981302767837,-5.96e-07
31.996922422529,-4.36e-07
32.01253931496,-8.76e-07
32.028178017382,3.76e-07
32.04380330894,-1.106e-06
32.059430750432,-9.58e-07
32.075049765556,-1.268e-06
32.090677480092,2.62e-07
32.10630788937,5.97e-07
32.121926157093,3.612e-06
32.137545825355,3.97e-07
32.153173373497,-1.31e-07
32.168803980586,-7.36e-07
32.184426738278,-4.922e-06
32.200053709867,1.05e-07
32.21566704173,8.98e-07
32.231291466003,1.591e-06
32.246927797739,2.292e-06
32.262544936818,9.74e-07
32.278176555344,1.096e-06
32.293801629233,7.274e-06
32.309429322761,-7.559e-06
32.325050637279,4.219e-06
32.34068233635,3.068e-06
32.356303973696,3.062e-06
32.371921724637,-2.256e-06
32.387551402307,7e-08
32.403178243436,-1.257e-06
32.41880470185,-6.926e-06
32.434418139138,-2.015e-06
32.450056374588,1.618e-06
32.465684381188,-2.307e-06
32.481300956831,1.517e-06
32.496919274885,1.281e-06
32.512558926294,2.72e-07
32.528174048941,5.7e-07
32.543805499008,1.373e-06
32.559433519807,4.75e-06
32.575049499306,-9.07e-07
32.590681886365,-2.92e-07
32.606299489028,-4.203e-06
32.621928080413,1e-09
32.63754909664,2.76e-06
32.65318446508,-3.71e-07
32.668806662384,-5.421e-06
32.684423873615,6.98e-07
32.700049819129,1.99e-06
32.715666600171,7.469e-06
32.731307920418,-8.97e-07
32.746935255715,-7.99e-07
32.762553060939,-1.533e-06
32.778182819291,-5.935e-06
32.793801732321,-2.4e-06
32.809417693452,5.32e-07
32.825061227332,5.07e-07
32.840678160289,4.979e-06
32.856305111523,-2.98e-07
32.871928149307,-6.53e-07
32.887561881218,-7.85e-07
32.903175996478,-9.62e-07
32.918800405637,-9.12e-07
32.934424573692,-5.78e-07
32.950051113407,-2.088e-06
32.965675307298,5.79e-07
32.981302363204,4.88e-07
32.996914673794,8.2e-07
33.012552282577,9e-09
33.028178991322,1.25e-07
33.043807388895,-2.03e-07
33.059430040446,-1.855e-06
33.075058362357,4.75e-07
33.090678302543,-3.98e-07
33.106303093568,2.21e-07
33.121924998011,3.995e-06
33.137552438436,-1.536e-06
33.153175142687,-2.439e-06
33.168794100685,-6.99e-07
33.184427821561,-4.441e-06
33.200049632611,7.19e-07
33.215678844953,7.897e-06
33.231308276998,7.14e-07
33.246923985852,6.76e-07
33.262545847116,3.7e-08
33.278174645712,-1.725e-06
33.293800361098,-1.813e-06
33.309428986795,-6.473e-06
33.325037708963,-2.746e-06
33.34067320405,2.708e-06
33.356304804988,5.84e-07
33.371917494291,9.1e-07
33.387550041901,8.34e-07
33.403172671349,1.096e-06
33.418801529986,-1.284e-06
33.434419368547,3.16e-07
33.450052849,7.49e-07
33.465676938655,6.16e-07
33.481294733319,1.17e-06
33.496923401403,3.487e-06
33.512550223285,-1.908e-06
33.528177140592,-6e-08
33.543798297279,9.8e-08
33.559436967411,1.41e-07
33.575044358328,5.96e-06
33.59068481093,-2.769e-06
33.606297455999,4.4e-08
33.621925010422,-1.021e-06
33.637547454444,-5.636e-06
33.653177800091,-1.57e-07
33.668794524383,-2.672e-06
33.684424067824,1.577e-06
33.700045129677,1.439e-06
33.715671228602,1.296e-06
33.731301739306,3.69e-07
33.746929857675,3.12e-07
33.762551588812,-4.194e-06
33.778183734747,2.559e-06
33.793807196294,-1.089e-06
33.809429231384,5.48e-07
33.825056430138,6.45e-07
33.840678322642,7.68e-07
33.856311887695,-5.93e-07
33.871919689119,7.07e-07
33.887550519781,4.05e-07
33.903172964096,3.99e-07
33.918800904706,1.88e-07
33.934425662135,4.34e-07
33.950048396843,1.15e-07
33.965667755834,3.9e-08
33.981307891052,-4.634e-06
33.996922712635,-5.426e-06
34.012544745317,4.652e-06
34.028164245489,3.894e-06
34.043811084049,7.91e-07
34.059429011638,5.26e-07
34.075054518109,1.195e-06
34.090668437047,-3.3e-08
34.106302248553,-4.53e-07
34.121927946546,-3.9e-07
34.137554798122,-3.39e-07
34.153176623583,8.47e-07
34.168799779929,-1.85e-07
34.184428513955,-9.7e-08
34.200045445609,2.4e-08
34.215674060102,1.605e-06
34.231295100715,1.613e-06
34.246923707622,-2.18e-06
34.262550469561,4.234e-06
34.278182704467,-4.11e-06
34.293804411271,-4.979e-06
34.309429494272,-2.368e-06
34.325050125908,-4.62e-07
34.340673854489,-2.865e-06
34.356303196749,2.347e-06
34.371920534716,3.097e-06
34.387547169763,-3.953e-06
34.403169612743,6.2e-08
34.418796413765,3.569e-06
34.434415627678,1.0438e-05
34.450053296412,-1.02e-07
34.465681137213,-2.78e-07
34.481289731044,-2.36e-07
34.49692858298,-5.4e-07
34.512545242907,-2.3e-07
34.528174242222,-3.945e-06
34.543799908674,7.2e-07
34.559429191007,2.66e-07
34.5750492736,3.3e-08
34.590682782097,-9.5e-08
34.606301266753,-5.315e-06
34.621935860252,6.64e-07
34.637554136224,5.54e-07
34.653182457221,3e-07
34.668804600789,1.219e-06
34.684420685909,-4.7e-07
34.700042791456,1.53e-07
34.715673171979,3.6e-08
34.731296579689,8.9e-08
34.746915598163,1.16e-07
34.762555838857,-5.09e-07
34.778165713555,-6.46e-07
34.793793893206,3.96e-07
34.809434586991,-2.815e-06
34.825053251385,2.723e-06
34.840676207795,3.47e-07
34.85629868616,-6.948e-06
34.871927352838,6.976e-06
34.887561180397,5.46e-07
34.903175982619,-7.2e-08
34.918807087309,-4.845e-06
34.934435766834,2.376e-06
34.950048529405,2.972e-06
34.965671968226,4.758e-06
34.981299719302,-5.92e-07
34.996921587386,-1.199e-06
35.012546940614,-5.688e-06
35.028170843385,-2.49e-07
35.043803146673,-1.1e-07
35.059429339007,4.66e-07
35.075045170133,-8.2e-08
35.090669127066,-5.29e-07
35.106306082038,-4.96e-07
35.121927276889,1.72e-07
35.137552014149,1.46e-07
35.153173259391,-7.267e-06
35.168798536298,1.717e-06
35.184425782066,1.432e-06
35.200051484644,1.167e-06
35.215675760227,2.741e-06
35.231301327559,6.14e-07
35.246921814334,4.68e-07
35.262550966093,4.1e-07
35.278180226974,-3e-09
35.293798342958,4.6e-08
35.309426284716,7.3e-08
35.325048599122,6.1e-08
35.340667680081,-2.872e-06
35.356294141452,7.75e-07
35.371921686132,-4.54e-07
35.387541277797,1.041e-06
35.403172334121,9.54e-07
35.418797986944,9.96e-07
35.434433302413,-8.17e-07
35.450057916627,-4.23e-07
35.465677622989,3.568e-06
35.481295972451,5.66e-06
35.496923523664,-2.958e-06
35.512554516835,1.77e-06
35.528172173747,-1.363e-06
35.543800003434,-1.467e-06
35.559431365628,-1.58e-06
35.575048018346,-5.01e-07
35.590676076147,-1.121e-06
35.606294361202,-8.214e-06
35.621926057564,8.36e-07
35.63756211481,1.947e-06
35.653173102297,1.8e-06
35.668795854862,2.135e-06
35.684426121516,1.801e-06
35.700041968978,9.95e-07
35.715680426384,1.91e-07
35.731304396458,-9.39e-07
35.746923701434,6.6e-08
35.762555161689,-2.143e-06
35.778178016753,1.22e-07
35.793799782402,-3.11e-07
35.80942622307,-1.23e-07
35.825053791469,-1.03e-07
35.840680317109,-3.371e-06
35.856307855793,2.08e-06
35.871927775006,6.639e-06
35.887546209926,-1.58e-06
35.903178698713,-1.234e-06
35.918790295139,-1.099e-06
35.934427305221,-3.11e-07
35.950045727024,-1.37e-07
35.96567932112,-6.767e-06
35.981298160529,1.289e-06
35.996929704319,1.762e-06
36.012541974307,4.088e-06
36.028176472539,-6e-07
36.043806895945,7.5e-07
36.059421429837,-4.65e-06
36.075050058165,1.475e-06
36.090678904497,2.104e-06
36.10629604475,2.124e-06
36.121925970374,8.75e-07
36.137552093384,7.22e-07
36.153181144032,5.1e-07
36.168793222318,2.972e-06
36.184420940816,-3.449e-06
36.200062315833,-4.54e-07
36.21567578132,-2.56e-07
36.231301918678,-2.17e-07
36.246922891417,2.32e-07
36.262565368941,-5.3e-08
36.278177223169,5.638e-06
36.293792922374,-2.284e-06
36.309416900082,-2.285e-06
36.325043823804,-2.429e-06
36.34067056929,-4.15e-07
36.356305936766,-8.18e-07
36.371933352708,-1.273e-06
36.387548795958,4.124e-06
36.403174281071,1.039e-06
36.418793440042,-2.49e-07
36.434423185657,-2.1e-07
36.450046000875,2.279e-06
36.465676865892,-4.55e-06
36.481297539091,-1.189e-06
36.496931925744,-2.28e-07
36.512552930708,-2.835e-06
36.528182226474,6.506e-06
36.543797970754,1.74e-06
36.559423536317,4.2e-08
36.575060824109,-2.355e-06
36.590672287554,-4.02e-07
36.606305596003,2.266e-06
36.621929953916,-1.06e-06
36.637556655375,-6.12e-07
36.653169476025,-5.17e-07
36.668803447433,3.46e-07
36.684425696072,5.76e-07
36.700055512515,-2.714e-06
36.715673555166,8.83e-07
36.731307948791,4.6e-08
36.746924002477,2.2e-08
36.762552983973,6.8e-08
36.778178136158,-2.3e-06
36.793798732379,5.07e-07
36.809427410882,2.288e-06
36.82504585089,-3.652e-06
36.840671164106,-2.224e-06
36.856301873724,6.923e-06
36.871930738016,-8.15e-07
36.887549200978,-2.57e-07
36.903173807665,6.08e-07
36.918806539673,-6.079e-06
36.93442405563,9.68e-07
36.950046845203,1.251e-06
36.965674346471,3.149e-06
36.981300439494,-2.67e-07
36.996928061334,2.939e-06
37.01254995305,-3.78e-07
37.028178203156,-8.53e-07
37.043799670351,3.412e-06
37.059421623052,-2.169e-06
37.075047221975,-2.864e-06
37.090681727529,8.16e-07
37.1062966709,-4.6e-07
37.121928864588,-4.21e-07
37.137556894474,-8.22e-07
37.153178541713,5.39e-07
37.168802343215,5.4e-08
37.184427642925,-4.921e-06
37.200057551917,1.097e-06
37.21567437835,1.001e-06
37.231294900121,8.2e-07
37.246922373885,9.73e-07
37.262550651092,1.472e-06
37.278170049784,1.42e-07
37.293798726164,5.769e-06
37.309423367072,-8.097e-06
37.325058568561,2.17e-07
37.340675867013,2.34e-07
37.356297625922,4.31e-07
37.371927234843,-6.671e-06
37.387561186033,-8.36e-07
37.403175218963,-2.98e-07
37.418794994549,6.648e-06
37.434432580843,-6.063e-06
37.450053016909,3.922e-06
37.465673788338,1.585e-06
37.481302280154,5.04e-07
37.496930731025,-6.474e-06
37.512556246317,9.52e-07
37.528177943839,1.62e-06
37.543797837913,5.818e-06
37.559429835564,3.92e-07
37.575051449277,-4.352e-06
37.590668455229,9.26e-07
37.606295755292,-3.52e-07
37.621926214151,-3.638e-06
37.637547906693,6.62e-07
37.653185084341,3.885e-06
37.668799300329,-9.45e-07
37.684427443746,3.92e-07
37.70005317508,3.97e-07
37.715670846049,1.786e-06
37.731302114448,-1.35e-07
37.746930877466,8.5e-08
37.762556955884,7e-08
37.778178425229,3.786e-06
37.793802891195,-1.273e-06
37.809419663362,-1.582e-06
37.825040961775,-1.401e-06
37.840675545649,-1.232e-06
37.856292037297,2.25e-07
37.871924286457,2.07e-07
37.887555178796,1.24e-07
37.903182908006,-3.7e-07
37.918811168414,9.29e-07
37.934416655378,-2.31e-07
37.950050982133,-1.62e-07
37.965677647561,1.94e-07
37.981303332441,3.906e-06
37.996923678891,-4.52e-07
38.012546970634,-2.24e-07
38.028172251973,2.269e-06
38.043804877791,-9.36e-07
38.059434767227,-7.41e-07
38.075053558892,-2.83e-07
38.090676695566,-6.438e-06
38.106307790474,-2.433e-06
38.121923823297,1.538e-06
38.137561344371,-7.42e-07
38.153176697316,1.754e-06
38.168784982779,1.689e-06
38.184413789427,1.049e-06
38.200054615486,5.54e-07
38.215681437199,-2.933e-06
38.231304090618,7.66e-07
38.246924820225,-2.511e-06
38.262546075556,-7.8e-08
38.278174620725,5.43e-07
38.293797191513,2.66e-07
38.309430580189,-5.475e-06
38.325054189051,1.245e-06
38.34067311241,1.543e-06
38.35630369505,-2.963e-06
38.371924260409,2.064e-06
38.387551567374,1.701e-06
38.403170708615,1.808e-06
38.418800932234,1.559e-06
38.434424356756,1.267e-06
38.450043073359,4.59e-07
38.465666821659,-1.836e-06
38.481306409871,-3e-06
38.496925805016,1.484e-06
38.51254970218,1.246e-06
38.528171036925,2.67e-07
38.543797899997,4.059e-06
38.559422455346,-1.574e-06
38.575046557623,-1.28e-06
38.5906864417,-1.071e-06
38.606296164853,2.12e-07
38.621927958237,1.79e-07
38.637562905344,1.592e-06
38.65317728382,6.527e-06
38.668808786466,-2.126e-06
38.684423445745,-3.37e-07
38.700063996527,-7.025e-06
38.715671962507,3.2e-07
38.731306680148,-3.52e-06
38.746921908937,2.687e-06
38.7625470084,-4.298e-06
38.778182126918,2.347e-06
38.793795332471,1.572e-06
38.809428799949,-7.07e-07
38.825049476096,1.553e-06
38.840668583823,8.94e-07
38.856307827832,4.78e-07
38.871925823695,5.38e-07
38.887539015292,7.928e-06
38.903178664105,1.623e-06
38.918800593453,9.34e-07
38.934434024339,-2.211e-06
38.950053957855,-7.35e-07
38.965677037564,-1.943e-06
38.981298002346,3.05e-06
38.996921252867,-1.723e-06
39.012559798998,-7.31e-07
39.028172297823,-6.16e-07
39.043805545136,-2.11e-07
39.059430979536,1.11e-07
39.075042486088,-4.288e-06
39.090679761152,8.72e-07
39.106302639954,5.04e-07
39.121927394094,6.383e-06
39.137558197854,7e-08
39.15317350725,-2.141e-06
39.168796837727,1.948e-06
39.184430674364,5.495e-06
39.200058922427,-3.813e-06
39.215677020447,-2.044e-06
39.231296170288,-2.9e-06
39.246924264984,3.903e-06
39.262561920875,-2.664e-06
39.278172244879,-6.624e-06
39.29379780192,-7.05e-07
39.309421209344,-6.36e-07
39.325053338611,2.52e-07
39.340674407649,1.122e-06
39.356293290704,9.45e-07
39.371923656895,4.65e-07
39.387551594822,-5.39e-06
39.403176024531,-1.342e-06
39.418798191218,-4.65e-07
39.434423951281,1.515e-06
39.450057928872,2.228e-06
39.465672187978,1.765e-06
39.481298182652,1.022e-06
39.496930828825,5.36e-07
39.512558320513,2.303e-06
39.528177736289,-3.622e-06
39.54380155253,4.07e-07
39.559430085586,1.95e-07
39.575049083385,2.073e-06
39.590673055196,-4.08e-07
39.606301548156,5.38e-07
39.621918785029,-7.1e-08
39.637541524315,2.4e-08
39.653172943376,6e-08
39.668800598535,-6.339e-06
39.684423179743,9.82e-07
39.700059085688,-1.97e-06
39.71567652252,7.7e-07
39.731300879299,6e-07
39.746934165398,-4.393e-06
39.762556488583,2.066e-06
39.77817559435,1.686e-06
39.793800337242,1.423e-06
39.809428730209,1.366e-06
39.825050250253,5.78e-07
39.840676465541,5.38e-07
39.856305999817,4.12e-07
39.871934114035,6.13e-07
39.887543696725,4.42e-07
39.90317689001,1.23e-07
39.918810194541,2.14e-07
39.934423593409,-1.95e-07
39.950042828222,-1.23e-07
39.96568468684,1.319e-06
39.981302061651,-4.584e-06
39.996927999663,-4.69e-07
40.012535805933,-9.6e-08
40.028166969929,6.09e-07
40.04379684515,3.84e-06
40.059437078978,1.289e-06
40.075050337896,5.7e-07
40.090681856727,6.189e-06
40.106302203539,-9.41e-07
40.1219269255,-1.314e-06
40.137555600916,-1.633e-06
40.153178444466,-4.51e-07
40.16879979617,-9.49e-07
40.184424784613,-7.5e-07
40.200052940241,-7.16e-07
40.215677144082,-2.981e-06
40.231306279967,-1.114e-06
40.246930389029,-4.82e-07
40.262549856944,2.58e-07
40.278174583767,2.44e-07
40.29380532404,-1.86e-07
40.30942577636,-2.06e-07
40.325060777614,-2.33e-07
40.340679308322,1e-08
40.356302282438,-2.4e-07
40.371929468786,4.29e-07
40.387548342182,5.96e-07
40.403183346232,-1.713e-06
40.418807148205,4.11e-07
40.43441891753,2.98e-07
40.450045646811,3.784e-06
40.465680926215,2.759e-06
40.481304864523,5.669e-06
40.496928133137,-1.29e-06
40.512557397446,-7.642e-06
40.528180073083,1.485e-06
40.54379657298,7.21e-07
40.559424971919,4.558e-06
40.575056077359,-1.02e-07
40.590680232862,-1.396e-06
40.60630116372,-4.237e-06
40.621925609919,-4.25e-07
40.637550200624,8e-09
40.653169515874,-7.6e-07
40.668799683289,-2.34e-06
40.684426957248,1.073e-06
40.700048075874,4.65e-07
40.715668320065,-6.32e-07
40.73129469879,-6.01e-07
40.74693001825,3.17e-07
40.762554449748,1.01e-07
40.778179087687,3.6e-08
40.793806835972,-1.27e-06
40.809425912221,1.77e-07
40.825054832149,1.16e-07
40.840677913584,-5e-07
40.856305800637,-5.6e-08
40.871930434465,-8.8e-08
40.88754948003,1.564e-06
40.903166640506,-8.7e-08
40.91880129271,2.525e-06
40.934432797167,-9.01e-07
40.950055496602,-1.261e-06
40.965671663616,-1.114e-06
40.981297341944,-8.82e-07
40.996914132454,-4.78e-07
41.012559317735,-6.77e-07
41.028173826442,-6.3e-08
41.04379715655,3.78e-07
41.059422526042,3.77e-07
41.075043549091,-5.56e-07
41.090674890206,6.55e-07
41.106292379526,-2.288e-06
41.121925569813,1.219e-06
41.13755284113,4.37e-07
41.153182316029,7.251e-06
41.168799184531,-8.7e-07
41.184428524136,-1.42e-06
41.200047415013,-5.499e-06
41.215672863818,-4.223e-06
41.23130699033,3e-09
41.24692477572,2.828e-06
41.262550632753,2.594e-06
41.278174723949,2.189e-06
41.293806286449,-2.168e-06
41.309429826267,3.876e-06
41.325043407625,1.73e-07
41.340676474508,1.36e-07
41.356297553201,-3.125e-06
41.37192625284,1.268e-06
41.387555716328,1.612e-06
41.403173714387,7.268e-06
41.418789872478,3.33e-07
41.434417205677,-4.834e-06
41.45003890283,1.62e-07
41.465667928572,-3.46e-07
41.481290654554,-2.99e-07
41.496930758889,-8.04e-07
41.512548689791,9.29e-07
41.528184374186,-7.31e-07
41.54379605843,-5.77e-07
41.559421345067,-2.586e-06
41.575058195024,1.934e-06
41.590672127239,3.84e-06
41.606296302822,-8.08e-07
41.621929426353,-7.484e-06
41.637541038519,2.92e-07
41.653182522158,-5.251e-06
41.66880122895,1.275e-06
41.68442995098,1.284e-06
41.700052120931,9.43e-07
41.715673219289,-1.787e-06
41.731297799417,1.839e-06
41.746930444338,2.95e-07
41.762548411128,6.432e-06
41.77817843458,-8.72e-07
41.793805477744,-5.246e-06
41.809431058448,-2.978e-06
41.825054447104,1.563e-06
41.840672987407,1.277e-06
41.856309750878,1.611e-06
41.871922333546,3.725e-06
41.887544539297,-5.156e-06
41.903177984457,2.148e-06
41.918801107729,4.555e-06
41.934430978238,6.201e-06
41.950046490497,5.708e-06
41.965683021179,9.49e-07
41.981300203617,-4.325e-06
41.996923187348,-3.6e-06
42.012549188343,-1.236e-06
42.028171916602,-7.6e-08
42.043788858662,-1.6e-08
42.059424527406,-3.169e-06
42.075053218089,-1.26e-07
42.090678820091,-5.89e-07
42.106303934154,-2.3e-07
42.121929154272,1.71e-07
42.137552295076,5.95e-07
42.153183687893,-4.348e-06
42.168805614373,-5.929e-06
42.184417608041,1.505e-06
42.200052841084,7.795e-06
42.215665262313,-8.13e-07
42.231291265179,-1.861e-06
42.246926496595,-1.321e-06
42.262554340179,-3.838e-06
42.278180871215,5.6e-07
42.293790397442,2.914e-06
42.309428691684,2.84e-07
42.325053913119,7.14e-07
42.340678641387,4.842e-06
42.356304253813,-4.78e-07
42.371918993636,-3.63e-07
42.387550590649,-1.147e-06
42.403177388896,6.98e-06
42.418804507532,6.48e-07
42.434424021951,-1.911e-06
42.450055945382,-1.654e-06
42.465667913029,-3.31e-07
42.481293288305,-1.44e-07
42.496927261975,-9.4e-07
42.512552347702,-7.92e-07
42.528168258315,-6.59e-07
42.543796552947,-5.58e-07
42.559429270129,-3.04e-07
42.575041885856,-6.39e-07
42.590679390184,3.59e-07
42.606313270518,-2.3e-07
42.621919429556,2.405e-06
42.637557477012,-4.618e-06
42.653175282108,5.74e-07
42.668802988136,5.78e-07
42.684419248098,1.03e-07
42.700049723751,-4.87e-07
42.715669146793,1.96e-07
42.731297033776,-1.45e-06
42.746931610569,2.874e-06
42.762546627383,4.527e-06
42.778163863277,-7.97e-07
42.793796854074,-7.139e-06
42.809433238616,-1.99e-07
42.825049877211,-1.66e-07
42.840673247654,1.7e-08
42.856298139149,4.23e-07
42.871921275418,-5.078e-06
42.887557310126,1.566e-06
42.90316998635,4.021e-06
42.918800427189,-2.856e-06
42.934427926919,-2.901e-06
42.95005596575,9.92e-07
42.965661764222,2.005e-06
42.981298328429,2.58e-07
42.996918377722,-5.23e-07
43.012556738822,-1.426e-06
43.02818139074,8.97e-07
43.043799719406,1.571e-06
43.059425281833,1.325e-06
43.075049672421,-9.89e-07
43.090679636104,1.465e-06
43.106298932548,3.113e-06
43.121921726364,3.02e-07
43.137554201395,3.54e-07
43.153183929945,-7.6e-08
43.168797340651,-2.23e-07
43.184423636616,1.87e-06
43.200056023425,-2.671e-06
43.215675049106,-2.306e-06
43.231307477728,-9.5e-08
43.246921221561,3.5e-08
43.262551967033,-7.26e-07
43.27818351919,-5.3e-07
43.293803709805,-4.707e-06
43.30942256563,6.93e-07
43.325053671989,7.36e-07
43.34067868697,4.63e-06
43.356301180484,3.56e-07
43.371920383677,7.659e-06
43.387553210419,-1.504e-06
43.403164199857,-1.221e-06
43.418795219827,-9.13e-07
43.434430677404,-2.28e-07
43.450050731114,-1.759e-06
43.46568214713,2.8e-07
43.481306479006,5.679e-06
43.496921850702,-9.22e-07
43.512548963456,-1.539e-06
43.528178349323,-8.34e-06
43.543798531628,2.11e-07
43.559428997197,-1.146e-06
43.575050604472,-1.067e-06
43.590676704986,4.59e-07
43.606293718102,2.28e-07
43.621929800852,9.2e-08
43.637557017761,-1.039e-06
43.653175818175,1.273e-06
43.66880195913,9.32e-07
43.684423151298,7.28e-07
43.700054463173,6.73e-07
43.715677760865,1.084e-06
43.73130070452,3.8e-07
43.746926527089,3.13e-07
43.762544558236,2.97e-07
43.778186400246,2.5e-07
43.793798748208,2.03e-07
43.809424959689,4.08e-06
43.825060795171,-3.974e-06
43.840671712154,-1.521e-06
43.856296518518,1.457e-06
43.871925409818,-1.411e-06
43.887539377263,-1.09e-07
43.903176081223,2.232e-06
43.918804243941,-6.98e-07
43.934437117993,4.442e-06
43.950049980323,-5e-08
43.96567178946,1.814e-06
43.981297698861,2.122e-06
43.996934579224,-5.55e-06
44.012543040206,2.731e-06
44.028182144553,5.5e-08
44.043802062906,-4.68e-07
44.059429597022,-6.88e-07
44.075053033568,-4.3e-07
44.090678718173,-7.72e-07
44.106302470549,-2.76e-07
44.12192580575,-7.41e-07
44.137546903147,-2.926e-06
44.153179479958,2.081e-06
44.168794282519,-5.93e-07
44.184431882408,2.231e-06
44.20005355634,-4.67e-07
44.215675734083,-1.85e-07
44.231292458719,-5.72e-07
44.246922883648,-7.5e-08
44.262561647553,6.68e-07
44.278173097898,-1.8e-08
44.293800850483,-3.108e-06
44.309423957789,2.775e-06
44.325045252622,-5.63e-07
44.340683096043,3.47e-07
44.356295306715,-2.39e-07
44.371927534226,-2.159e-06
44.387549102019,1.084e-06
44.403175664721,5.07e-07
44.418805663633,-1.23e-07
44.43441598245,-1.996e-06
44.450047030014,1.883e-06
44.465681111807,5.288e-06
44.481308516031,-1.2e-08
44.496924267248,-1e-08
44.512544761343,-2.19e-07
44.52816852884,3.08e-07
44.543805670152,-1.032e-06
44.559430845647,3.628e-06
44.575052754718,-1.387e-06
44.590674550891,-1.179e-06
44.606300764423,-1.395e-06
44.621912018773,-1.662e-06
44.637552495488,1.347e-06
44.653161544333,-1.003e-06
44.668801198465,2.861e-06
44.68443485905,-1.444e-06
44.700049791434,1.548e-06
44.715671789038,-1.153e-06
44.731304790773,-1.03e-06
44.746927054417,-8.55e-07
44.76255073484,-1.153e-06
44.778174724823,-1.06e-07
44.793792034894,2.558e-06
44.809420747434,-5.98e-07
44.825047562442,-6.97e-07
44.840675885072,-4.56e-07
44.856296260573,-5.52e-07
44.871929692068,5.335e-06
44.887551779065,-1.421e-06
44.903180337387,-3.926e-06
44.918801243864,-2.13e-07
44.934431842191,-9.7e-08
44.950062109027,-1.889e-06
44.965670424826,9.86e-07
44.981303315518,7.58e-07
44.996922088391,4.21e-07
45.012552238584,3.89e-07
45.028172378454,-2.171e-06
45.043798262577,3.816e-06
45.059427656248,7.22e-07
45.075053862693,-3.49e-07
45.090673388893,1.12e-07
45.106301024985,1.51e-07
45.121925115081,-6.28e-07
45.137553908212,-4.71e-07
45.153184900391,-4.06e-07
45.168801068145,-4.735e-06
45.184423375201,2.652e-06
45.200045988567,-1.936e-06
45.215674238302,2.458e-06
45.231303961574,-1.332e-06
45.246928107259,-7.34e-07
45.262549746058,-4.127e-06
45.278183281812,7.5e-07
45.293802563251,-2e-07
45.30942399686,5.272e-06
45.325053989204,-2.241e-06
45.340676395295,6.273e-06
45.356296728726,-2.78e-06
45.371924449336,-1.34e-06
45.387549781726,-1.788e-06
45.403172151799,1.458e-06
45.418803443137,-9.53e-07
45.43443081518,-5.28e-07
45.450043373039,3.652e-06
45.465674515712,-9.66e-07
45.481295400076,-7.59e-07
45.496925219948,-3.33e-07
45.512540908326,-5.5e-08
45.52817480575,-4.696e-06
45.543801676263,2.551e-06
45.559427991435,8.88e-07
45.575055607222,-6.285e-06
45.590671612461,1.704e-06
45.606305630651,6.105e-06
45.621916634352,-2.22e-07
45.637560002545,-1.796e-06
45.653177927096,1.401e-06
45.668808523598,-6.77e-07
45.684435637707,-6.39e-07
45.700050315758,-4.538e-06
45.71568057358,4.7e-07
45.731295259673,-1.77e-07
45.746918764037,1.19e-06
45.762543531957,1.446e-06
45.778167417336,3.268e-06
45.793800193602,2.17e-07
45.809428473146,7.91e-07
45.825052277703,4.326e-06
45.840674489562,-4.33e-07
45.856293884529,-1.099e-06
45.871919548971,-6.51e-07
45.887550035738,-2.993e-06
45.903180166671,1.74e-07
45.91880346316,6.798e-06
45.934426482264,-2.247e-06
45.95005071617,6.61e-07
45.965669648968,-1.423e-06
45.981300071596,-5.02e-07
45.996923949484,-2.758e-06
46.012558551762,-1.61e-06
46.028175758005,-1.359e-06
46.043797133402,-5.21e-07
46.059419043591,3.91e-06
46.075046287095,-1.443e-06
46.09066299059,-7e-07
46.106310551276,-6.41e-07
46.121933655787,-5.93e-07
46.137560731402,-2.565e-06
46.153174787794,9.09e-07
46.168801624656,1.517e-06
46.184430922891,3.097e-06
46.20004650423,1.03e-07
46.215676181941,8e-08
46.231298079199,-6.82e-07
46.246922805349,1.014e-06
46.262547267372,-1.809e-06
46.278178445379,-3.69e-07
46.293796960138,-7.36e-07
46.309434976724,-6.63e-07
46.325044011357,-1.135e-06
46.340675876129,-3.83e-07
46.356298676237,-3.06e-07
46.37191940814,-1.332e-06
46.387552720395,-4.158e-06
46.403170081774,2.98e-06
46.418795772546,-2.424e-06
46.434422274107,2.718e-06
46.450052204246,-1.329e-06
46.465674457508,3.994e-06
46.481300049007,-1.729e-06
46.496930186651,1.604e-06
46.512539482921,1.355e-06
46.528178992185,8.83e-07
46.54379837852,-4.68e-07
46.559421693943,-1.62e-07
46.575048111887,-4.21e-07
46.590684236482,-3.13e-07
46.606303113225,3.52e-07
46.621918324804,2.97e-07
46.637548530403,3e-07
46.653181427352,-2.845e-06
46.668798223472,7.56e-07
46.684432792717,5.71e-07
46.700047311327,4.9e-07
46.715675873139,-5.744e-06
46.731303891376,1.259e-06
46.746932786847,1.189e-06
46.762545756259,9.52e-07
46.778168474147,8.12e-07
46.793801020437,4.026e-06
46.809419555755,-1.002e-06
46.825063100019,4.854e-06
46.840671939977,-6.56e-06
46.856297394582,-1.12e-07
46.871926612481,1.3e-08
46.887548449397,-6.12e-07
46.903175842887,-5.85e-07
46.918791894924,3.24e-07
46.9344248314,2.16e-07
46.95004868368,5.81e-07
46.965672133058,-3.751e-06
46.981303182143,-9.8e-08
46.996932025919,1.682e-06
47.012547528213,1.37e-06
47.02818369156,1.605e-06
47.043804304709,9.29e-07
47.059421960128,3.26e-07
47.075058796081,2.649e-06
47.090677896949,-6.86e-07
47.106299731486,-5.81e-07
47.121926768555,-5.4e-07
47.137546772447,1.342e-06
47.153169637959,-4.91e-07
47.168796513052,-4.65e-07
47.184412778231,-3.42e-07
47.200048331148,-2.8e-07
47.215671267768,-9.79e-07
47.231303118171,3.858e-06
47.246925318938,-1.735e-06
47.262559588921,-2.557e-06
47.278172792076,-2.2e-06
47.29381377458,-8.4e-07
47.309427658488,-8.08e-07
47.325047777726,-3.15e-07
47.34066870946,4.26e-07
47.356299293872,1.59e-07
47.371919449306,1.33e-07
47.387551993005,4.554e-06
47.403182262666,-8.89e-07
47.418796281863,-5.19e-07
47.434424144068,-3.82e-06
47.450058633237,-5.75e-07
47.465674461887,8.89e-06
47.481305540126,1.69e-07
47.496930216678,-5.91e-07
47.512542634729,-3.92e-07
47.528176321342,-6.056e-06
47.543804201959,-7.961e-06
47.55942610979,2.733e-06
47.575050013089,2.356e-06
47.590680403533,4.821e-06
47.606311117716,-4.8e-08
47.621923906701,1.482e-06
47.637553501262,-4.066e-06
47.653166896529,1.494e-06
47.668798400045,2.27e-07
47.684429916234,7.26e-07
47.700054259398,-3.537e-06
47.715678207758,-3.52e-07
47.731303805475,-3.68e-06
47.746921436669,2.61e-06
47.762553195811,1.778e-06
47.77818239139,2.249e-06
47.793793919743,8.82e-07
47.80942847532,4.27e-07
47.825056430158,2.68e-07
47.840674950819,3.43e-07
47.856301154158,3.198e-06
47.871933425882,-9.51e-07
47.887558952833,-7.86e-07
47.903179234328,-7.38e-07
47.918803003284,-5.91e-07
47.934428791332,1.18e-07
47.950044970889,5e-08
47.965684347467,4.1e-08
47.981302933644,1.76e-07
47.996920782655,-4.2e-08
48.012549659701,2.47e-07
48.02817749429,5.107e-06
48.043793905206,-4.213e-06
48.059435728085,-6e-09
48.075053310046,2.37e-07
48.090667425852,-2.5e-08
48.106300468744,-8.7e-08
48.121933767815,9.33e-07
48.137554398683,-3.371e-06
48.153172459356,-3.56e-06
48.168792874181,2.035e-06
48.184420671908,3.819e-06
48.200056360627,1.905e-06
48.215671923862,-3.317e-06
48.231294185375,-1.842e-06
48.246923547147,5.95e-07
48.262552164446,1.601e-06
48.278174373183,1.661e-06
48.293801144511,3.709e-06
48.309426331284,3.04e-07
48.325053689294,-4.43e-07
48.340674036997,8.92e-07
48.356305034962,-2.412e-06
48.37193402701,-4.11e-07
48.387554150114,2.97e-06
48.403183177563,-1.094e-06
48.418799998979,-8.83e-07
48.434421447978,-1.086e-06
48.45005498363,-2.567e-06
48.465669280099,2.542e-06
48.481305046008,5.44e-07
48.496925741994,1.001e-06
48.51254865933,-3.306e-06
48.528175367481,-9.64e-07
48.543802370855,-1.296e-06
48.55942937397,6.45e-07
48.575049115067,-9.28e-07
48.590679661576,-5.025e-06
48.606304252776,5.8e-08
48.621934417756,4.391e-06
48.637554678115,1.07e-07
48.653172154228,4.89e-07
48.668797721572,7.13e-07
48.684418286227,2.1e-07
48.700041755252,1.26e-07
48.715678882287,4.756e-06
48.731308882566,-1.412e-06
48.746919441095,-6.76e-07
48.762548943134,-2.878e-06
48.778179668865,-2.429e-06
48.793804352158,-9.57e-07
48.809431322189,-7.906e-06
48.82505037538,1.944e-06
48.840676993398,4.591e-06
48.856308073329,1.039e-06
48.871924089863,8.26e-07
48.887555599065,7.71e-07
48.903176536749,-6.839e-06
48.918804225035,1.619e-06
48.934433456517,4.391e-06
48.950052843739,2.48e-07
48.965663680691,1.49e-07
48.98130261071,5.85e-07
48.996926475759,4.93e-07
49.012550813799,4.25e-07
49.028167235628,3.58e-07
49.04379658971,-6.88e-07
49.059427526975,-4.56e-07
49.07505404509,-3.27e-07
49.090667817078,-2.976e-06
49.106297499964,2.05e-07
49.121922933034,-2.816e-06
49.137555497276,1.615e-06
49.153168746452,1.344e-06
49.168802136719,1.093e-06
49.184422012465,7.63e-07
49.20005217631,6.61e-07
49.215669156263,5.91e-07
49.231303059807,4.9e-07
49.246923125282,3.71e-07
49.262540988842,-4.045e-06
49.278182981697,9.87e-07
49.293812815965,8.33e-07
49.309427444535,6.95e-07
49.325046654168,5.36e-07
49.340674160155,4.42e-07
49.356295078568,3.23e-07
49.371919950874,1.065e-06
49.387548288724,9.98e-07
49.403167938196,-3.31e-07
49.418806289791,-2.78e-07
49.43443420234,-1.835e-06
49.450047116569,0
49.46567161148,-2.84e-07
49.4813120652,-1.14e-07
49.496933008511,-1.38e-07
49.512555976323,7.07e-07
49.528167716881,-2.76e-07
49.543800016909,3.182e-06
49.559421202304,-1.19e-06
49.575052235131,-9.312e-06
49.59067518541,3.241e-06
49.60630233199,7.69e-07
49.621930169911,-2.184e-06
49.637554847193,-2.44e-07
49.653171369661,9.53e-07
49.668799098416,5.17e-06
49.684421566768,1.2e-08
49.700046730332,3.28e-07
49.715666034591,7.826e-06
49.731294693559,-1.788e-06
49.746923851683,-2.76e-06
49.762554235826,2.11e-07
49.778181386054,-8.244e-06
49.793794468659,1.191e-06
49.809428209374,9.56e-07
49.825049267355,1.06e-07
49.840673054053,-3.203e-06
49.856301085425,8.038e-06
49.871932082637,1.42e-07
49.887548050974,1.169e-06
49.903169895165,1.028e-06
49.918801797555,1.58e-07
49.93443491534,-8.457e-06
49.950057908165,2.52e-07
49.965681053148,2.266e-06
49.981304856451,8.53e-07
49.996921583925,4.28e-07
50.012546741193,1.02e-06
50.02817971935,4.84e-07
50.043802943337,5.9e-08
50.059425647067,7.92e-07
50.07505795454,-2.132e-06
50.090674712146,1.3e-06
50.106297288191,2.73e-07
50.121926152705,2.63e-06
50.13755574766,-3.198e-06
50.153182957188,-2.032e-06
50.168798116138,-4.8e-08
50.184410226266,1.66e-07
50.200049571675,-5.15e-07
50.215675828195,-4.19e-07
50.231298334867,8.96e-07
50.246927614686,-7.35e-07
50.262557745169,-7.405e-06
50.278181857851,1.35e-06
50.293793691892,1.783e-06
50.309427497419,8.21e-07
50.32505591463,-4.39e-06
50.340682060926,3.377e-06
50.356291439135,1.219e-06
50.371918646404,1.085e-06
50.387547709307,7.015e-06
50.403174323898,-1.288e-06
50.418807831382,-5.39e-07
50.434416890662,-5.95e-07
50.450055452281,-5.11e-07
50.465670893527,-1.14e-06
50.481305921304,3.72e-07
50.496932195614,1.21e-07
50.512543514505,-1.055e-06
50.528182119365,-6.39e-06
50.543799061442,1.539e-06
50.559427027691,5.15e-06
50.575043212384,-3.52e-07
50.59068457749,2.26e-07
50.606301856579,-2.18e-07
50.621936442383,-1.34e-07
50.637546840832,-4.55e-07
50.653180068469,-4.625e-06
50.668785011004,1.42e-06
50.684430252246,2.531e-06
50.700052813272,1.485e-06
50.715673931673,4.645e-06
50.731309284504,5.19e-07
50.746926598856,4.679e-06
50.762554502292,-4.426e-06
50.778181864958,-1.586e-06
50.793811827367,-2.254e-06
50.809424421847,-9.1e-07
50.825043674072,5.66e-07
50.840677747189,4.36e-07
50.856298410157,-2.85e-06
50.871917473265,1.16e-06
50.887556024892,-1.777e-06
50.903173342971,1.48e-07
50.91879971877,8.26e-07
50.934428081405,1.211e-06
50.950048738173,-5.125e-06
50.965669427252,2.339e-06
50.981307164009,7.823e-06
50.996928079319,-2.13e-07
51.012550067985,-5.3e-07
51.028179518289,-3.765e-06
51.043801651766,-4.77e-07
51.059427478404,3.06e-07
51.075037363716,1.534e-06
51.090676024198,-2.05e-07
51.106297217132,3.84e-07
51.121921150425,8.89e-07
51.137539983585,-4.73e-07
51.153167367948,1.165e-06
51.168808696462,-2.83e-07
51.184419270751,2.626e-06
51.200056804716,3.3e-08
51.215680596542,3.02e-07
51.231300445918,1.54e-07
51.246926908463,4.838e-06
51.262541273866,-1.707e-06
51.278183603235,3.801e-06
51.293803147259,-3.274e-06
51.309425831688,-1.273e-06
51.325049389381,-1.658e-06
51.340674784969,-1.223e-06
51.356301620274,-3.589e-06
51.371930529855,4.78e-07
51.387560809669,4.62e-07
51.403178861286,-3.202e-06
51.418812853678,1.448e-06
51.434414191562,9.6e-08
51.450051322384,-1e-09
51.465669226768,-8.367e-06
51.481298498788,1.288e-06
51.496925070849,4.21e-07
51.51255080273,1.179e-06
51.52816815272,1.003e-06
51.54379875821,1.105e-06
51.559423098982,-1.224e-06
51.575039354809,8.66e-07
51.59066869179,9.55e-07
51.606306184772,8.14e-07
51.621930310159,1.54e-07
51.637547196463,6.12e-07
51.653172867914,-8.3e-08
51.668806383853,6.321e-06
51.684417045986,-2.948e-06
51.70004009749,4.94e-07
51.715677940884,-1.69e-06
51.731301331987,-1.151e-06
51.746936074657,-8.54e-07
51.762544210646,-2.9e-08
51.778175221357,8.84e-07
51.793801211611,-8.21e-07
51.809419430964,-1.235e-06
51.825052606526,2.31e-07
51.840685707387,3.286e-06
51.856296907898,-1.734e-06
51.871931905871,-1.513e-06
51.887540881428,-6.6e-07
51.903178743277,1.5e-07
51.918799562969,4.977e-06
51.934437288087,-9.16e-07
51.950051258285,-1.482e-06
51.965671984521,-2.885e-06
51.981296181442,-2.335e-06
51.996930581737,-9.69e-07
52.012543303561,5.23e-07
52.028177910882,9.17e-07
52.043808103679,8.9e-07
52.059430476904,6.35e-07
52.07504675948,2.25e-06
52.090669379852,2.41e-07
52.106300440937,2.27e-07
52.121924028573,5.59e-07
52.137555147818,5.572e-06
52.153177599264,-4.65e-07
52.168806682687,-1.95e-07
52.184426902265,-5.04e-07
52.200051052851,-4.76e-07
52.21567150614,-6.35e-07
52.231292680522,-2.18e-07
52.246935192161,-7.69e-07
52.262548483358,1.018e-06
52.27817220957,-4.07e-07
52.293810312954,-5.51e-07
52.309432440123,1.415e-06
52.325049180598,-1.63e-07
52.340679295039,-1.178e-06
52.356296424852,-9.2e-07
52.37193418341,-7.76e-07
52.387556505512,-7.06e-07
52.403182007238,-2.54e-07
52.418795698263,-6e-09
52.434423797746,1.2e-07
52.450046079255,1.09e-07
52.465677984622,9.3e-08
52.481302595901,-1.822e-06
52.496929860937,3.1e-07
52.512554641037,2.62e-07
52.528178967189,-3.128e-06
52.543808427132,-5.239e-06
52.559425231283,-1.42e-06
52.575055905691,6.076e-06
52.590681017316,-9.48e-07
52.606294449834,1.232e-06
52.621923559554,6.49e-06
52.63754918029,-1.533e-06
52.653171219338,-1.912e-06
52.668805031953,-7.04e-07
52.684421936479,-4.44e-07
52.70005035679,6.17e-07
52.715666307629,8.56e-07
52.731297109588,8.53e-07
52.746924194362,3.937e-06
52.762550441681,-5.35e-07
52.778171921351,-2.36e-07
52.793794726681,-1.16e-07
52.809420962981,-2.32e-07
52.825050903088,-3.54e-07
52.840664674076,-2.49e-07
52.856304385673,-5.801e-06
52.871923476421,7.04e-07
52.887552688134,1.91e-06
52.903170644873,2.63e-07
52.918793768413,1.387e-06
52.934429388151,-4.54e-07
52.950052932771,2.857e-06
52.965689183662,-9.46e-07
52.981303859016,2.159e-06
52.996929301799,-2.778e-06
53.012547722353,-3.02e-07
53.028171308446,-1.48e-07
53.043804885321,1.17e-07
53.059427737347,-6.43e-07
53.075045922295,-4.3e-08
53.090671960615,-1.086e-06
53.10630661368,1.33e-07
53.121928457211,7.171e-06
53.137562470527,-1.247e-06
53.153181392658,-9.07e-07
53.168801800996,-1.882e-06
53.184429066241,-1.638e-06
53.200058039426,-1.266e-06
53.215681928633,5.83e-07
53.231307626331,4.5e-07
53.246924499419,4.88e-07
53.262554629015,-1.146e-06
53.278172104584,5.31e-07
53.293793196466,4.48e-07
53.309432145509,4e-09
53.325046297799,2.28e-07
53.340674768663,2.41e-07
53.356303679178,-7.9e-08
53.371923839341,-4.15e-07
53.387548297558,3.98e-07
53.403171531891,-8.64e-07
53.418807553529,-9.62e-07
53.434424023481,-1.613e-06
53.450045948439,-1.252e-06
53.465683415289,-2.56e-07
53.481311206251,6.24e-07
53.496931467657,-1.21e-07
53.512540808909,7.13e-07
53.528179148775,5.001e-06
53.543802220122,-2.48e-07
53.559412771558,7.657e-06
53.575040552551,-2.305e-06
53.590671292188,-1.996e-06
53.606308860088,-6.17e-07
53.621929549595,-6.61e-07
53.637546023061,1.6e-08
53.653176101264,-5.85e-07
53.668803951799,-4.94e-07
53.684425342414,3.38e-07
53.70004364234,3.51e-07
53.71568138892,6.931e-06
53.731301461335,-8.51e-07
53.746928931044,-4.593e-06
53.762553856591,-1.826e-06
53.778177440501,-1.199e-06
53.793803770644,-4.95e-07
53.809425080404,-4.32e-07
53.825050677747,-4.1e-08
53.840665221769,-2.78e-07
53.856310670908,-1.283e-06
53.871925704504,2.15e-07
53.887544317863,9.89e-07
53.903185328968,8.5e-08
53.918807082909,-1.35e-07
53.93442940558,-1.73e-07
53.950058563619,1.686e-06
53.965677458151,-2.076e-06
53.981297891478,-5.45e-07
53.99693006705,-3.18e-07
54.012551752349,-2.76e-07
54.028178453344,2.24e-07
54.043798005964,1.39e-07
54.059420605621,1.08e-07
54.075048142982,1.59e-07
54.090668481851,1.5e-07
54.106294564938,2.26e-07
54.121912559849,1.9e-07
54.13755471616,6.19e-07
54.153175089188,4.63e-07
54.168800676525,-1.24e-07
54.184421544186,-1.12e-07
54.200049901536,-1.505e-06
54.215673993884,1.29e-07
54.231296795107,3.1e-07
54.246930704783,6.9e-08
54.262555466219,-8.41e-07
54.278174072031,7.14e-07
54.293802721946,8.52e-07
54.309424504239,2.453e-06
54.325039512992,-2.8e-08
54.340680703151,2.5e-08
54.356300741258,2.1e-08
54.371921231586,-5.084e-06
54.387553209013,3.42e-06
54.40318015255,9.18e-07
54.418793783216,1.191e-06
54.434422937001,3.22e-07
54.450052036924,6.88e-07
54.465682325686,-2e-08
54.481299991512,-4.825e-06
54.496921818502,-6.08e-06
54.51255279797,-6.05e-07
54.52818202823,4.323e-06
54.543798883532,2.082e-06
54.559435922703,1.698e-06
54.575047073348,6.47e-07
54.590668550586,-6.69e-07
54.606295446688,-7.64e-07
54.621932435181,-3.37e-07
54.63755389019,-7.25e-07
54.653178617161,-3.88e-07
54.668807465965,-2.77e-07
54.684430270871,6.324e-06
54.700052393685,-1.538e-06
54.715679512661,-3.681e-06
54.73130130507,2.42e-07
54.746928369438,-4.03e-07
54.762549298372,-3.98e-07
54.778182651037,-2.86e-07
54.793793138077,2.91e-07
54.809426150656,-1.45e-07
54.825051104428,1.84e-07
54.84067817986,-3.2e-07
54.856306357692,2.629e-06
54.871928236798,-5.679e-06
54.887538922758,-2.94e-07
54.90317059534,-2.91e-07
54.918807750993,-4.36e-06
54.934433141152,2.026e-06
54.950043873972,1.703e-06
54.9656747755,9.12e-07
54.981306969136,-1.829e-06
54.996923542715,1.536e-06
55.012546974837,7.55e-07
55.028179842147,-5.112e-06
55.043800244184,1.962e-06
55.059428625546,1.705e-06
55.075057161842,7.88e-07
55.09067179878,6.81e-07
55.106300801007,1.525e-06
55.121931499275,8.243e-06
55.137549255539,-1.242e-06
55.153170332093,1.766e-06
55.168803575297,4.233e-06
55.18442214854,-3.703e-06
55.20005374387,-3.324e-06
55.215680491589,1.47e-06
55.231295993447,1.16e-07
55.246931315389,-1.602e-06
55.262551419501,-6.151e-06
55.278174411726,8.17e-07
55.293801551065,-6.9e-08
55.309424716579,-5.816e-06
55.325042281439,1.765e-06
55.340674532779,4.24e-06
55.356300810013,-4.429e-06
55.371920620182,1.859e-06
55.387549286549,7.36e-07
55.403169662244,4e-09
55.418809248032,-4.46e-07
55.434426196497,5.139e-06
55.45004120564,-5.3e-07
55.465670444627,-2.754e-06
55.481299285758,1.709e-06
55.496918041042,-1.41e-07
55.512544971552,-2.18e-07
55.528175828602,-1.01e-07
55.543804055937,-3.6e-08
55.559425559302,-7.2e-08
55.57505374341,-1.8e-08
55.590680342841,-1.967e-06
55.606297091954,3.9e-07
55.621927899101,1.188e-06
55.637555317427,3.67e-07
55.653175084378,-8.31e-07
55.668806048136,6.57e-07
55.684417774007,8.69e-07
55.700043907373,5.84e-07
55.715680307831,9.68e-07
55.731300434355,-4.557e-06
55.746923276612,-1.348e-06
55.762547334097,5.139e-06
55.778178158284,-2.787e-06
55.793804781159,-2.603e-06
55.809424297394,-9.46e-07
55.825057447431,-6.98e-07
55.840677041842,-5.5e-08
55.856294222152,6.693e-06
55.871927880655,-1.51e-07
55.887556304616,-1.288e-06
55.903172356704,4.71e-07
55.918794187615,5.48e-07
55.934431803654,7.7e-08
55.950048674635,1.57e-07
55.965674125282,2.4e-08
55.981309414741,-5.078e-06
55.996917211233,6.12e-07
56.012557990795,7.09e-07
56.02817639097,1.864e-06
56.043786396758,1.34e-06
56.059427082919,-4.235e-06
56.075051431841,3.25e-07
56.090685820347,5.575e-06
56.106293653009,5.5e-08
56.121932436596,-6.87e-07
56.137562227883,-2.63e-07
56.153175209517,-3.48e-07
56.168793790302,8e-08
56.184422654392,2.6e-07
56.200047275052,-4.079e-06
56.21567106169,1.139e-06
56.231306858902,1.069e-06
56.246930766919,-6.879e-06
56.262547658428,2.433e-06
56.27816863157,1.679e-06
56.293798804464,7.33e-07
56.309421901436,4.6e-07
56.325056466118,3.38e-07
56.34067841042,2.35e-07
56.356309634899,-4.91e-07
56.371923643375,3.534e-06
56.387547856123,-1.458e-06
56.403167496739,-1.949e-06
56.418800927453,-7.6e-08
56.434413087659,7.35e-07
56.45005284362,3.87e-07
56.465677616539,3.26e-07
56.481292196402,0
56.496923406359,5.24e-07
56.512558762473,-8.108e-06
56.52818190195,-4.2e-08
56.543795733221,9.74e-07
56.559421463303,-1.194e-06
56.575043847628,2.56e-07
56.590672824722,2.416e-06
56.606297739974,1.533e-06
56.621916193899,-1.266e-06
56.637554253215,1.679e-06
56.653180351542,-4.72e-07
56.668803615273,5.508e-06
56.684427230288,-4.5e-07
56.700048357136,-5.189e-06
56.715686071995,-8.8e-07
56.731296755252,2.683e-06
56.746931267425,-1.027e-06
56.762547184461,8.192e-06
56.778175078414,2.145e-06
56.793808430585,5.8e-08
56.809436688154,-7.59e-07
56.825061090008,-1.54e-06
56.840676244908,-1.3e-06
56.8562995119,-1.47e-07
56.871931517288,-4.98e-07
56.887546301513,-1.487e-06
56.903179428846,-6.95e-07
56.918805484932,3.377e-06
56.934427414931,3.508e-06
56.95005138045,-2.43e-06
56.965670407945,5.4e-08
56.981307230457,-1.336e-06
56.996925797522,-2.253e-06
57.01255588093,-4.84e-07
57.028185887861,-9.81e-07
57.043799424194,-8.29e-07
57.05942182029,-1.925e-06
57.075059148417,4.258e-06
57.09067327462,-5.462e-06
57.106294545723,1.447e-06
57.121929713231,-2.87e-07
57.137552206651,3.32e-07
57.153180203828,7.54e-07
57.168807861153,6.61e-07
57.184437555408,3.5e-07
57.200042810513,3.28e-07
57.215680313238,2.51e-07
57.231299995516,2.46e-07
57.246937334797,-2.242e-06
57.262558445429,4.73e-07
57.278177650375,1.958e-06
57.29379709911,1.87e-07
57.309431343621,3.81e-07
57.325042160152,1.62e-07
57.340671084539,-1.11e-07
57.35629697938,-1.1e-07
57.371923279738,-9.4e-08
57.387550539626,-1.646e-06
57.403177133371,1.194e-06
57.418801154171,4.29e-06
57.434419608789,-1.677e-06
57.450052535516,7.91e-07
57.465676925822,-1.09e-06
57.481302721805,4.719e-06
57.496925714362,-2.25e-06
57.5125479615,3.642e-06
57.528183129801,-4.635e-06
57.543799536873,-5.003e-06
57.559427912522,-5.79e-07
57.575043925409,2.19e-07
57.590678376954,1.44e-07
57.606306115502,4.36e-07
57.621920932434,2.77e-07
57.637554445225,7e-06
57.653176227433,-7.58e-07
57.668794066782,-5.08e-07
57.684426041876,-1.555e-06
57.700054240469,-1.111e-06
57.71568185671,-1.214e-06
57.731301379517,2.325e-06
57.746923496138,-2.02e-06
57.762548032705,-1.654e-06
57.778167143751,-1.347e-06
57.793799063805,-1.101e-06
57.809431801801,-8.38e-07
57.825048084695,7.91e-07
57.840671161727,-9.73e-07
57.856296745759,-3.77e-06
57.871925750242,7.959e-06
57.88755167418,4.507e-06
57.90317033801,-2.306e-06
57.91879262112,-8.28e-07
57.934419984351,-6.5e-07
57.95004573943,-1.072e-06
57.965675823029,7.6e-08
57.981301726515,6.65e-07
57.996930512936,1.453e-06
58.012548711467,-5.32e-07
58.02818565684,-2.4e-07
58.043796400278,9.6e-08
58.059424000691,3.1e-08
58.07504966326,-3.373e-06
58.090681045628,1.61e-06
58.106296061427,1.109e-06
58.121926516501,-5.55e-07
58.137536571076,2.73e-07
58.153172663038,1.63e-07
58.168799259219,1.36e-07
58.184432418376,-3e-07
58.200050754603,4.945e-06
58.215683337124,-8.01e-07
58.231290286251,-2.77e-06
58.246916264166,-4.87e-07
58.26254646187,-8.18e-07
58.278180188257,-1.6e-08
58.29379967912,-6.2e-08
58.309423354289,1.395e-06
58.325048888899,-4.46e-07
58.340670693435,-3.59e-07
58.356304537056,-3.45e-07
58.371921565193,-1e-08
58.387544466961,-8e-09
58.403178480291,9e-09
58.418807725163,5.49e-07
58.434438454754,5.05e-07
58.450053429645,5.84e-07
58.465680965463,-4.906e-06
58.481306321513,1.309e-06
58.496934667165,4.64e-07
58.512547168173,3.82e-07
58.528183540941,1.39e-07
58.543801866539,-2.689e-06
58.559420168156,5.29e-07
58.575052802755,1.42e-06
58.590684359543,1.206e-06
58.606304467443,1.076e-06
58.621923368647,5.209e-06
58.637548940054,-6.13e-07
58.653177252967,-8.67e-07
58.668804661241,-6.149e-06
58.684419983313,5.67e-07
58.700049117824,4.47e-06
58.715674704253,2.775e-06
58.731297233102,-3.517e-06
58.746931072033,-9.69e-07
58.762551803044,-1.217e-06
58.778178697382,4e-09
58.793791928508,-2.01e-07
58.809419298248,-2.9e-08
58.825049728264,-1e-07
58.840677068168,-2.94e-07
58.856297283956,-4.149e-06
58.871929546481,6.65e-07
58.887554303376,8.63e-07
58.903173335097,-2e-08
58.918800084161,7.9e-07
58.934431290126,6.108e-06
58.950056279371,-1.387e-06
58.965683703853,-1.123e-06
58.981302600768,3.77e-06
58.996929346689,-1.302e-06
59.012550419516,-7.092e-06
59.028178547127,-4.874e-06
59.043803227574,2.378e-06
59.059437589668,1.882e-06
59.075056430253,1.538e-06
59.090676111988,1.247e-06
59.106304552291,-4e-08
59.12192040925,-6.642e-06
59.137555967946,1.654e-06
59.153182714667,4.945e-06
59.16879950235,1.99e-06
59.184422145705,-2.211e-06
59.200045409339,5.316e-06
59.21567234611,-1.139e-06
59.231314179415,-1.211e-06
59.246930336442,-1.355e-06
59.262546694161,-4.844e-06
59.278167031512,-7.37e-07
59.293799920105,-7.413e-06
59.309434752765,1.602e-06
59.325045285191,4.995e-06
59.340678894212,6.14e-07
59.356299599603,2.434e-06
59.371932808645,-6.695e-06
59.387552887297,2.698e-06
59.403169458837,1.536e-06
59.418797568343,1.578e-06
59.434417618178,1.107e-06
59.45004365841,7.6e-08
59.465687273173,6.4e-08
59.48130726291,-2.947e-06
59.496928420299,6.2e-08
59.512550220265,7.37e-07
59.528169930793,7.41e-07
59.543800663748,1.74e-07
59.559417856682,-4.776e-06
59.575046070754,2.124e-06
59.590674460888,-1.65e-07
59.606309411204,2.384e-06
59.621935285689,2.372e-06
59.637555077295,1.568e-06
59.653177686899,1.855e-06
59.668805897781,6.5e-08
59.68442723166,-4.4e-08
59.70005506786,-2.38e-07
59.715665872089,-4.51e-07
59.731299537727,7.44e-07
59.746932712674,-8.63e-07
59.762549728419,-1.369e-06
59.778176090636,-9.39e-07
59.793797517542,-6.1e-07
59.80943297097,-1.823e-06
59.825046596665,5.62e-07
59.840675642772,1.066e-06
59.856294914776,-4.9e-08
59.871929937263,6.705e-06
59.887549816185,-1.198e-06
59.903174441019,-2.063e-06
59.918801805521,-4.641e-06
59.934432643432,3.51e-07
59.950050439455,1.89e-07
59.965679430389,4.34e-07
59.981307825272,4.07e-07
59.996926404195,2.993e-06
60.28457475,0
