time,Nodes1Paths2.VotingSlave_1.PTP_Stack[0].offsetFromMaster:vector
0,0
0,0
0.356303732422,0
0.371922592935,4.1e-06
0.38754051897,-3.456e-06
0.403166194701,8.96e-07
0.418803470662,-5.13e-07
0.434417229218,-1.236e-06
0.450046359889,-3.5e-07
0.465675508601,-2.96e-07
0.481305479434,-1.35e-06
0.496929593028,-5.3e-08
0.51254716081,4.87e-07
0.528175893425,-5.43e-07
0.543800543572,-3.47e-07
0.559431715374,-3.35e-07
0.575051832324,-2.9e-08
0.590685049848,-3.47e-07
0.606304340962,-2.54e-07
0.621932204478,3.926e-06
0.637551241134,-7.08e-07
0.653174445758,1.75e-06
0.668798268573,-6e-08
0.684425396619,-6.09e-07
0.700046556835,-4.233e-06
0.715674364785,-4.058e-06
0.731296380188,-9.612e-06
0.746927725376,6.387e-06
0.762559581443,-4.4e-08
0.778177354011,2.7e-08
0.793805378707,-1.008e-06
0.809427562663,-2.95e-07
0.825051360053,-9.03e-07
0.840675955283,2.548e-06
0.856296302979,-5.447e-06
0.871920727247,-9.3e-08
0.887555351197,4.31e-07
0.903177184317,-1.786e-06
0.918804600371,-1.13e-07
0.934408158038,1.25e-07
0.95005427444,3.99e-07
0.965676428853,-2.173e-06
0.981295082151,1.129e-06
0.996923101463,2.96e-07
1.012543457878,-4.5e-08
1.028180015922,-4.7e-08
1.043790504171,1.385e-06
1.05943011863,-1.46e-07
1.075042338706,-1.99e-07
1.090674613587,1.491e-06
1.106308475887,2.57e-07
1.121933556869,-2.43e-07
1.137548214753,3.697e-06
1.153171554333,1.87e-07
1.168806337454,4.302e-06
1.184422501719,-3.56e-07
1.200050764796,1.8e-08
1.21568095096,2.4e-08
1.231290660227,5.01e-07
1.246922614437,9.7e-08
1.26254141502,-2e-07
1.278171399045,-5.331e-06
1.293801747992,-3.37e-07
1.309420240894,2.971e-06
1.325045864244,6.34e-07
1.340679343961,5.88e-07
1.356300145144,3.15e-06
1.371926789517,1.04e-06
1.387544204562,-3.6e-08
1.403168173214,2.331e-06
1.418804284427,3.5e-08
1.43441779882,-7.68e-07
1.450047579465,-4.1e-07
1.465668481891,-5.77e-07
1.481298779314,5.3e-08
1.49693225456,-4.72e-07
1.512547300153,5.7e-07
1.528168360511,5.3e-08
1.543805759634,-1.55e-07
1.559430809594,-1.61e-07
1.575044475572,7.301e-06
1.590687149751,7.07e-07
1.606299267299,6.5e-08
1.621928911442,7.47e-07
1.637552621586,2.681e-06
1.653166708449,3.608e-06
1.668801722678,-4.99e-07
1.684423090788,-4.43e-07
1.70005886972,-1.473e-06
1.715678666532,-2.434e-06
1.731296369478,-4.228e-06
1.7469294204,-5.24e-07
1.762556345422,2.91e-06
1.778171052506,5e-08
1.793797797674,5.605e-06
1.809431972167,6.24e-07
1.825056082246,1.167e-06
1.840665284265,2.71e-07
1.856307772833,5.897e-06
1.871924699466,8.7e-08
1.887556318318,-7.1e-08
1.903185038897,-3.48e-07
1.918804072527,-1.066e-06
1.934432165659,-8.72e-07
1.950050881794,-1.351e-06
1.965675453448,6.43e-07
1.981303422796,-2.61e-07
1.996921336014,-4.5e-07
2.012550633652,-4.9e-07
2.028177898788,3.8e-08
2.04379511535,-4.68e-07
2.059423979487,5.12e-07
2.075053320539,-3.968e-06
2.090672541109,9.51e-07
2.106304537761,1.27e-07
2.121922418815,-1.761e-06
2.137554186055,-2.388e-06
2.153178290972,-1.233e-06
2.168807135859,4.091e-06
2.184417479234,9.97e-07
2.200047557122,1.15e-06
2.215674275853,-1.447e-06
2.231304393137,3.03e-07
2.246932862516,5.795e-06
2.262542383023,8.5e-08
2.278163292977,-4.4e-08
2.293803235363,2.3e-08
2.309431473063,-1e-08
2.325053382063,2.39e-07
2.340680405286,9.4e-08
2.356292639667,-3.609e-06
2.371932227837,1.74e-07
2.387544025842,9.069e-06
2.403173978458,3.05e-07
2.418800708618,2.8e-07
2.434429211264,-1.14e-07
2.450059982984,-6.058e-06
2.465676564838,-6.28e-07
2.481303809373,6.7e-08
2.496918466318,6.72e-07
2.512555760404,5.846e-06
2.528164976874,-3.1e-07
2.543802373023,1.5e-08
2.559428476311,1e-09
2.575054980665,-6.6e-08
2.590671449075,-5.474e-06
2.606298766411,-2.741e-06
2.621913849055,-3.938e-06
2.637548889466,8.41e-07
2.653175961885,1.793e-06
2.668800017974,1.901e-06
2.684423334555,1.889e-06
2.700045069823,2.1e-06
2.715674135963,1.616e-06
2.73130495942,5.42e-07
2.746934039087,3.67e-07
2.762548638597,2.57e-06
2.778178827233,2.5e-08
2.793801611973,-3.7e-08
2.809419761968,-1.948e-06
2.825055966298,-3.91e-07
2.840678151382,-6.992e-06
2.856303472486,-3.48e-07
2.871927646367,-3.515e-06
2.887552862236,2.46e-07
2.903176002334,9.25e-07
2.918791427906,7.263e-06
2.93441843451,9.59e-07
2.950045010086,-1.083e-06
2.965673309057,-1.639e-06
2.981295027082,-1.013e-06
2.996926284744,-6.56e-07
3.012543790451,1.687e-06
3.028180070966,1.78e-07
3.043798258205,2.9e-06
3.05942863382,9.2e-08
3.075052877649,-1.785e-06
3.090680200305,-7.69e-07
3.106300405719,-1.09e-06
3.121923756498,-7e-08
3.13755382275,-6.3e-07
3.153172711844,2.732e-06
3.168804446729,6.95e-07
3.184428260858,-1.053e-06
3.200052811173,-5.39e-07
3.215671852001,-5.4e-07
3.231302731521,3.02e-07
3.246925298605,-1.312e-06
3.26255253702,-2.525e-06
3.27817536054,-6.52e-07
3.29379976969,5.95e-07
3.309413794345,3.9e-07
3.325052425933,-6.507e-06
3.340673160719,1.938e-06
3.356302334326,2.231e-06
3.371916292184,-3.2e-08
3.387553047073,-5.93e-07
3.403179122124,1.062e-06
3.418806588188,1.83e-07
3.434417684339,-3.2e-08
3.450051741902,5.85e-07
3.465672513859,5.84e-07
3.481300010877,5.78e-07
3.496926155324,1.087e-06
3.512553030251,-3.1e-08
3.528177265027,1.369e-06
3.54380110112,2.78e-07
3.55943474655,-1.371e-06
3.575048947087,-5e-08
3.59067832861,3.42e-07
3.606303858546,-1.29e-06
3.621930907431,-1.001e-06
3.637548083544,-1.38e-06
3.653175591591,7e-08
3.668800025149,5.48e-07
3.684425187744,5.58e-07
3.700053638136,1.221e-06
3.71567852275,3.17e-07
3.731299101657,2.07e-06
3.746924571979,-6.43e-07
3.762544997945,4.302e-06
3.778170405018,-3.86e-07
3.79380049155,-7.48e-07
3.80942553037,-6.15e-07
3.825046577168,-5.62e-07
3.8406758372,-2.986e-06
3.856310216323,-5.695e-06
3.871912761626,-6.5e-08
3.887553256561,-3.799e-06
3.903176773284,1.18e-07
3.918811288332,-4.178e-06
3.934420487819,2.21e-07
3.950049004279,7.52e-07
3.96567954644,6.89e-07
3.981305733334,6.03e-07
3.996927392967,7.12e-07
4.012550629599,7.11e-07
4.0281788832,9.29e-07
4.043805587553,1.8e-08
4.059425924352,-8.4e-08
4.07505067926,-1.89e-07
4.090672191662,4.539e-06
4.106302559657,6.486e-06
4.12193410425,-3.19e-07
4.137551979893,-1.004e-06
4.153173570085,-1.006e-06
4.1688087601,-9.13e-07
4.184425532451,3e-07
4.200053758272,-5.862e-06
4.215678773785,8.3e-08
4.231304874117,5.36e-07
4.246927848082,-9.49e-07
4.262558841792,-1.267e-06
4.278177065523,8.61e-07
4.293798326058,2.14e-07
4.309421337429,3.86e-07
4.325044416494,4.83e-07
4.340670765424,6.31e-07
4.356298283959,2.74e-07
4.371924544847,-1.917e-06
4.387549944229,2.83e-07
4.403170746786,7.62e-07
4.418796820655,7.65e-07
4.434424478958,-9e-09
4.450047192623,-3.44e-07
4.465672388257,-6.631e-06
4.481297483728,-6.65e-07
4.496930959876,-2.3e-08
4.512552297439,2.927e-06
4.52817659993,-1.5e-08
4.543803735084,7.7e-08
4.559422909038,-8.557e-06
4.575055427341,-6.51e-07
4.59067386608,-2.962e-06
4.606299056964,2.38e-06
4.621922344349,-1.23e-07
4.637549604006,5.283e-06
4.653169736276,1.018e-06
4.668803170932,-4.05e-07
4.684429186232,-5.171e-06
4.700054271197,-6.8e-08
4.71567392148,2.757e-06
4.731295924195,-7e-09
4.746925158999,2.742e-06
4.762542272276,3.736e-06
4.778168482755,5.33e-06
4.793803393301,-3.155e-06
4.809419835012,9.11e-07
4.825045194935,-6.685e-06
4.840677118093,-1.999e-06
4.856294991375,-1.602e-06
4.871931869005,2.017e-06
4.887552770272,-7.39e-07
4.903166732188,-8.62e-07
4.918806130332,-4.02e-07
4.934425292929,-4.42e-07
4.95004940131,2.625e-06
4.965669383256,4.565e-06
4.981300093023,-4.25e-07
4.996925799789,-8.68e-07
5.012562408093,-1.052e-06
5.028181045854,-1.106e-06
5.043802790322,-5.6e-07
5.059428586343,-9.2e-08
5.075051553384,3e-09
5.090681297841,0
5.106299797529,5.1e-08
5.121922386675,-2e-08
5.137542936269,-6.14e-07
5.153177133239,-7.14e-07
5.168790018043,-1.429e-06
5.184419021814,-1.634e-06
5.200051635152,-4.058e-06
5.215668636833,-2.202e-06
5.231291212477,4.9e-08
5.246918524933,9.34e-07
5.26255941497,-5.619e-06
5.278183630879,7.69e-07
5.293799215838,2.819e-06
5.309427309741,9.24e-07
5.325057894626,-1.79e-07
5.340674728873,-1.77e-07
5.356292163427,4.5e-08
5.371924357676,-1.018e-06
5.387545459807,-6.56e-07
5.403170148396,-6.2e-08
5.418799279794,-6.4e-08
5.434419423341,-4.106e-06
5.450042345151,7.336e-06
5.465671319354,1.931e-06
5.481300524918,-1.131e-06
5.496930236485,-1.407e-06
5.512549052019,-1.371e-06
5.528181647739,-1.778e-06
5.54379750886,-7.141e-06
5.559430637851,-6.51e-07
5.575050212558,4.26e-07
5.590677812761,1.341e-06
5.606304653949,9e-09
5.621917144931,-1.585e-06
5.637562623621,4.027e-06
5.653175820138,1.113e-06
5.668801977041,1.144e-06
5.684423182701,1.037e-06
5.700048175813,1.054e-06
5.715670322063,6.59e-07
5.731301451892,-1.336e-06
5.746929290016,-3.36e-07
5.762550606801,1.8e-08
5.778168351538,1.06e-07
5.79381414842,1.11e-07
5.809424946541,1.207e-06
5.825050649357,4.65e-07
5.840676898161,1.2e-07
5.85630185744,6.61e-07
5.871920784368,5.69e-07
5.887546058064,2.777e-06
5.903183952532,-4.98e-07
5.918799843335,-9.03e-07
5.934421320686,-1.115e-06
5.950049965585,-7.59e-07
5.965679492494,-7.37e-07
5.981301457172,-3.981e-06
5.996926902429,6.406e-06
6.01254571991,-5.92e-07
6.028177336183,1.1e-07
6.043797116059,2.137e-06
6.059422105103,2.872e-06
6.075057270772,-3.152e-06
6.09067086015,4.233e-06
6.106298377567,-1.058e-06
6.121934248261,-1.117e-06
6.137557113079,-6.117e-06
6.153170888913,-6.96e-07
6.168793402436,-1.634e-06
6.184434197677,3.44e-07
6.200038961248,-3.605e-06
6.215674381498,1.214e-06
6.231289400892,1.205e-06
6.246928426554,-1.9e-08
6.262546148204,1.532e-06
6.278177019713,3.754e-06
6.293807257741,-1.38e-07
6.309433736082,-5.74e-07
6.325053119463,4.33e-06
6.34067756427,2.37e-06
6.356305717089,-8.18e-07
6.371924438727,-7.49e-07
6.387543783333,2.279e-06
6.403184129261,3.022e-06
6.418800900549,3.309e-06
6.434423738685,-1.344e-06
6.450053919893,-1.583e-06
6.465670075784,-4.031e-06
6.481305994532,-1.069e-06
6.49692099461,-2.22e-07
6.512552431439,3.61e-07
6.528174293054,9.96e-07
6.543803428235,-1.063e-06
6.559432946709,3.808e-06
6.57503886758,4.5e-08
6.59067636914,-7.19e-07
6.606298859219,0
6.621930469193,3.316e-06
6.637554845036,-1.83e-06
6.653179611485,5.63e-07
6.668810598708,6.58e-07
6.684417283414,-3.6e-08
6.700053569331,-2.91e-07
6.715678187125,-1.972e-06
6.731303467528,2.309e-06
6.746923476174,-4.5e-08
6.762553249681,-3.82e-07
6.778177301323,4.263e-06
6.793810312173,-4e-09
6.809424815672,-4.14e-07
6.825051289179,-3.68e-07
6.840680828607,6.26e-07
6.856301466448,5.22e-07
6.871933325429,2.994e-06
6.887552300014,-3.52e-07
6.903170209669,-2.41e-06
6.918800237695,-3.52e-07
6.93442139481,-4.274e-06
6.950052069598,1.38e-07
6.965670705517,-2.6e-08
6.981302631029,7.04e-07
6.996928877844,5.1e-07
7.012556028134,4.15e-07
7.028174206401,-1.8e-08
7.043807569349,-3.4e-08
7.059419778216,-2.52e-07
7.075047666529,3.855e-06
7.090672204215,-4.01e-07
7.106295299739,-5.76e-07
7.121931944511,1.415e-06
7.137546988272,6e-08
7.15318566177,5.1e-08
7.16880716878,1.602e-06
7.184421140164,1.13e-07
7.200051028633,2.383e-06
7.21567679695,0
7.231306991467,-7.41e-07
7.24692728356,-7.88e-07
7.262558190102,-8.74e-07
7.278180709295,-6.08e-07
7.29380210672,2.7e-08
7.309419527371,2.3e-08
7.325049919829,6.95e-07
7.340667391681,-2.712e-06
7.356307528244,8.4e-07
7.371924683694,1.148e-06
7.387553425922,1.302e-06
7.403179700055,6.2e-07
7.418804020121,1.616e-06
7.434423455075,-1.106e-06
7.450058075267,9.95e-07
7.465681082333,2.533e-06
7.481295860587,-2.02e-06
7.496925446118,-3.3e-07
7.512548628714,2.76e-06
7.528177194182,-7.44e-07
7.543786601128,-1.242e-06
7.559420917221,3.255e-06
7.575039375407,3.364e-06
7.59067579086,-1.685e-06
7.606302145106,-1.941e-06
7.621926166346,-3.999e-06
7.637559822068,-7.233e-06
7.653184935495,-7.08e-07
7.668798505843,-1.3e-07
7.6844288836,-2.14e-06
7.70004509901,-1.33e-07
7.715669524542,2.2e-08
7.731294076618,-3.909e-06
7.746929455962,1.501e-06
7.762551401053,7.84e-07
7.778172504005,1.387e-06
7.793803301753,-3.113e-06
7.809431089645,1.594e-06
7.825058667317,2.092e-06
7.840675543555,6.71e-07
7.856298426836,-1.76e-07
7.871928655303,-1.745e-06
7.88754890563,1.578e-06
7.903171495615,-2.21e-07
7.918805882528,-2.12e-07
7.934432172297,-4.72e-07
7.95004731503,4.4e-07
7.965680066069,4.86e-07
7.981296211714,3.286e-06
7.996928230462,2.85e-07
8.012549569702,-2.655e-06
8.028170420863,-5.08e-07
8.043801652688,-2.47e-07
8.059429467498,-4.361e-06
8.075049647676,5.844e-06
8.090667924191,2.88e-07
8.106306843931,-9.25e-07
8.121921737982,1.63e-06
8.13754842032,-1.293e-06
8.153187548311,-3.595e-06
8.168799924746,-1.24e-06
8.184434871644,-4.72e-07
8.200054503541,-1.574e-06
8.215680712137,-9.02e-07
8.231308456638,-3.599e-06
8.246935308666,5.83e-07
8.262553214505,1.33e-06
8.278175957651,1.373e-06
8.293796762172,1.343e-06
8.309427867745,8.75e-07
8.325052957604,-4.322e-06
8.340689739881,-4.2e-07
8.356295387149,3.84e-06
8.371928648051,-4.187e-06
8.387555400936,-4.66e-07
8.40316660278,1.03e-07
8.418802605866,9.7e-08
8.43442575245,-4e-07
8.450048161161,-2.52e-07
8.465676068215,6.11e-07
8.481291797496,2.849e-06
8.496922913738,-2.13e-07
8.512552279156,1.992e-06
8.528180448835,1.973e-06
8.543796085655,1.017e-06
8.559427195378,-6.51e-07
8.575055202843,5.652e-06
8.590682129531,-5.67e-07
8.606292409121,-9.92e-07
8.621928383069,-4.71e-07
8.637545718184,-1.71e-06
8.653180468414,5.359e-06
8.66879799866,-9.65e-07
8.68442713687,-6.02e-06
8.700049599711,-7.6e-08
8.715684425108,9.5e-08
8.731303141241,2.81e-07
8.746923644752,-9.7e-08
8.762543449488,-6.5e-08
8.778178084427,-4.526e-06
8.79379516257,5.067e-06
8.809428721737,-2.206e-06
8.825059363135,-1.084e-06
8.840680188386,1.569e-06
8.856300948501,-4.72e-07
8.871933163751,4.6e-08
8.887552744188,2e-09
8.903170317066,-1.58e-07
8.9187994941,-1.12e-07
8.93442473895,2.088e-06
8.950050125468,-3.97e-07
8.965674243907,-6.96e-07
8.981294907687,-8.57e-07
8.99692592199,-3.05e-07
9.012555793435,-3.69e-07
9.028178926117,-5.83e-07
9.043794940935,1.334e-06
9.059428160777,1.324e-06
9.075053228108,1.55e-06
9.090681969907,7.233e-06
9.106308403474,1.366e-06
9.121924135438,6.02e-07
9.137549109326,1.563e-06
9.153176122366,5.1e-08
9.168804029816,6e-09
9.184423952809,-7.25e-07
9.200054740814,1.02e-07
9.215675410728,-1.112e-06
9.231305941553,2.772e-06
9.246935816037,-2.05e-07
9.26255312746,-1.544e-06
9.278175643898,-2.147e-06
9.293809200306,-8.95e-07
9.309437683455,-1.136e-06
9.325057969472,-4.699e-06
9.340681570993,4.82e-07
9.356305534278,2.76e-07
9.371922402357,-1.28e-07
9.38755476834,-3.177e-06
9.403181084736,-5.1e-08
9.418796309116,-1.252e-06
9.434418318593,-1.249e-06
9.450041521088,-6.64e-07
9.465672620497,3.488e-06
9.481290469659,-3.05e-07
9.496913852889,2.7e-08
9.512553893309,2.5e-08
9.528170961989,-2.21e-07
9.543798119605,7.1e-08
9.559423510245,1.16e-07
9.575045840021,3.8e-08
9.590678865046,8.5e-08
9.606296400335,-5.69e-07
9.621927922862,-5.03e-07
9.637547526628,-4.241e-06
9.653181926205,-3.501e-06
9.668802247033,6.72e-07
9.684425076016,6.13e-07
9.700055969767,1.077e-06
9.715678160211,1.13e-06
9.731307593485,3.012e-06
9.746916869378,2.4e-08
9.762546690125,-4.87e-06
9.778170587186,-5.14e-07
9.793804172324,-3.45e-06
9.809432236144,-5.172e-06
9.825043133428,6.2e-07
9.840678210955,-3.528e-06
9.856291368828,1.7e-08
9.871926394769,1.26e-07
9.887551823498,1e-09
9.90317542251,-7.49e-07
9.918798656613,-1e-08
9.934425797219,4.9e-08
9.950055514852,-2.82e-07
9.965675191479,5.559e-06
9.981296616717,-7.59e-07
9.996920917242,-3.142e-06
10.012547407355,-4.68e-07
10.028166887014,2.481e-06
10.043806748387,2.63e-07
10.059424049656,-3.4e-07
10.075050707005,1.238e-06
10.090679299657,7.34e-07
10.10630364862,4.46e-07
10.121921073512,-4.78e-07
10.137543710707,-7.461e-06
10.15318101317,4.89e-07
10.16879659078,3.47e-07
10.184414954614,-4.704e-06
10.200055869097,-1.376e-06
10.215675108128,2.776e-06
10.231301743248,2.814e-06
10.246927118592,1.23e-06
10.262546500274,5.109e-06
10.278183339725,-1.6e-08
10.29379993905,-9.66e-07
10.30942783498,2.643e-06
10.325042182025,-3.349e-06
10.34067979331,-8.77e-07
10.356297834415,1.57e-07
10.371925447697,9.52e-07
10.387554631589,-6.701e-06
10.403171641753,-1.265e-06
10.418799483956,2.62e-06
10.434419931457,8.6e-08
10.450048625964,3.44e-07
10.465674791798,5.08e-07
10.481299642794,-9.47e-07
10.496915120002,1.763e-06
10.512544572851,7.5e-08
10.52817764891,2.8e-08
10.543807013101,-2.91e-07
10.559425433815,1.12e-07
10.575053223452,-1.8e-07
10.59068134649,-7.01e-07
10.606296422136,-2.57e-06
10.621931745469,3.96e-07
10.637549390021,8.33e-07
10.653175717829,6.6e-07
10.668806662832,-6.19e-07
10.684420259287,-2.95e-07
10.700056768024,-1.618e-06
10.71568281682,4.23e-06
10.731298234994,-2.393e-06
10.746920953122,-1.57e-06
10.762543674896,4.852e-06
10.778171707668,-6.54e-07
10.79379844488,1.347e-06
10.80942620598,-1.57e-07
10.825041232795,-7.33e-07
10.840677351362,-1.441e-06
10.856306405313,2.07e-07
10.871928428881,-3.08e-07
10.88754407854,4.3e-06
10.903171096067,-4.33e-07
10.918801928735,2.784e-06
10.934428824944,-1.883e-06
10.950056361215,-2.381e-06
10.965670152027,-1.512e-06
10.981303400513,-1.61e-06
10.996928629179,-9.85e-07
11.012549095406,-3.2e-07
11.028170801567,1.5e-06
11.043803521381,-2.626e-06
11.059431229831,9.26e-07
11.07504843454,4.27e-07
11.090677972445,-3.228e-06
11.10630896826,9.61e-07
11.121931664541,5.91e-06
11.137552129823,4.954e-06
11.153178724598,-2.1e-08
11.168797413213,-9.5e-07
11.184427722088,3.853e-06
11.200051461934,-3.139e-06
11.215670662413,-3.008e-06
11.231301744075,-8.51e-07
11.246923620444,5.02e-07
11.262546893672,6.876e-06
11.27817662624,5.21e-07
11.293798264663,1.122e-06
11.309429608662,5.049e-06
11.325050918118,-8.24e-07
11.340678340925,-1.618e-06
11.356302981253,-6.4e-07
11.371932171858,-6.47e-07
11.387561378325,-1.219e-06
11.403171763976,-7.9e-08
11.418805821909,1.97e-07
11.434427904921,-5.701e-06
11.450054854561,3.42e-07
11.465670652088,4.727e-06
11.481306823759,5.75e-07
11.49692100044,-2.14e-07
11.51254764821,-1.49e-07
11.528173939788,-6.43e-07
11.543807902353,3.51e-06
11.559421839514,4e-08
11.575054125525,-3.097e-06
11.590682901341,4.1e-08
11.606303206196,1.6e-08
11.621928349159,-4.079e-06
11.637545534916,6.07e-07
11.653179264442,-5.398e-06
11.668807004341,1.694e-06
11.684428696617,1.646e-06
11.700045645785,-3.02e-07
11.715687171435,1.305e-06
11.731299266454,-5.33e-07
11.74692639266,1.645e-06
11.762551230557,6.45e-07
11.778171133423,-2.203e-06
11.793802518973,-2.34e-07
11.809425144892,-4.76e-07
11.825055384969,-5.42e-07
11.840680698697,-4.89e-07
11.856303211223,-6.91e-07
11.871933476633,-1.19e-07
11.887546951089,-5.6e-08
11.903174193853,-8.31e-07
11.918790429334,-1.777e-06
11.934428390812,-2.871e-06
11.950045890765,-2.96e-07
11.96567998489,-3.77e-07
11.981295290244,-1.436e-06
11.996928075019,-1.067e-06
12.012540711469,-1.015e-06
12.028175810452,1.961e-06
12.043804227573,-9.6e-08
12.059417847683,4.627e-06
12.075053813234,-3.05e-07
12.090679505963,-3.13e-07
12.106305163778,-1.111e-06
12.121915537289,-1.655e-06
12.137546540923,2.878e-06
12.15317660577,-1.51e-06
12.168792310785,-3.052e-06
12.18442263957,1.622e-06
12.200047316682,-1.072e-06
12.215678326832,4.142e-06
12.231297856554,-3.12e-06
12.246925253029,-7.22e-07
12.26254594137,-1.05e-06
12.278173510541,5.01e-07
12.293800702583,2.04e-07
12.30942325792,1.49e-07
12.325056815379,-5.906e-06
12.340679863446,-2e-09
12.356299292177,1.389e-06
12.371915852691,3.437e-06
12.387546225661,-2.44e-07
12.403172822788,-8.7e-07
12.418789066796,-1.477e-06
12.43442896023,-6.234e-06
12.450059303251,-6.482e-06
12.465673969653,-1.398e-06
12.481302498091,7.17e-07
12.496929754241,5.65e-07
12.512554524893,1.447e-06
12.528175485528,8.15e-07
12.543806701998,-3.6e-07
12.559434000363,-4.73e-07
12.575054346014,-3.87e-07
12.590678174874,-2.494e-06
12.606308173123,-4.459e-06
12.621919135773,4.81e-07
12.637545362044,4.277e-06
12.653175763613,3.61e-06
12.66880793907,-4.343e-06
12.684423864252,-1.557e-06
12.700047203092,-2.552e-06
12.715684822519,-2.501e-06
12.731301173067,-2.12e-06
12.74692544239,-1.111e-06
12.762541423918,-2.38e-07
12.778180509781,2.557e-06
12.793807268461,-2.52e-07
12.809432778834,-8.26e-07
12.825053870741,5.27e-06
12.84068098761,4.084e-06
12.856293167427,-2.497e-06
12.871919045656,-5.216e-06
12.887550352912,-4.086e-06
12.903168016489,9e-09
12.91879296016,1.86e-07
12.934424533163,1.788e-06
12.950049150976,-3.987e-06
12.965671006677,3.87e-07
12.981298481692,-2.91e-07
12.996929250859,-2.32e-07
13.012556235522,2.2e-08
13.028174513831,2.4e-08
13.043796040589,3.814e-06
13.0594218242,8.16e-07
13.075054802044,1.206e-06
13.090676102103,-2.46e-07
13.106296800943,-1.72e-07
13.121923063553,-1.204e-06
13.137546673215,-5.41e-07
13.153181945251,3e-09
13.168802189027,8.5e-08
13.184431977497,-4.784e-06
13.200052126048,-1.536e-06
13.215679349117,3.67e-07
13.231300866769,-1.558e-06
13.246936676756,6.52e-07
13.262550856856,9e-07
13.278175789696,6.4e-07
13.29379047339,-7.91e-07
13.30942568053,1.023e-06
13.325053096058,7e-09
13.340676956034,-1.15e-07
13.356302159908,-1.21e-07
13.37192102941,-6.3e-08
13.387552177616,-2.1e-07
13.403171542964,3.64e-06
13.418805376728,-1.5e-08
13.434427454744,-2.21e-07
13.450059560561,-4.7e-08
13.465679871946,-2.02e-07
13.48130272153,3.302e-06
13.496922612619,-7.46e-07
13.512543849194,-3.84e-07
13.528173594365,-9.75e-07
13.543795042714,-3.249e-06
13.559422214212,2.76e-06
13.575049574945,-4.989e-06
13.590687942511,3.56e-07
13.606299229288,1.238e-06
13.621934225862,-2.262e-06
13.637555866308,3.03e-07
13.65316852397,-2.896e-06
13.668802353271,1.079e-06
13.684420306855,-2.724e-06
13.700050434462,-8.76e-07
13.71567839354,-3.29e-07
13.731291076221,1.437e-06
13.746922701535,1.383e-06
13.762548977812,1.373e-06
13.778178542717,9.13e-07
13.793799433399,-3.09e-06
13.809423972119,-1.5e-06
13.825043717244,3.85e-07
13.840672456466,3.82e-07
13.856302272282,-5.965e-06
13.871926003024,1.676e-06
13.887541964949,-1.043e-06
13.903177116271,-1.629e-06
13.918794180075,3.732e-06
13.934409065198,2.329e-06
13.950055214091,1.533e-06
13.965679693886,9.32e-07
13.981308071385,5.29e-07
13.99691517956,6.791e-06
14.012552777848,-8e-09
14.028178908357,-1.6e-08
14.043800696611,-1.821e-06
14.059429793307,-9.2e-07
14.075048577287,9.4e-08
14.090662789019,1.51e-07
14.106296706713,-1.395e-06
14.121932756347,3.98e-07
14.137551864516,1.53e-07
14.153178435462,-3.6e-08
14.168801995366,1.2e-08
14.184422654685,5.894e-06
14.200049643827,-6.59e-07
14.215678181954,-9.85e-07
14.231310184277,5.621e-06
14.246923680072,1.927e-06
14.262541736479,-1.443e-06
14.278171858457,-2.916e-06
14.293798897836,1.371e-06
14.30942744888,-2.18e-07
14.325055949709,-2.73e-07
14.340675842273,-2e-08
14.356308717654,3.499e-06
14.371923370022,-1.99e-07
14.387558697778,-2.8e-08
14.403179224032,-2.909e-06
14.418805443035,4.12e-07
14.43442631195,3.71e-07
14.450052924677,3.7e-08
14.465674145215,-8e-09
14.481303464631,-5.8e-08
14.49692383937,5.81e-07
14.512557140207,-6.7e-08
14.528165588339,-1.23e-07
14.543809918212,4.485e-06
14.559430932475,-1.13e-07
14.575046600593,2e-09
14.590668446499,5e-09
14.606302010849,2.4e-08
14.621928909907,-2.287e-06
14.637552745136,7.2e-08
14.653178392798,-3.259e-06
14.668806246178,-1.039e-06
14.684429379153,-3.402e-06
14.700052455179,1.02e-06
14.715675502725,1.399e-06
14.731308909654,7.23e-07
14.746927566053,1.486e-06
14.762543783277,-2.21e-07
14.778179014718,-7.786e-06
14.793783473952,-3.91e-07
14.809427391849,-3.31e-07
14.825060056162,-3.695e-06
14.840679651303,6.2e-08
14.856297766216,-4.2e-08
14.871928771934,7e-09
14.887557008826,-1.203e-06
14.90317867954,3.636e-06
14.918804401799,-4.266e-06
14.934425979857,9.5e-08
14.950052368847,4.84e-06
14.965671874611,-2.68e-07
14.981298587535,-1.503e-06
14.996933105743,3.91e-07
15.01255666977,-3.18e-07
15.028180904046,-6.335e-06
15.043800179713,-4.4e-08
15.059417586161,-4.3e-08
15.075052492768,4.83e-07
15.090667809243,1.023e-06
15.106299598403,-2.13e-06
15.121936274873,4.06e-07
15.137556374344,-4.64e-07
15.153175079443,1.783e-06
15.168802289675,6.7e-08
15.184430517423,1.23e-07
15.200051182628,8.59e-07
15.215677262459,-2.369e-06
15.231297281984,5.37e-07
15.246926181783,-6.83e-07
15.262554325038,-4.45e-06
15.278182710066,-8.45e-07
15.293805424143,-5.925e-06
15.309428914474,-4.159e-06
15.325056029825,3.57e-06
15.340671923546,3.513e-06
15.356302942851,3.145e-06
15.371912291286,1.047e-06
15.387550392804,-6.97e-07
15.40318276348,-1.92e-07
15.418795849652,-3.63e-07
15.434424250611,-7.1e-08
15.450054797275,-1.321e-06
15.465689323969,-5.39e-07
15.481292857586,2.11e-07
15.496923627112,2.859e-06
15.512548390545,3.85e-07
15.52817848036,4.29e-07
15.543794148229,1.52e-07
15.559416359085,2.368e-06
15.575037462407,1.15e-07
15.590676158771,2.5e-08
15.606306897889,-4.17e-07
15.621910423108,-3.64e-07
15.637556121759,-3.71e-07
15.653168250646,6.8e-08
15.668811294137,-6.27e-07
15.684429780088,-2e-08
15.700046138613,-1.6e-08
15.715669097656,-1.07e-07
15.73130165464,-1.7e-07
15.746934161514,4.1e-08
15.762543343957,-1.6e-08
15.778170839914,2e-08
15.79380498867,5.276e-06
15.809416154494,-5.327e-06
15.825057759905,-5.819e-06
15.84068079735,-1.264e-06
15.856299239654,2.6e-07
15.871912931242,2.04e-07
15.887551732265,-2.488e-06
15.903164230062,3.75e-07
15.918794592419,1.57e-07
15.934426883899,-1e-08
15.950058518758,-7e-09
15.965676853371,-8e-09
15.981309979965,-1.98e-07
15.996923167297,2.89e-06
16.01254014475,-2.3e-08
16.028183373833,-2.3e-08
16.043806855516,-1.09e-07
16.059423051918,-1.23e-06
16.075050935068,8.7e-08
16.090668114886,-3.3e-08
16.106294213153,-4.6e-08
16.121931697384,1.51e-06
16.137558520981,-8.8e-08
16.153178220315,-1.42e-07
16.168794436366,-1.41e-07
16.184425564341,-1.3e-06
16.200047818614,-2.962e-06
16.215673725067,-1.552e-06
16.231292396404,1.898e-06
16.246924850792,2.4e-07
16.262556629006,2.884e-06
16.278180061937,-6.95e-07
16.29380206462,-1.74e-07
16.309433907079,-4.76e-07
16.325056547248,-5.69e-07
16.340682086083,-1.524e-06
16.356302793085,-4.119e-06
16.371925635788,2.01e-07
16.3875511029,4.181e-06
16.403168288145,1.84e-07
16.418796746475,1.007e-06
16.434433487788,7.65e-07
16.450058646482,-7e-09
16.465685296607,8.317e-06
16.48129718358,-1.38e-07
16.496937823771,-1.548e-06
16.512550387579,-1.268e-06
16.528178505543,1.351e-06
16.543805902201,-1.937e-06
16.559421954048,4e-08
16.575048751555,-3.56e-07
16.590677543738,-3.49e-07
16.60630436176,1.182e-06
16.621925176433,-3.28e-07
16.637552072337,-6.3e-08
16.653171819238,-1.66e-07
16.668798776108,-9.8e-08
16.684426559234,-8.8e-08
16.700041497798,-1.1e-08
16.715675413189,6.723e-06
16.731308727738,4.17e-07
16.746919952218,3.11e-07
16.7625538707,-3.58e-07
16.778177124939,1.54e-07
16.793799827856,-4.67e-07
16.809424054678,-7.8e-08
16.825043168301,-5.53e-07
16.840681491226,-7.78e-07
16.856298958872,-5.4e-07
16.87192571094,-2.24e-07
16.887549611311,6.13e-06
16.903173355784,1.207e-06
16.918801822227,-3.38e-07
16.93442655202,-7.39e-07
16.950044501553,-9.65e-07
16.965681161057,-1.875e-06
16.981301772361,-1.063e-06
16.996935016136,-5.59e-07
17.01254856772,-4.823e-06
17.028178953173,6.71e-07
17.043794548934,-3.677e-06
17.059435556703,1.376e-06
17.075044764934,8.92e-07
17.090678560655,-1.44e-06
17.106300805762,8.61e-07
17.121923635816,6.41e-07
17.13754635268,-6.02e-07
17.153168831466,-5.81e-07
17.168806828531,-5.485e-06
17.184427997074,-4.33e-07
17.200053373744,4.748e-06
17.215681442263,4.5e-08
17.231296931198,-5.858e-06
17.246927284576,1.59e-07
17.262550333515,1.42e-07
17.278163519225,9.5e-08
17.293796917302,6.45e-07
17.309423247995,-5.157e-06
17.325042832263,1.801e-06
17.340675337013,5.35e-07
17.356298309763,3.26e-07
17.371923164312,3.39e-07
17.387543725545,-5.618e-06
17.40316384132,1.86e-07
17.418790740243,7.61e-07
17.434425644496,3.63e-07
17.450049338108,-2.3e-06
17.465678217788,1.244e-06
17.481303498147,-2.61e-07
17.496921034061,-5.01e-07
17.512546603191,1.17e-07
17.528181999999,-2.63e-07
17.543803359063,-2.3e-07
17.559435359287,-3.961e-06
17.575052093542,5.857e-06
17.590674036124,5.35e-07
17.606295751524,7.66e-07
17.62192552429,1.621e-06
17.637540092561,8.12e-07
17.653177029324,9.11e-07
17.668791972117,9.64e-07
17.684422798502,9.49e-07
17.700044437774,2.782e-06
17.715667406875,-7.65e-07
17.731297753364,3.236e-06
17.746927376708,-4.429e-06
17.762552740699,-1.708e-06
17.778174242755,-3.701e-06
17.793790077811,-3.23e-07
17.809425899311,5.46e-07
17.825054063251,5.91e-07
17.840684510863,-4.02e-07
17.85630358665,-3.71e-07
17.871931524789,-1.25e-06
17.887555439191,-1.304e-06
17.903174053403,-2.532e-06
17.918803965799,3.004e-06
17.934432886029,-3.549e-06
17.950049197848,-8.83e-07
17.965673395332,9.9e-07
17.981291723338,1.074e-06
17.996931440655,3.83e-07
18.012543732684,5.69e-07
18.028174378325,2.927e-06
18.043791619344,-3.79e-07
18.059418578349,3.126e-06
18.075046177537,-8.36e-07
18.090677712125,-1.192e-06
18.106298846914,-1.227e-06
18.1219235004,-3.71e-07
18.137550753258,-9.03e-07
18.153175592308,-1.257e-06
18.168804162919,-8.5e-07
18.184421167484,-1.683e-06
18.200050940111,-1.184e-06
18.215675196847,9.63e-07
18.231300785779,-4.992e-06
18.246930915599,-3.936e-06
18.262553570962,1.664e-06
18.278174229994,1.745e-06
18.293792440247,9.05e-07
18.309431634849,8.55e-07
18.325042799517,9e-08
18.340676035186,3.777e-06
18.356300355277,-4.67e-07
18.371930774599,-5.667e-06
18.387547211591,2.26e-07
18.403176447656,6.35e-07
18.418795263382,2.213e-06
18.434428832337,-5.782e-06
18.450054859429,5.051e-06
18.46567307795,4.215e-06
18.481297128666,-1.949e-06
18.496932871887,-1.631e-06
18.512537169795,4.51e-07
18.528179847717,2.4e-08
18.54378855025,-1.504e-06
18.559430441875,-2.39e-07
18.575051334719,4.826e-06
18.590680469298,-1.14e-06
18.606306400492,1.628e-06
18.621923997165,-4.1e-07
18.637553627091,3.108e-06
18.653167011352,-9.95e-07
18.668804423307,-3.46e-07
18.684426617436,-5.09e-07
18.700047667015,-1.6e-08
18.71567575482,-1.9e-08
18.731302020968,4.05e-07
18.746923155375,-2e-08
18.76254289978,-1e-08
18.778177944557,-3.368e-06
18.793809998407,7.2e-07
18.809429435019,1.33e-07
18.825049563639,-1.421e-06
18.840680039982,-3.107e-06
18.856304409636,-6.72e-07
18.871932154759,-3.05e-07
18.887549535343,4.722e-06
18.903170537358,5.09e-07
18.91879580002,3.39e-07
18.934421956375,-9.05e-07
18.95005154015,7.8e-08
18.965673335242,-1.002e-06
18.981301047163,-2.39e-07
18.996917444221,-3.36e-07
19.012549886658,-1.19e-06
19.028181095941,-1.236e-06
19.043797776861,-3.17e-07
19.059424903623,-3.2e-07
19.075045598978,-3e-09
19.090675888092,4.8e-08
19.106302744313,-4.867e-06
19.121915781814,3.023e-06
19.137551866126,-6.31e-07
19.153179432239,-3.07e-06
19.168806579844,-2.2e-07
19.18442007204,3.76e-07
19.200053128308,2.9e-08
19.21567976985,-3.016e-06
19.23129663436,3.99e-07
19.246925868188,-1.507e-06
19.262554883372,1.8e-07
19.278176231409,-1.686e-06
19.293807923524,3.59e-06
19.30942270647,4.39e-07
19.325047736778,1.939e-06
19.34067552905,4.9e-08
19.356296533097,2.27e-07
19.371924655789,-3.7e-08
19.387557333726,8e-09
19.403176482105,-3e-08
19.418803104317,-6.4e-08
19.434422950652,3e-09
19.450053262432,2.3e-08
19.465680697023,7e-08
19.481304023552,3.2e-08
19.496926700754,2.312e-06
19.512550465901,2.143e-06
19.528174785515,-4.13e-07
19.543792113261,-4.04e-07
19.559427571688,-4.87e-07
19.575054576758,7.78e-07
19.59068280102,-7.7e-07
19.606307555245,-2.49e-07
19.621928553943,-4.57e-06
19.637552618728,2.801e-06
19.653170560471,-1.09e-07
19.668794583098,1.51e-07
19.684430450178,2.117e-06
19.700053845894,-2.06e-07
19.715681592113,-1.55e-07
19.73129979201,-6.2e-08
19.746930850423,-5e-09
19.762548892986,-2.906e-06
19.778168842362,3.16e-06
19.793800857504,-5.607e-06
19.809433769699,6.674e-06
19.825056115982,-5.08e-07
19.840665246227,1.653e-06
19.856304411979,-3.163e-06
19.871935419658,1.231e-06
19.887536923505,5.66e-07
19.903169164341,6.11e-07
19.918809270805,-8.07e-07
19.934435258234,3.06e-06
19.9500487803,-1.437e-06
19.965677373413,-1.49e-06
19.981310151012,5.961e-06
19.996929685671,-5.96e-07
20.012551298471,-5.86e-07
20.028174066913,-4.17e-07
20.043796735893,-3.58e-07
20.059434007771,-4.32e-07
20.07505323944,-1.7e-08
20.090669913675,-4.34e-07
20.106295704938,-1.8e-08
20.121916913886,-1.8e-08
20.137562136718,5.2e-08
20.153165500317,-2e-08
20.168804256805,2.08e-07
20.184428882726,-5.245e-06
20.200056500903,1.56e-07
20.215681190882,-3.87e-07
20.23130219129,-5.92e-07
20.246922691362,-1.397e-06
20.262542298724,-2.75e-07
20.278173835316,6.055e-06
20.29379696214,-1.304e-06
20.309422233155,-1.896e-06
20.325050966256,-7.69e-07
20.340664776114,-1.46e-06
20.356308457163,-3.023e-06
20.371928360514,-4.76e-07
20.387553624501,5.051e-06
20.403180158297,-1.153e-06
20.418804644147,-1.467e-06
20.434434390437,-6.62e-07
20.450060110281,-1.04e-07
20.46566887307,6.63e-07
20.481294260979,8.022e-06
20.496924620311,2.566e-06
20.512559791004,-6.076e-06
20.528181231784,-1.809e-06
20.543800179734,-9.09e-07
20.559413995562,-8.74e-07
20.5750550196,1.1e-08
20.590681470873,2.516e-06
20.606294084854,2.63e-07
20.621924792882,1.4e-08
20.637555864273,1.1e-08
20.653183713552,-9.72e-07
20.668799787731,3.14e-07
20.684435618898,-1.85e-07
20.700054537817,-6.6e-08
20.71568279359,3.7e-08
20.731295380032,-2.015e-06
20.746931440696,-8.16e-07
20.762550841972,-4.67e-07
20.778178875017,-3.5e-07
20.793808598939,5.686e-06
20.809424379051,-4.516e-06
20.82504704132,-3.12e-07
20.8406804515,-7.9e-08
20.856303364104,-1.47e-07
20.871925355526,-8.83e-07
20.887558950654,-9e-09
20.903178834993,-2e-08
20.918797001096,-1.8e-08
20.934422468108,-6.8e-08
20.950048441123,-3.496e-06
20.965666649504,1.37e-07
20.981305343707,2.81e-07
20.996927542927,-2.08e-07
21.012548763559,2.902e-06
21.028167395477,1.086e-06
21.043804571254,6.98e-07
21.059425226976,2.45e-07
21.075058112065,1.041e-06
21.090669950526,6.03e-07
21.106305949732,1.59e-07
21.12192695514,1.48e-07
21.137540523837,-7.9e-08
21.153175233596,-2.12e-07
21.1688018327,2.3e-08
21.184432904436,4.2e-08
21.200041801446,8.8e-08
21.215681509066,2.52e-07
21.231304451106,2.49e-07
21.246935289968,-4.372e-06
21.262545001304,2.538e-06
21.278175618015,3.541e-06
21.293803173549,-1.486e-06
21.309429531151,6.62e-07
21.325054701899,7.4e-08
21.340677112993,-6.3e-08
21.35630240839,-1.21e-07
21.371928222084,-7.4e-08
21.387549073387,-1.771e-06
21.403171494521,-1.2e-07
21.418798843136,8.34e-07
21.434435603542,-1.5e-08
21.450050449036,-7.1e-08
21.465668178028,-1.48e-07
21.48130121302,-1.54e-07
21.496925994511,-8.65e-07
21.512555209319,-2.976e-06
21.528169140409,3.3e-08
21.543807807977,3.86e-07
21.559426110762,3.31e-07
21.57504836597,2.016e-06
21.590673084282,2e-07
21.606294774709,-3.1e-08
21.621925462936,-2.35e-07
21.637543301836,-1.71e-07
21.653181241345,-1.566e-06
21.668808079872,-1.86e-07
21.68443437464,5.722e-06
21.700051494769,-5.37e-07
21.715670728027,-6.49e-07
21.731296783312,2.2e-06
21.74692433258,-2.57e-07
21.762548168048,-8.2e-08
21.778172284142,-3.328e-06
21.793797449876,-8.06e-07
21.80943214072,4.8e-07
21.825045357141,5.16e-07
21.840667313993,7.343e-06
21.856299110492,1.247e-06
21.871920977505,8.26e-07
21.887545800209,3.79e-07
21.903178426683,3.1e-07
21.918800519019,3.524e-06
21.934435793374,-7.7e-07
21.950053656069,-1.004e-06
21.965683444555,-8.98e-07
21.981303272118,-8.99e-07
21.99692692876,4.611e-06
22.012551899323,-1.342e-06
22.028176267449,-3.01e-07
22.04379263926,1.451e-06
22.059424543077,-1.903e-06
22.07504767321,-6.147e-06
22.090684335779,5.3e-08
22.106303685168,-4.176e-06
22.121920638213,2.68e-07
22.137548945825,1.038e-06
22.153173692092,1.032e-06
22.16880258264,5.79e-07
22.184419913222,-4.9e-08
22.200051220964,-2.997e-06
22.215679949949,5.499e-06
22.231286297284,-3.292e-06
22.246920659682,9.36e-07
22.262557142039,9.32e-07
22.278178934494,1.136e-06
22.293807254093,2.765e-06
22.309430952698,2.42e-07
22.325051863186,-5.34e-07
22.340679237373,-3.095e-06
22.356310834142,-3.89e-07
22.371927723004,-1.934e-06
22.387544324383,-1.34e-07
22.403179992133,4.41e-07
22.418804295925,4.51e-07
22.43442053676,2.19e-07
22.450044235269,4.9e-07
22.465681825138,2.88e-07
22.481295869208,-1.138e-06
22.496935986462,-4.016e-06
22.512547383144,8.7e-07
22.528172584259,2.36e-07
22.543796256549,2.23e-07
22.559425315309,9.29e-07
22.575045903506,9.76e-07
22.590672489267,4.822e-06
22.606305531749,-5.779e-06
22.621935172516,1.242e-06
22.637557040195,1.136e-06
22.653180198542,8.76e-07
22.668809361335,5e-09
22.684431467536,-2.7e-08
22.700051331969,-4.8e-08
22.715683476452,-7.042e-06
22.731309374682,1.13e-07
22.746934767292,8.5e-08
22.76255199782,-2.103e-06
22.778173393527,5.2e-07
22.79380255361,4.31e-07
22.809422331312,1.702e-06
22.825055704928,-2.38e-07
22.840672167913,2.764e-06
22.856298330505,9.08e-07
22.871932491813,-9.35e-07
22.887547952298,-7.45e-07
22.903167607949,-7.48e-07
22.918810932707,-7.53e-07
22.934429988161,-8.01e-07
22.950047482928,-3.81e-07
22.96567311073,2.513e-06
22.981298903572,-4.3e-08
22.996921361603,6.72e-06
23.012552359802,2.523e-06
23.028178686284,-4.42e-07
23.043810253309,-3.72e-07
23.059423348488,-4.17e-07
23.075056336241,2.065e-06
23.090676310009,-2.51e-07
23.106297628627,2.141e-06
23.121927150802,-2.49e-07
23.137551096773,-3.791e-06
23.153177135685,1.606e-06
23.168800283785,-1.516e-06
23.184421756585,-1.26e-07
23.200056926324,-5.363e-06
23.215673959759,5.15e-06
23.231300474378,-1.77e-07
23.246923072508,2.9e-08
23.262554495889,-2.52e-07
23.278180977114,-4.67e-07
23.293794575271,-1.7e-07
23.309420526671,1.27e-07
23.325053688995,1.06e-07
23.340669211057,5.42e-07
23.356304302795,2.39e-07
23.371938069498,-1.3e-07
23.387547561013,2.18e-07
23.403176101467,-1.607e-06
23.418802419934,4.211e-06
23.434420504834,-6.68e-07
23.450055081164,-4.24e-07
23.465675853219,3.762e-06
23.481311598337,-6.93e-07
23.496928088724,-1.243e-06
23.512550519728,-6.36e-07
23.528176180827,-6.76e-07
23.543798981586,-6.75e-07
23.559432333732,-9e-09
23.575057778051,-6.149e-06
23.590671270266,8e-09
23.606300735009,-4.267e-06
23.62192449199,1.429e-06
23.637545749578,1.418e-06
23.653179993721,5.087e-06
23.668802449071,1.207e-06
23.684429559406,1.02e-06
23.700051602265,-3.63e-07
23.715680881196,1.21e-07
23.731300557297,1.49e-07
23.746915370107,1.02e-07
23.762556350351,9.8e-08
23.778171817454,6.387e-06
23.79380127757,-2.74e-07
23.809422618079,-5.902e-06
23.825045902308,1.459e-06
23.840677419149,-2.767e-06
23.856301649325,4.137e-06
23.871925757633,1.886e-06
23.88754765475,7.86e-07
23.903175429095,-6.594e-06
23.918788639493,7.9e-07
23.934426026646,3e-09
23.950055223408,3.21e-07
23.965674294665,2.66e-07
23.981302940882,2.91e-07
23.996922692665,2.94e-07
24.012548411184,8.742e-06
24.028170541897,-1.19e-07
24.043797094666,-1.52e-07
24.059432489348,5.34e-06
24.075042026688,-1.54e-06
24.090672557433,-1.536e-06
24.106299088851,-1.049e-06
24.121922123261,3.839e-06
24.137543951368,-1.674e-06
24.153175801919,-1.595e-06
24.168801790765,-1.541e-06
24.184417760509,-1.396e-06
24.200054901334,-7.41e-07
24.215679144196,3.8e-08
24.231299262853,-4.067e-06
24.246926708475,3.4e-08
24.262541764143,-7.9e-08
24.27817698416,5e-09
24.293808485045,3.8e-08
24.309423782349,5.6e-08
24.325039703514,-8e-09
24.340668124307,-6.999e-06
24.356296849517,6.96e-07
24.371918649481,3.831e-06
24.387546488397,1.146e-06
24.40317892692,2.818e-06
24.41879356329,3.083e-06
24.434421260476,-1.088e-06
24.450051592412,-3.86e-07
24.465671351635,-2.151e-06
24.481302032515,-1.164e-06
24.4969169023,-7.4e-08
24.512553141643,5.59e-07
24.528168424883,6.58e-07
24.543810078396,-6e-07
24.55942988511,-4.264e-06
24.575048151778,8.23e-07
24.590669870067,1.539e-06
24.606302655988,1.022e-06
24.621926357209,1.067e-06
24.637552740291,1.79e-07
24.653182967249,2.76e-07
24.668801306317,5e-09
24.684432249438,-7.807e-06
24.70005515919,2.3e-06
24.715674742753,1.05e-07
24.731293472869,1.23e-07
24.746925490264,1.98e-07
24.762553090214,1.003e-06
24.778178531456,-3.183e-06
24.793797804273,5.2e-08
24.809422744266,5e-08
24.825048480347,-1.6e-08
24.840684916533,-5.756e-06
24.856300404599,-2.25e-06
24.871917844767,5.36e-07
24.887548434892,5.74e-07
24.903177409532,1.882e-06
24.918797074828,3.53e-06
24.934431762378,-1.596e-06
24.950053499684,-2.91e-07
24.965674124471,-1.77e-06
24.98130307146,4.44e-07
24.996913114981,6.82e-07
25.012553718067,6.277e-06
25.028172522414,2.7e-07
25.043808390846,3.273e-06
25.059431005434,2.1e-08
25.075058139446,-2.4e-08
25.09068239204,-4.7e-08
25.106307735384,-1.98e-07
25.12192165559,6.02e-07
25.137556751797,-2.101e-06
25.153178251912,7.477e-06
25.168798118996,3.039e-06
25.184436148957,-7.1e-07
25.200047428187,2.04e-07
25.215672204509,1.56e-07
25.231293153321,-2.27e-07
25.246913366543,2.55e-06
25.262562085056,-1.53e-07
25.278178954926,-1.49e-07
25.293810504612,-3.376e-06
25.309430998353,-1.262e-06
25.325038173624,-6.46e-07
25.340677953991,-5.702e-06
25.356304974708,-1.763e-06
25.371921397895,1.7e-06
25.387560887987,3.549e-06
25.403178993777,-3.35e-07
25.418801461783,-3.1e-07
25.434424118724,5.594e-06
25.45004804629,-2.17e-06
25.465677096123,-3.69e-07
25.481308131729,-1.324e-06
25.496919973919,2.75e-07
25.512548269347,4.25e-07
25.528174244108,1.049e-06
25.543793599545,7.41e-07
25.559426982613,1.592e-06
25.575054076111,1.39e-06
25.590671786979,1.211e-06
25.606298346473,4.67e-07
25.621930674706,6.13e-07
25.637551562274,3.454e-06
25.653173320895,8e-09
25.668800387383,-2.084e-06
25.684429986827,-2.5e-08
25.700049670316,-1.04e-07
25.715673241223,1.29e-07
25.731301158859,2.78e-07
25.746920766025,2.68e-07
25.76254971683,-6.6e-08
25.778177985721,2.1e-07
25.793800136818,-5e-09
25.809421821369,6.937e-06
25.825057786577,-1.2e-08
25.84067027694,3.55e-07
25.856295490103,8.9e-08
25.871923700222,-4.447e-06
25.887550521666,-8.28e-07
25.903175006872,6.4e-08
25.918798375237,-1.82e-07
25.934422146197,-1.72e-07
25.950047872596,6.55e-06
25.965676234219,-7.75e-07
25.981291952171,-7.8e-07
25.996921086802,-1.799e-06
26.012556019643,-6.46e-07
26.02817855593,-3.5e-06
26.043794656413,-1.38e-07
26.059417648765,-7.4e-08
26.075048442533,-2.309e-06
26.090680766846,-5e-09
26.106306306166,3.12e-06
26.121935434563,4.439e-06
26.137558968665,-1.34e-06
26.15317332218,-2.329e-06
26.168802949278,-2.91e-06
26.184437068653,-5.026e-06
26.200060411121,-2.318e-06
26.215677719281,-2.027e-06
26.231302009519,2.268e-06
26.246917065836,9.1e-07
26.262544654821,8e-08
26.278173806091,1.719e-06
26.293804200499,-5.597e-06
26.309419685351,-7.9e-07
26.325042028441,-4.27e-07
26.34067998356,-2.42e-07
26.356304949911,-3.6e-08
26.371916800296,5.234e-06
26.387548393836,-1.97e-07
26.40317861224,3.1e-08
26.41879363437,-9e-09
26.434435955064,-5.084e-06
26.450042611233,1.296e-06
26.465677223934,2.129e-06
26.481296361268,1.548e-06
26.496922433202,-4.935e-06
26.512558560302,-2.33e-07
26.528174743011,7.3e-07
26.54379801774,-1.08e-07
26.559427453922,-2.447e-06
26.5750494429,1.2e-06
26.590676302603,3.578e-06
26.606298613182,8.2e-08
26.621933373647,-4.964e-06
26.637550456309,-2.204e-06
26.653164762944,6.4e-08
26.668799732066,1.94e-07
26.684425454924,4.726e-06
26.700048322413,9.9e-08
26.71568346241,-3.621e-06
26.731303455856,7.3e-08
26.746926668048,-3.675e-06
26.762548,4.49e-07
26.778172591549,4.54e-07
26.793796266917,4.44e-07
26.809422837008,-3.215e-06
26.825040773884,4.43e-07
26.840678886406,5.093e-06
26.856299945358,-1.37e-07
26.871922770047,0
26.88755583986,-3.042e-06
26.903170134062,4.421e-06
26.918806592821,-7.13e-07
26.934416962828,-5.1e-08
26.950047750305,5.9e-08
26.965674350262,-3.3e-08
26.981298254266,-8.1e-08
26.996934354201,-3.422e-06
27.012554722932,1.983e-06
27.028184287902,-6.14e-07
27.043800242549,2.894e-06
27.059428801083,-1.138e-06
27.075046012442,1.167e-06
27.090677692597,-9.28e-07
27.106304031441,-3.443e-06
27.121918236028,-5.24e-07
27.137543744775,-5.23e-07
27.153173564382,-8.96e-07
27.168796038744,-7.95e-07
27.184427144656,-3.46e-07
27.200053731707,-7.09e-06
27.215681896526,9.12e-07
27.231303480897,9.6e-07
27.246930969806,1.002e-06
27.262548250019,5e-09
27.278173147756,7.713e-06
27.293796074085,3.18e-07
27.309434441937,1.91e-07
27.325050092879,5.114e-06
27.340673455103,-4.28e-07
27.356307612646,-7.89e-07
27.37191709279,8e-09
27.387544658945,-3.4e-08
27.40318114962,-4.71e-07
27.418806895677,6.7e-08
27.43443476693,3.459e-06
27.450051585517,-1.028e-06
27.465677453823,4.09e-06
27.481307551728,-1.692e-06
27.496931780483,-1.889e-06
27.512554694425,-1.196e-06
27.528179533366,-7.35e-07
27.543798329271,-6.83e-07
27.559431161312,-1.076e-06
27.575045414037,-2.05e-07
27.590683300871,3.77e-07
27.606306701236,9.21e-07
27.621919224838,5.424e-06
27.637557176456,4.71e-07
27.653185577844,2.84e-07
27.668816196856,-3.063e-06
27.684426181066,1.878e-06
27.700055304613,3.05e-07
27.715683066934,6.32e-07
27.731297428991,-5.83e-07
27.74692716834,-2.45e-07
27.762560019421,-2.03e-07
27.778179583223,-1.53e-06
27.793803498683,-8.78e-07
27.809426699502,-3.176e-06
27.825055485172,9.41e-07
27.840671760985,9.86e-07
27.856302075065,4.93e-07
27.871928127869,4.14e-07
27.887541102273,2.38e-07
27.903173281958,5.549e-06
27.918796798986,-3.53e-07
27.934423036421,-4.52e-07
27.950055697321,-1.166e-06
27.965682871742,-1.112e-06
27.981297950661,-1.14e-06
27.996930890344,-1.138e-06
28.01255365616,-3.028e-06
28.028177890185,-1.931e-06
28.043802436251,4.374e-06
28.059423537782,-1.99e-07
28.075048290674,1.319e-06
28.09068133799,1.13e-06
28.106305283859,6.3e-08
28.121923695575,-1.168e-06
28.137555064612,-3.39e-07
28.153177201283,-8.54e-07
28.168802860977,-1.748e-06
28.184426243151,-9.16e-07
28.200047823899,8.4e-06
28.215676925759,-8.24e-07
28.231299179375,-8.17e-07
28.246935103484,2.71e-07
28.262548421723,-5.512e-06
28.278179961206,7.77e-07
28.293810943644,1.886e-06
28.309433978832,1.567e-06
28.325053359057,9.03e-07
28.340669204628,9.03e-07
28.356296228016,0
28.371913755321,3.694e-06
28.387549568475,4.797e-06
28.403172594991,-7.95e-07
28.418793236394,2.561e-06
28.434428619432,-1.686e-06
28.450048177164,-4.574e-06
28.465677937052,-8.27e-07
28.481306864395,-2.873e-06
28.496925890238,2.214e-06
28.512557848778,1.162e-06
28.528184438504,1.261e-06
28.543810802626,2.58e-07
28.559425715917,-1.763e-06
28.575043198162,-1.709e-06
28.590675410805,-5.404e-06
28.606304933423,-5.499e-06
28.621927747233,6.77e-07
28.637545226486,6.85e-07
28.653171570055,6.71e-07
28.668806210999,7.32e-07
28.684428118871,-9e-09
28.70005497847,-1.5e-08
28.71566863717,-2.9e-08
28.731295302168,-7.91e-07
28.746924588871,-6.45e-07
28.762552190151,2.551e-06
28.778170480797,-2.412e-06
28.793794529387,-1.683e-06
28.809416157231,-8.71e-07
28.82505167986,-8.26e-07
28.840676760789,1.58e-07
28.856302069193,9.16e-06
28.871924518804,-2.363e-06
28.887551670913,1.314e-06
28.903171851969,1.376e-06
28.918805840977,-3.28e-07
28.934420851061,-8.37e-07
28.950052152223,4.56e-06
28.96568886439,-1.67e-06
28.981307551849,-7.68e-07
28.996935110359,4.3e-08
29.012543166202,7.18e-07
29.028180102667,-2.02e-07
29.04378722098,-1.5e-07
29.059436697314,-7.23e-07
29.075052244317,-1.223e-06
29.090670485197,2.35e-07
29.106303746642,-7.367e-06
29.121926535159,3.707e-06
29.137553858163,-2.399e-06
29.153182069851,-4.554e-06
29.168797212388,-6.86e-07
29.184425991287,7.5e-08
29.200038377412,-5.02e-07
29.215681475012,-8.4e-08
29.231307387029,-1.062e-06
29.24692487217,2.737e-06
29.262555827046,1.16e-07
29.278173185367,1.19e-07
29.293802728605,1.05e-07
29.309419883792,3.3e-08
29.325055296966,-1.454e-06
29.34068387792,-5.6e-08
29.356301441171,8e-09
29.371926606108,5.32e-07
29.387550987011,-2.7e-07
29.403179722404,6.176e-06
29.418806377642,6.95e-07
29.434430124098,7.49e-07
29.450046690463,1.85e-07
29.465678577265,2.37e-07
29.481302481842,-1.9e-08
29.496912690206,6.23e-07
29.512550077128,-3.8e-08
29.528181158536,-2.675e-06
29.543798439027,-9e-09
29.559430155321,1.09e-07
29.575059887763,-2.515e-06
29.590671152621,4.35e-07
29.606293080242,-4.2e-08
29.621916201845,-9.19e-07
29.637552862329,-1.349e-06
29.653180169148,-8.48e-07
29.668798957284,-4.149e-06
29.684436739931,-4.2e-07
29.700054601959,-3.7e-08
29.71568464552,-1e-08
29.731297908745,-2.544e-06
29.746926315941,-3.496e-06
29.762548315618,5.2e-08
29.778177181882,3e-09
29.793807680907,1.13e-07
29.80942019935,3.97e-07
29.82504495453,4.77e-07
29.840674554305,-6e-08
29.856305315932,-6.422e-06
29.871929144124,4.7e-07
29.887553766649,-3.86e-07
29.903177629147,5.781e-06
29.918793835409,7.4e-08
29.934429428325,-3.289e-06
29.9500424058,1.67e-07
29.965681728585,2.46e-07
29.981297617586,-3.92e-07
29.996922009195,5.53e-06
30.012542805343,-4.72e-07
30.02818411599,4.071e-06
30.043790860718,-1.872e-06
30.059419986361,-1.339e-06
30.075047804743,-1.448e-06
30.090674895108,-2.26e-07
30.106297638154,-5.548e-06
30.121929698096,-4.06e-07
30.137558865439,1.304e-06
30.153179039704,-1.394e-06
30.168807873831,-7.85e-06
30.184433264032,2.13e-07
30.200044003923,-1.81e-07
30.215675240954,-4.236e-06
30.231297995133,-1.609e-06
30.246934277674,3.265e-06
30.262559290268,3.19e-07
30.278169223274,-5.1e-08
30.293802354136,6.9e-08
30.309426473331,-1.152e-06
30.325054188586,-1.206e-06
30.340676167374,2.612e-06
30.356295897308,-7.3e-07
30.371926506065,-5.151e-06
30.387548714868,-1.59e-07
30.403183175311,-2.789e-06
30.418799298794,2.27e-07
30.43442167985,-1.04e-06
30.450045590403,7e-07
30.465674245915,2.02e-07
30.481308478288,3.545e-06
30.496917958832,-1.21e-07
30.512544503437,-7.7e-08
30.528175628829,-8.017e-06
30.543801483541,2.131e-06
30.559424878238,-7.32e-07
30.575053888352,-3.75e-07
30.590670836679,-2.938e-06
30.606304472424,5.3e-08
30.621939668936,-3.276e-06
30.637548151671,4.523e-06
30.65317351601,-3.96e-06
30.668801578293,-3.49e-07
30.684428746144,-7.26e-07
30.700054662541,-6.22e-07
30.715663025292,-5.71e-07
30.731296446418,3.6e-08
30.746933835186,3e-09
30.762558320982,2e-09
30.778173713194,3.5e-08
30.793805839407,-3.13e-06
30.809411565819,5.48e-07
30.825051638906,-2.132e-06
30.840675215642,4.85e-07
30.856301012097,5.47e-07
30.871919715354,4.94e-07
30.887544107247,3.7e-08
30.903174991285,-6.609e-06
30.918796871469,-1.4e-08
30.934424896215,4.936e-06
30.95005517718,-9.51e-07
30.965676940882,-1.649e-06
30.981296829116,-1.847e-06
30.996938256083,-1.797e-06
31.012558077632,-8.56e-07
31.028178498104,-2.06e-07
31.043796919944,3e-07
31.059417850082,3.4e-08
31.075050728343,1.38e-06
31.090670707986,-8.55e-07
31.106304654422,-8.01e-07
31.121938802615,-2.862e-06
31.137552144752,-4.33e-07
31.153170418419,6.689e-06
31.168791666029,2.885e-06
31.184432076606,5.7e-08
31.200044746151,6.9e-08
31.215672288525,-5.9e-08
31.231303193012,-1.09e-07
31.246930458848,-4.898e-06
31.262550935598,-6.95e-07
31.278172607679,1.68e-07
31.293799737632,6.842e-06
31.309431794245,1.137e-06
31.325043000174,1.681e-06
31.340677121525,-2.27e-07
31.356303539955,-3.78e-06
31.371923798281,1.24e-07
31.387552482657,9.46e-07
31.403174710901,-2.04e-07
31.418794346003,2.045e-06
31.434430483803,1.944e-06
31.450050461787,1.356e-06
31.465668643786,1.292e-06
31.481298290294,4.52e-07
31.496929105991,5.922e-06
31.512545366167,7.39e-07
31.528174652901,-1.252e-06
31.543791366262,-1.298e-06
31.559419909915,6.391e-06
31.575047493028,-4.063e-06
31.59067156096,-1.85e-07
31.606295723208,-1.79e-07
31.621916794499,-2.62e-07
31.637544682569,1.748e-06
31.653177445854,-2.65e-06
31.668793897193,1.46e-06
31.684431018161,-4.221e-06
31.700051898297,3.09e-07
31.71568202371,-7.03e-07
31.731298316994,4.182e-06
31.746923692901,-4.16e-07
31.762554290242,-1.05e-07
31.778172151999,-1.68e-07
31.793792926815,0
31.809414697636,-6.17e-07
31.82504527689,5.1e-08
31.840675189986,6.95e-07
31.85630588433,-1.043e-06
31.871931602135,3.407e-06
31.887556893896,-7.224e-06
31.903173337304,-2.17e-07
31.918803299879,7.47e-07
31.934426364532,5.55e-07
31.950040165448,1.223e-06
31.965671746691,4.32e-07
31.981298509468,7.1e-08
31.996931766173,-2.81e-07
32.012550053267,-4.38e-07
32.028177824799,-2.08e-06
32.043802601464,-8.87e-07
32.059437181724,-3.43e-07
32.075053603677,7.1e-07
32.090675409946,2.41e-07
32.106310262339,3.19e-07
32.12192882111,-2.772e-06
32.137548251895,-2.3e-08
32.153168138288,-3e-08
32.168800099957,-2.4e-08
32.184424785529,4.23e-06
32.200046620255,-2.55e-07
32.215670101247,-2.55e-07
32.231290716103,-1.151e-06
32.246925126819,-2.211e-06
32.262549912941,-9.06e-07
32.278178747802,1e-09
32.29380428093,-6.918e-06
32.309432509786,7.174e-06
32.325052086685,-3.33e-06
32.340680023581,-3.426e-06
32.356309643314,-3.31e-06
32.371927795445,2.182e-06
32.38754489631,1.292e-06
32.403170663779,1.35e-06
32.418808970988,6.761e-06
32.43442079368,2.802e-06
32.450056978653,-4.77e-07
32.4656827098,2.177e-06
32.481300130694,-1.298e-06
32.496922812165,-1.663e-06
32.512548746724,-8.44e-07
32.528171094467,-4.33e-07
32.543805802232,-3.74e-07
32.559423485259,-4.447e-06
32.575050158948,7.59e-07
32.590685400209,7.52e-07
32.606293788372,4.294e-06
32.621934104533,2.68e-07
32.637545869665,-3.23e-06
32.653178976337,-5.22e-07
32.668800589035,4.027e-06
32.684413949029,-9.46e-07
32.700052156978,-1.45e-06
32.715670927247,-7.182e-06
32.731307096096,4.44e-07
32.746938890939,9.72e-07
32.762538914048,9.61e-07
32.778174271095,4.211e-06
32.793793222265,8.3e-07
32.809420147676,-1.173e-06
32.825048871096,-1.579e-06
32.840676867374,-5.082e-06
32.85630460058,1.87e-07
32.871929569212,1.36e-07
32.887549568903,-5.73e-07
32.903165363491,-4.08e-07
32.918797234157,-8.78e-07
32.934428476491,-8.77e-07
32.950055224861,1.382e-06
32.965674873462,-9.15e-07
32.981296683575,-3.13e-07
32.996914136565,-7.79e-07
33.012548705362,-1.052e-06
33.028179505229,-1.666e-06
33.043801004775,-7.22e-07
33.059425851266,5.8e-07
33.075064637658,-1.127e-06
33.0906750665,1.275e-06
33.106302884413,1.339e-06
33.121925864811,-3.794e-06
33.137546331811,1.355e-06
33.153179782944,2.2e-06
33.168802860478,6.29e-07
33.184424186553,3.872e-06
33.200051225161,5.67e-07
33.215682685793,-6.134e-06
33.231299273837,5.92e-07
33.246928417448,7.73e-07
33.262545805072,9.2e-07
33.2781723217,9.22e-07
33.29380592647,5.38e-07
33.309422365828,5.959e-06
33.325046705491,2.26e-06
33.340676827958,-2.949e-06
33.356298840407,-1.576e-06
33.371924279315,-1.575e-06
33.387545364942,-1.78e-06
33.403175975141,-9.39e-07
33.418801261403,1.19e-07
33.434412475894,1.47e-07
33.45004406401,-3.35e-07
33.465683381608,3e-09
33.481301739539,-6.06e-07
33.496920563947,-3.036e-06
33.51254971324,1.616e-06
33.52817394551,1.11e-07
33.543802190981,1.04e-07
33.559426455046,1.82e-07
33.575043584085,-6.048e-06
33.590676908396,1.804e-06
33.606304545354,-8.25e-07
33.621924418219,8.3e-08
33.637543944922,4.472e-06
33.653177774891,3.6e-07
33.66880143424,3.457e-06
33.684428059533,4.08e-07
33.700043876429,6.77e-07
33.715667193905,1.366e-06
33.731305541433,1.991e-06
33.746929010456,1.326e-06
33.762554737012,5.625e-06
33.778185347374,-6e-07
33.793798251403,2.103e-06
33.809417311948,1.78e-07
33.825052541156,1.18e-07
33.840670642354,7.96e-07
33.856304148699,6.83e-07
33.871927360274,-7.87e-07
33.887557091521,-1.99e-07
33.90317977367,-8.6e-07
33.918808475485,-8.22e-07
33.934431950377,-1.053e-06
33.950049345307,-1.587e-06
33.965675451778,-1.907e-06
33.98130232583,3.295e-06
33.996924614629,4.305e-06
34.012551621163,-5.062e-06
34.028172461084,-4.467e-06
34.043800046146,-1.266e-06
34.059423341277,-3.27e-07
34.075057493401,-6.08e-07
34.090670229092,4.04e-07
34.106294685009,6.77e-07
34.121928223223,3.68e-07
34.137556379812,2.2e-07
34.153178946841,-7.36e-07
34.168801818648,2.71e-07
34.184431411093,1.27e-07
34.200046842302,-6.8e-07
34.215677982991,-2.794e-06
34.231296972841,-4.028e-06
34.246919238752,-3.54e-07
34.26255332747,-5.92e-06
34.278178053499,2.204e-06
34.293799402674,3.847e-06
34.309430457376,3.109e-06
34.325043900606,1.239e-06
34.340673745355,3.992e-06
34.3563004773,-4.6e-08
34.371922917317,-1e-08
34.387549619032,5.488e-06
34.403173405501,1.477e-06
34.418802575371,-1.469e-06
34.434418800504,-8.494e-06
34.450057546917,8.5e-08
34.465675277563,5.71e-07
34.481295570678,6.31e-07
34.496933480037,4.42e-07
34.512552446945,2.88e-07
34.528175108804,3.876e-06
34.543797710274,-2.6e-07
34.559424889872,1e-08
34.575055011892,2.4e-07
34.59068020341,-6.2e-08
34.606301517865,5.042e-06
34.621924039465,-1e-08
34.63755710517,-8.66e-07
34.653178498127,-9.2e-07
34.668798015409,-2.941e-06
34.684426212092,-1.305e-06
34.70004196338,-1.215e-06
34.715670478345,-2.9e-08
34.731296184071,-1.4e-07
34.746920729455,-3.7e-08
34.762548495649,9e-09
34.778178133099,-3.9e-08
34.793795539143,-4.1e-08
34.809428377941,3.13e-06
34.825054528347,-2.142e-06
34.840670986201,-2.59e-07
34.856303119843,6.971e-06
34.871937096361,-6.402e-06
34.887546786158,-1.092e-06
34.903176024472,4.35e-07
34.918803386343,6.101e-06
34.934429202965,-3.32e-07
34.950054792662,-1.157e-06
34.965674244703,-3.644e-06
34.981301523364,4.57e-07
34.99692731203,-1.3e-08
35.012552279907,5.115e-06
35.028173842886,-1.3e-08
35.0438003925,2.97e-07
35.059432183978,-4.38e-07
35.075056858032,-7.95e-07
35.090678295247,-1.191e-06
35.106298111784,-1.179e-06
35.121931943174,-1.077e-06
35.137551857986,-1.893e-06
35.153175500747,6.615e-06
35.168794058203,-1.844e-06
35.184429441403,-1.061e-06
35.200051239329,-1.233e-06
35.215676309951,-2.089e-06
35.23131015094,-4.68e-07
35.246925136342,-1.08e-07
35.262553749797,-1.15e-07
35.27818396491,-1e-08
35.293796075269,9.1e-08
35.309419515431,1.6e-07
35.325052768141,-2.27e-07
35.340666930029,2.734e-06
35.356302054553,-3.42e-07
35.371921979602,1.096e-06
35.387544022756,-1.14e-07
35.403171450564,2.3e-08
35.418799077927,1.18e-07
35.434433800413,1.373e-06
35.450047111526,1.355e-06
35.465674075745,-2.691e-06
35.481295979566,-4.998e-06
35.49692007329,3.227e-06
35.512555366634,-1.036e-06
35.528172498745,1.567e-06
35.543793646817,1.794e-06
35.55942629803,3.6e-07
35.575052173873,-1.1e-08
35.590680656548,3.66e-07
35.606292502288,7.692e-06
35.62191814887,-2.2e-08
35.637556549979,2.56e-07
35.653173958395,3.24e-07
35.668807726002,2.13e-07
35.684433585595,3.98e-07
35.700047708485,4.98e-07
35.715677911155,1.59e-07
35.73130410199,6.2e-07
35.746922945947,-5.72e-07
35.762553366313,1.631e-06
35.778188272397,-1.32e-07
35.793803399532,4.66e-07
35.809429248863,5.86e-07
35.825056190659,5.89e-07
35.840676056357,3.542e-06
35.856305857805,-2.671e-06
35.871930245181,-7.625e-06
35.887551773948,-4.31e-07
35.903179416619,1.93e-07
35.918793585621,9.1e-08
35.934425307983,6.54e-07
35.950051793101,-4.66e-07
35.965675082457,6.685e-06
35.981305289774,-1.247e-06
35.996926768107,-9.25e-07
36.012545150009,-3.152e-06
36.028178867811,2.225e-06
36.043805030894,-1.19e-07
36.059420291562,5.233e-06
36.075050763891,-1.77e-07
36.090673724117,-1.187e-06
36.106291989399,-1.538e-06
36.121925538076,-4.78e-07
36.137554289649,-1.117e-06
36.153173202094,-4.97e-07
36.168796580495,-1.713e-06
36.184420899625,3.809e-06
36.200054246372,2.077e-06
36.215675647968,1.984e-06
36.23129565275,1.724e-06
36.246915972462,9.16e-07
36.262553764271,6.95e-07
36.278175860687,-6.759e-06
36.293792562735,-7.05e-07
36.309418628213,-2.032e-06
36.325043876638,-2.7e-07
36.340668014193,-9.86e-07
36.356295091285,9.01e-07
36.371928863501,1.626e-06
36.387551334435,-1.945e-06
36.403177580611,4.79e-07
36.418802361856,5.68e-07
36.434416319399,5.66e-07
36.450050980372,-2.133e-06
36.465674775191,3.77e-06
36.481296322303,9.4e-07
36.496927798645,4.17e-07
36.51255902072,3.406e-06
36.528176268476,-5.595e-06
36.543793071408,-1.837e-06
36.559422273227,1.78e-07
36.575056702532,2.258e-06
36.590680630923,-1.167e-06
36.606296384204,-2.695e-06
36.621926379751,8.19e-07
36.637548641439,1.127e-06
36.653168926098,1.062e-06
36.66880345926,2.14e-06
36.684423284782,1.057e-06
36.700049174468,3.603e-06
36.715680207309,7e-09
36.731303430398,-9.2e-08
36.746927442477,-4.3e-08
36.762552981514,-3.8e-08
36.778175978425,1.757e-06
36.793794750504,1e-09
36.809421424512,-1.45e-06
36.825048586175,3.499e-06
36.84066790756,2.667e-06
36.856305032386,-5.389e-06
36.871931054044,1.149e-06
36.887553055283,4.2e-07
36.90317872221,-5.2e-07
36.918803329387,6.176e-06
36.93442218254,2.9e-08
36.950057977847,-3.2e-08
36.965681620202,-1.542e-06
36.98129501178,1.409e-06
36.996933139228,-2.402e-06
37.012545520948,1.29e-07
37.028171383507,1.93e-07
37.043804385785,-4.026e-06
37.059422813131,1.027e-06
37.075045550118,1.928e-06
37.090679689981,-1.253e-06
37.106305113273,-6.64e-07
37.121933314026,-9.38e-07
37.137554106553,6.3e-08
37.153179218672,-4.48e-07
37.168801627109,-6.99e-07
37.184420179312,4.857e-06
37.200057975936,-5.66e-07
37.215675773175,-4.58e-07
37.231295252729,-5.55e-07
37.246923740369,-2.56e-07
37.26256037371,-1.049e-06
37.278173997841,5.8e-08
37.293796973768,-5.779e-06
37.309429401697,7.336e-06
37.325053125783,2.29e-07
37.340663097519,-4.75e-07
37.356296135047,-9.41e-07
37.371927446723,6.091e-06
37.387553708497,1.708e-06
37.403180435156,1.977e-06
37.418797875528,-4.202e-06
37.434432792667,7.057e-06
37.450047612838,-1.493e-06
37.465667082433,-2.5e-07
37.481303436424,-8.31e-07
37.496928694898,6.037e-06
37.512550256394,-2.18e-07
37.528172461051,-1.62e-07
37.543805850998,-4.98e-06
37.559427082352,8.25e-07
37.575052217721,5.405e-06
37.590669163439,7.03e-07
37.606297446559,4.95e-07
37.621928452132,2.992e-06
37.637550030227,-4.37e-07
37.653180415684,-4.279e-06
37.668795453013,1.44e-07
37.684427919408,-3.55e-07
37.700049475047,1.152e-06
37.715676920643,-2e-09
37.731293901393,1.754e-06
37.746929285175,1.299e-06
37.762562197632,1.192e-06
37.778182502814,-2.88e-06
37.793804389602,5.54e-07
37.809420877064,3.17e-07
37.82504577236,2.11e-07
37.840677698962,1.4e-07
37.856293261738,-4.77e-07
37.871923859425,-5.3e-07
37.887555864251,-5.37e-07
37.903185217823,9.5e-08
37.918808573993,-9.02e-07
37.934426406493,-9.9e-08
37.950046140505,2.64e-07
37.965668356464,2.18e-07
37.981300317321,-3.561e-06
37.996919363545,9.84e-07
38.012551914771,6.69e-07
38.028166878006,-2.36e-06
38.043806861072,3.92e-07
38.059424802796,4.42e-07
38.07505742428,3e-08
38.090679203594,6.269e-06
38.106307404088,3.114e-06
38.121927618368,-3.82e-07
38.137558336457,1.616e-06
38.153182757607,-7.64e-07
38.16879916269,-2.77e-07
38.184421645059,1.23e-07
38.200050384224,1.099e-06
38.215679689532,3.809e-06
38.231296778909,5.12e-07
38.246923035442,1.505e-06
38.26254497754,-1.424e-06
38.278182095969,-1.435e-06
38.293807464305,-1.739e-06
38.309426690606,4.936e-06
38.325043697939,-4.68e-07
38.340679110877,4e-09
38.356300977964,4.113e-06
38.371921475677,1.7e-08
38.387548441016,8.2e-08
38.403177359286,4.89e-07
38.418803701819,4.85e-07
38.434425631304,-3.51e-07
38.450055225882,-4.64e-07
38.465670382206,1.453e-06
38.481306018445,2.562e-06
38.496919541201,-1.417e-06
38.512550840707,1.32e-07
38.528171544082,-5.52e-07
38.543805987615,-4.935e-06
38.559415788824,-3.58e-07
38.575048618949,8.57e-07
38.590685909359,-1.47e-07
38.606298639504,5.43e-07
38.621924967194,4.53e-07
38.63756233965,-1.882e-06
38.653180725544,-7.283e-06
38.668806175115,-8.3e-08
38.684418803707,-1.541e-06
38.700064172986,6.442e-06
38.715673136003,2.31e-07
38.73130119744,3.883e-06
38.746921034393,-2.507e-06
38.762554080343,4.376e-06
38.778183937298,-1.984e-06
38.793803568608,-9.89e-07
38.809427667918,1.413e-06
38.825044353497,-3.51e-07
38.840670685959,-3.44e-07
38.856300368905,4.6e-08
38.871919658521,-1.3e-08
38.887539208915,-6.888e-06
38.903184004616,-9.12e-07
38.91879894408,-2.12e-07
38.934433340005,1.628e-06
38.950051422633,6.38e-07
38.965680854308,1.384e-06
38.981298042028,-3.163e-06
38.996917309744,3.92e-07
39.0125651915,8.78e-07
39.028169269184,8.78e-07
39.043808030912,1.054e-06
39.059431323386,4.75e-07
39.075042573459,4.922e-06
39.090682696076,7.3e-08
39.106297334771,-2.68e-07
39.121926803086,-6.906e-06
39.137559722841,-2.002e-06
39.153170887064,-4.55e-07
39.168802650398,-3.346e-06
39.184417648067,-7.198e-06
39.200055876155,1.337e-06
39.215674506174,3.93e-07
39.231301206628,1.471e-06
39.246924034608,-5.817e-06
39.262555318585,-7.5e-08
39.278171386334,3.911e-06
39.293808305302,-1.285e-06
39.309423961186,-5.43e-07
39.325050714148,-5.87e-07
39.340673190818,-1.238e-06
39.356291433723,-1.13e-06
39.371927888602,-5.21e-07
39.387555733192,5.28e-06
39.403181234023,2.296e-06
39.418800381909,1.725e-06
39.434424035517,-6.21e-07
39.450056332496,-1.456e-06
39.465671340799,-2.007e-06
39.481294055593,-5.38e-07
39.496925833157,-1.1e-08
39.512556402425,-1.31e-06
39.528172451705,3.724e-06
39.543797583964,3.1e-07
39.559426564108,-4.76e-07
39.575045510927,-2.142e-06
39.590676700072,-8.05e-07
39.606299708871,-1.607e-06
39.621917845298,-9.89e-07
39.637544098118,-6.28e-07
39.653165798192,-5.83e-07
39.668803177226,5.734e-06
39.684426975208,-6.21e-07
39.70005480524,2.188e-06
39.715678154828,-1.074e-06
39.731301094372,-1.072e-06
39.746927989318,4.431e-06
39.762552278239,-4.69e-07
39.778169209051,-4.73e-07
39.793803428041,-3.94e-07
39.809436755425,-1.688e-06
39.825053219272,-1.427e-06
39.840663529168,-3.57e-07
39.856309104576,-4.15e-07
39.871919290326,1.3e-08
39.887548932813,1.1e-08
39.903178367727,2.44e-07
39.918809520536,-4.03e-07
39.934426092532,-3.43e-07
39.950047204031,-5.83e-07
39.965679601988,-2.525e-06
39.981297560177,3.868e-06
39.996925271208,4.17e-07
40.012548713492,3.5e-07
40.028176558069,2.8e-08
40.04379916211,-1.975e-06
40.059436751795,-7e-08
40.07505527343,-1e-09
40.090675152706,-4.566e-06
40.106297766207,1.241e-06
40.121929191635,1.182e-06
40.137544992016,1.868e-06
40.153179437364,7.35e-07
40.168799813717,-1.15e-07
40.184420813873,-1.35e-07
40.200045605624,-5.7e-08
40.215674299632,2.092e-06
40.231303206674,-5.3e-08
40.24692876762,-5.8e-08
40.262548712877,1.6e-08
40.278174388657,-9e-09
40.29379932146,-1.19e-07
40.309428393564,-7e-09
40.325060785763,-7e-09
40.340675897068,4.3e-08
40.356297101913,-1e-08
40.371918705688,5.28e-07
40.38755051853,1.7e-08
40.403185865499,2.114e-06
40.418809314343,-5.33e-07
40.434416451762,-5.34e-07
40.450056646703,-3.966e-06
40.465676864523,-3.112e-06
40.481300184957,-6.752e-06
40.496926475199,5.34e-07
40.512551127554,8.725e-06
40.528174738284,5.67e-07
40.543798917633,-4e-09
40.559412716235,-3.137e-06
40.575050738833,6.54e-07
40.590683144042,3.19e-07
40.606300354473,3.56e-06
40.621917439862,5.53e-07
40.63755471132,1.174e-06
40.653164598769,1.353e-06
40.668793486014,2.892e-06
40.684427207611,-4.5e-07
40.700041185981,-2.43e-07
40.715666069146,7.42e-07
40.731289086964,6.84e-07
40.746922276396,-9.62e-07
40.762556397068,-5.67e-07
40.77818676052,-4.37e-07
40.793805528214,2.39e-07
40.809425402943,-7.04e-07
40.825048377914,-5.35e-07
40.840669009119,-3.22e-07
40.856304926085,-2.55e-07
40.871927463913,-2.2e-08
40.887545623523,-1.462e-06
40.90317252264,2.45e-07
40.9187957749,-2.264e-06
40.934424180943,6.63e-07
40.950051030434,6.62e-07
40.965663971014,4.05e-07
40.98129810418,-6.8e-08
40.99692253916,5.5e-08
41.012554574729,-1.1e-08
41.028185454679,-9e-09
41.043800829147,0
41.05942555011,6.7e-08
41.075048793101,-9e-09
41.090671423919,-1.6e-08
41.106288039554,3.142e-06
41.121931090383,-5.42e-07
41.137555803201,-5.48e-07
41.153177142877,-6.264e-06
41.168799994718,5.1e-08
41.184427343918,4.28e-07
41.200052323418,4.826e-06
41.215668375534,4.882e-06
41.231299731681,2.339e-06
41.246934413503,-1.456e-06
41.262553524834,-2.08e-06
41.27818232237,-1.929e-06
41.293805381965,2.766e-06
41.309428293869,-3.672e-06
41.325052878306,-4.39e-07
41.340674017453,-1.59e-07
41.356298423897,3.396e-06
41.371924050615,-4.3e-08
41.387546334579,1.54e-07
41.403179520954,-6.151e-06
41.418799050813,9.55e-07
41.434409177985,4.036e-06
41.450044582708,-9.27e-07
41.465671256818,-3.55e-07
41.481298288729,-4.63e-07
41.49692214031,-3.09e-07
41.512546695335,-4.83e-07
41.528171044037,6.28e-07
41.543792048814,2.04e-07
41.559421736663,2.314e-06
41.575053497204,-1.443e-06
41.590679275737,-3.891e-06
41.606305635727,2.2e-07
41.621929359555,6.965e-06
41.637552209274,-8.49e-07
41.653176025699,4.033e-06
41.668803892074,-1.437e-06
41.68442069966,-1.725e-06
41.700049344597,-6.12e-07
41.715670430658,2.426e-06
41.73129353563,2.6e-08
41.746922890041,1.6e-08
41.762551847373,-6.184e-06
41.778170957764,1.6e-08
41.793798367016,4.913e-06
41.809431840857,3.459e-06
41.825045725972,-4.39e-07
41.840671698451,-2.89e-07
41.856306319522,-5.01e-07
41.87192755139,-2.942e-06
41.887548173471,6.412e-06
41.903179024254,8e-09
41.918797894562,-2.487e-06
41.934430846334,-5.642e-06
41.95005512813,-5.588e-06
41.965683245843,-2.899e-06
41.981297199953,2.591e-06
41.996925931442,2.553e-06
42.012544251069,2.423e-06
42.028180293595,1.203e-06
42.043797497927,1.249e-06
42.059427310025,3.04e-06
42.075051340986,3.16e-07
42.090680475284,1.9e-08
42.106303274935,-6.32e-07
42.121932581046,-4.2e-07
42.137551707163,-1.494e-06
42.153175233156,3.845e-06
42.168803193629,6.478e-06
42.184422003546,-4.23e-07
42.200043573623,-6.953e-06
42.215678250087,2.13e-07
42.23128979541,1.517e-06
42.246929629785,4.51e-07
42.262553612184,4.347e-06
42.278177852618,-1.4e-07
42.293800348173,-2.692e-06
42.309425954048,-8.84e-07
42.325055919218,-8.54e-07
42.340684442947,-4.4e-06
42.356301505641,1.37e-07
42.371928720607,9.47e-07
42.387552479525,1.591e-06
42.403177405117,-6.473e-06
42.418806414294,-1.435e-06
42.434427118288,1.158e-06
42.450059681263,1.094e-06
42.465675245125,3.5e-08
42.481300885812,-4.95e-07
42.496927888424,-3.5e-08
42.512550332876,-4.33e-07
42.528176045617,-7e-07
42.543808112257,-9.11e-07
42.559428578603,-4.33e-07
42.575044887225,-3.16e-07
42.590676831976,-7.11e-07
42.606307201342,-1.3e-07
42.621918201939,-2.33e-06
42.637544651548,4.404e-06
42.653173918658,9.95e-07
42.668799837136,1.289e-06
42.684422018999,4.48e-07
42.700048215072,7.58e-07
42.715671550857,-5.95e-07
42.731293178774,1.52e-06
42.746928854237,-3.719e-06
42.762547571456,-4.673e-06
42.778163682233,-1.25e-07
42.793799273839,6.655e-06
42.809424246118,-5.91e-07
42.825047723509,7.31e-07
42.840672594728,-5.97e-07
42.856299505831,-9.17e-07
42.871917001387,4.584e-06
42.887547956163,-9.2e-07
42.903170243708,-4.063e-06
42.918800011024,2.73e-06
42.934420464278,2.483e-06
42.950051691388,-1.406e-06
42.965663616442,-2.011e-06
42.98130439782,-1.43e-07
42.996920005115,1.107e-06
43.012557274912,2.981e-06
43.028179088482,7.77e-07
43.043800202469,4.04e-07
43.059427571249,1.35e-07
43.075053454467,1.907e-06
43.090679377806,-4.53e-07
43.106310171856,-1.689e-06
43.121919044396,3.72e-07
43.137552165691,4.27e-07
43.153180855077,3.7e-07
43.168795403963,3.65e-07
43.184429004992,-2.021e-06
43.200056527664,2.19e-06
43.215673340298,1.92e-06
43.231307609068,-1.44e-07
43.246931784548,-3.62e-07
43.2625457011,-6.2e-08
43.278182579893,-9.31e-07
43.293801010838,3.32e-06
43.309414664574,-1.567e-06
43.325061978372,-1.15e-06
43.340685673444,-4.803e-06
43.356313956896,-1.719e-06
43.371928739539,-8.177e-06
43.387556969881,5.47e-07
43.403180417953,-1.6e-08
43.418795299357,-6.3e-08
43.434422376852,-6e-08
43.450045958655,1.582e-06
43.465675059811,-1.85e-07
43.481309479755,-5.727e-06
43.496917104934,9e-08
43.512550151916,1.08e-07
43.528177487193,7.367e-06
43.543799094893,-3.7e-08
43.559428675815,1.3e-08
43.575049107217,6.64e-07
43.590672034282,4.4e-08
43.606294500014,-3.47e-07
43.621935127567,-9e-09
43.637544246365,1.658e-06
43.653168613252,-6.96e-07
43.668802730484,-7.43e-07
43.684429180413,-7.41e-07
43.700056536554,-6.88e-07
43.715683730954,-6.2e-07
43.731312165824,7.6e-08
43.746933748528,6.9e-08
43.762552327561,2.88e-07
43.778188627442,2.1e-08
43.793805772911,6.7e-08
43.809422465399,-3.885e-06
43.825057194806,3.585e-06
43.840674020614,1.709e-06
43.856297224123,-4.83e-07
43.871922384511,2.362e-06
43.887539155082,7.58e-07
43.90317317669,-8.6e-07
43.918799344609,1.569e-06
43.934438209476,-3.083e-06
43.95005024532,1.293e-06
43.965681784125,3.9e-08
43.981299317485,-5.04e-07
43.996935112447,6.699e-06
44.012550206253,-1.633e-06
44.028177168095,5.49e-07
44.043806490617,3.81e-07
44.059428377513,2.94e-07
44.075053043403,-3.6e-08
44.090679558153,-3.1e-08
44.106291312844,-2.03e-07
44.121925280659,-7.44e-07
44.13754674065,1.486e-06
44.153178717099,-3.319e-06
44.168800673481,-1.421e-06
44.184433680844,-3.327e-06
44.200052304995,-4.94e-07
44.215681538261,-8.33e-07
44.231297143781,-1.204e-06
44.246925490932,7.6e-08
44.262556090896,-1.43e-06
44.278172277618,-7.6e-08
44.293797338112,2.641e-06
44.309428237836,-1.332e-06
44.325046979167,3.19e-07
44.34068020347,3.1e-07
44.356290372796,3.85e-07
44.371924814409,2.829e-06
44.387550469405,-7.16e-07
44.403174970306,9.8e-08
44.418804345966,8.96e-07
44.434420349077,2.167e-06
44.450045896445,-1.485e-06
44.465679807916,-4.721e-06
44.48130393289,-1.017e-06
44.49692780995,-3.22e-07
44.512541627276,3e-09
44.52816567633,-1.096e-06
44.543799260868,-5e-09
44.559428985557,-3.753e-06
44.57504737136,5.7e-08
44.590676638999,3.3e-08
44.606306573322,-1.13e-07
44.621919911059,2.12e-07
44.637554456202,-2.552e-06
44.653164470743,-1.44e-07
44.668798016894,-4.378e-06
44.68442966465,-2.65e-07
44.700053849051,-2.86e-06
44.715675217064,4.39e-07
44.731309116039,5.09e-07
44.746934615022,1.093e-06
44.762544541072,1.378e-06
44.778170441757,5.16e-07
44.793798580927,-2.674e-06
44.809431366389,4.47e-07
44.825050522954,4.96e-07
44.840677276328,4.92e-07
44.856295390745,4.86e-07
44.871926939141,-5.214e-06
44.887545360155,6.12e-07
44.903178780974,3.485e-06
44.918801276491,3.76e-07
44.934426457948,3.83e-07
44.950054312334,2.476e-06
44.965672233966,5.65e-07
44.981309598588,1.73e-07
44.996929518137,1.37e-07
45.012546693024,1.88e-07
45.028178548298,2.112e-06
45.043806393415,-3.836e-06
45.059427004726,-2.014e-06
45.075051233322,-8.59e-07
45.090677250764,-1.314e-06
45.106305173552,-1.362e-06
45.121926134189,-1.359e-06
45.137549721226,-8.05e-07
45.153177590387,-8.1e-07
45.168798907599,3.483e-06
45.184420899856,-3.44e-06
45.200053240173,4.46e-07
45.215671390308,-3.602e-06
45.23130266061,5.51e-07
45.246930698514,1.368e-06
45.262544648937,4.813e-06
45.278179499992,1.154e-06
45.293794490747,9.19e-07
45.309428523183,-4.457e-06
45.32504714777,1.354e-06
45.340674543454,-6.64e-06
45.356307563969,5.24e-07
45.37192845902,5.27e-07
45.387547746643,5.71e-07
45.403174051904,-1.539e-06
45.418803898881,1.006e-06
45.434430652286,-5.18e-07
45.45004322222,-3.599e-06
45.465681676431,9.15e-07
45.481299148835,1.53e-07
45.496917232892,-1.76e-07
45.512550026622,4e-08
45.528186662267,5.494e-06
45.543803723432,-1.317e-06
45.559423010975,1.98e-07
45.575050088722,7.402e-06
45.590677684453,-6.25e-07
45.606302450374,-5.663e-06
45.621920905465,3.8e-07
45.637559776703,2.05e-06
45.653174045466,-1.048e-06
45.668805064168,4.72e-07
45.684428304428,2.39e-07
45.700045351487,4.856e-06
45.715682073979,4.85e-07
45.73130116299,1.354e-06
45.746919733579,1.1e-08
45.762542734935,-4.4e-07
45.778165416596,-1.651e-06
45.79379237084,1.49e-07
45.809420406953,-8.7e-08
45.825046414324,-4.089e-06
45.840671018791,-1.64e-07
45.856299231529,-1.94e-07
45.871927649935,-3.4e-08
45.88755478212,1.858e-06
45.903179803233,-1.06e-07
45.918797133173,-6.578e-06
45.934428795724,1.094e-06
45.950050495109,-1.462e-06
45.965673347499,1.388e-06
45.981306628347,-8.16e-07
45.996921942251,1.252e-06
46.012555651717,1.247e-06
46.028182679607,1.297e-06
46.043792219313,8.78e-07
46.05942140969,-4.109e-06
46.075041519482,8.94e-07
46.090670522071,6e-09
46.106311072144,-2e-09
46.12192314699,-5.4e-08
46.137555473701,2.81e-06
46.153174218995,-3.79e-07
46.168799894149,-1.118e-06
46.184436738127,-3.755e-06
46.200044601728,-3.68e-07
46.215676064236,3.71e-07
46.231296936539,1.733e-06
46.24692928562,4.37e-07
46.262547410619,2.508e-06
46.278176379787,9.83e-07
46.293799229279,2.01e-07
46.309433309962,-2.1e-08
46.325053449239,-1e-08
46.340677648599,-9e-09
46.356307745253,3.8e-08
46.371918915975,1.641e-06
46.387561413366,5.391e-06
46.403179520584,-6.18e-07
46.418793344447,4.163e-06
46.434427428494,-2.53e-07
46.45004904333,1.841e-06
46.465670920283,-3.33e-06
46.481297484343,1.457e-06
46.496928833721,-1.482e-06
46.512551267592,-9.68e-07
46.528174191329,-4.31e-07
46.543802030019,1.05e-07
46.559428142898,-4.32e-07
46.575056684615,2.6e-07
46.590676108506,3.62e-07
46.606302258264,9.4e-07
46.62192753523,6.82e-07
46.637546686431,7.27e-07
46.653179236676,3.236e-06
46.668804912375,-4.84e-07
46.684432074502,-9.06e-07
46.700050235006,-9.15e-07
46.715668045426,4.725e-06
46.731301466773,-8.71e-07
46.746922759784,-1.964e-06
46.762548955516,-1.56e-06
46.778174308848,-1.586e-06
46.793804791072,-4.312e-06
46.809426090665,1.454e-06
46.825059175758,-4.248e-06
46.840673778828,6.85e-06
46.856305407336,9.64e-07
46.871926787957,-4.34e-07
46.887547226548,-7.8e-07
46.903180191836,-1.66e-07
46.918797026123,-1.112e-06
46.934414894468,-1.64e-07
46.950060342125,-6.51e-07
46.965670581349,3.694e-06
46.981310403126,1.4e-07
46.996923773429,-7.95e-07
47.012553584729,-1.449e-06
47.028175062901,-1.75e-06
47.043801592032,-1.749e-06
47.059425646045,-9.2e-07
47.075051731697,-3.138e-06
47.090673775147,1.04e-07
47.106300831887,0
47.121935902856,3.82e-07
47.137546058293,-1.34e-06
47.153173613809,7.88e-07
47.168800830081,-1.41e-07
47.184426973392,3.2e-07
47.200049177281,-4.05e-07
47.215673949824,3.06e-07
47.231302979418,-4.499e-06
47.246925490794,2.43e-07
47.262556638432,1.35e-07
47.278174426025,1.6e-07
47.293806307706,2.09e-07
47.309424585059,4.2e-08
47.325061368357,-1.49e-07
47.340669879132,5.4e-08
47.356311720949,-2.59e-07
47.371924283767,-2.63e-07
47.387549439701,-5.511e-06
47.40317278776,4.76e-07
47.418795363866,2.6e-08
47.434427641862,4.648e-06
47.450059326398,5.99e-07
47.465674699372,-7.765e-06
47.481305350749,-2.62e-07
47.496926404914,-2.58e-07
47.512540583598,-1.91e-07
47.528176266608,5.236e-06
47.543802458229,8.036e-06
47.559422402541,-1.801e-06
47.575051465151,-2.413e-06
47.59067729407,-6.258e-06
47.606302588121,-2.704e-06
47.621919855457,-2.604e-06
47.637549348626,2.586e-06
47.653170835455,-1.223e-06
47.668797020369,2.75e-07
47.684428476876,1.9e-08
47.700050292431,3.062e-06
47.715672544181,1.395e-06
47.731294689317,5.241e-06
47.746918999728,-8.18e-07
47.762548648407,-5.64e-07
47.77818026154,-6.7e-08
47.793799055525,1.23e-07
47.809421457656,5e-08
47.825051960953,5.8e-08
47.840672658157,5.5e-08
47.856302649541,-4.537e-06
47.871928564073,-8.26e-07
47.887549337841,-8.23e-07
47.903183231694,-8.88e-07
47.918804338432,-3.95e-07
47.934417819501,-8.9e-08
47.950054017258,-1.87e-07
47.965682042858,-1.87e-07
47.981295439981,-1.1e-07
47.996922448837,6.5e-08
48.012549298553,5.07e-07
48.028172490186,-4.25e-06
48.043797052242,4.282e-06
48.059426251285,8.01e-07
48.07505179321,7.36e-07
48.090671882726,1.38e-07
48.106303949401,8.5e-08
48.121937621406,-5.23e-07
48.137552173988,3.189e-06
48.153169718629,4.39e-06
48.168795359846,-7.51e-07
48.184422556807,-2.91e-06
48.200056313335,-2.278e-06
48.215672549468,2.323e-06
48.23130286726,2.225e-06
48.246925024705,1.7e-08
48.262548892514,8.1e-08
48.278165749368,-4e-09
48.293801850417,-2.314e-06
48.309434501989,-6.4e-08
48.32505092872,4e-09
48.340670941726,-1.603e-06
48.356302865563,1.416e-06
48.371933143389,-2.27e-07
48.387548558034,-3.39e-06
48.403178935463,-1.22e-07
48.41880217661,4.89e-07
48.434426600261,-1.64e-07
48.450054914386,1.895e-06
48.465665887995,-3.191e-06
48.481309869756,-1.488e-06
48.496931353921,-2.576e-06
48.512548616718,1.774e-06
48.528175227307,-8.51e-07
48.543804358344,-1.05e-07
48.559434971071,-2.311e-06
48.575047524491,-8.74e-07
48.590687150712,4.495e-06
48.60630223145,2.92e-07
48.621927226495,-3.49e-06
48.637557920366,3.51e-07
48.653175192811,1.277e-06
48.668804772522,8.8e-07
48.684421284662,8.79e-07
48.700049037998,7.32e-07
48.7156841341,-4.762e-06
48.731299375237,-2.1e-07
48.746927204722,-1.699e-06
48.762553475228,2.27e-07
48.778167166652,1.73e-07
48.793795861846,2.71e-07
48.809435064406,8.119e-06
48.825051472774,-3.2e-08
48.840679374422,-3.093e-06
48.856309780654,3.57e-07
48.871924682505,8.37e-07
48.887554470204,4.87e-07
48.903183219015,7.845e-06
48.918799042824,8.17e-07
48.934435692464,-2.743e-06
48.950052572723,4.86e-07
48.965675246791,5.34e-07
48.981293490963,4.32e-07
48.996924521296,5.36e-07
49.012550715425,4.86e-07
49.028162578226,2.73e-07
49.043801115264,3.84e-07
49.059430613172,-1e-08
49.075051910102,-1.4e-08
49.090669760064,1.858e-06
49.106307087705,-4.5e-08
49.12192112232,3.761e-06
49.137552857909,-9.2e-08
49.153179395821,8.76e-07
49.168807821814,8.75e-07
49.184426769205,9.64e-07
49.200052074875,1.28e-07
49.215667508717,1.33e-07
49.231306228937,1.28e-07
49.246919436522,5.56e-07
49.262541792436,4.892e-06
49.278179486536,-6.7e-08
49.293808354111,1.054e-06
49.309419834969,6.44e-07
49.325052945291,3.6e-08
49.340674351854,-1.06e-07
49.35630084265,-1.04e-07
49.371926029878,-1.419e-06
49.387554147998,-1.259e-06
49.403179930595,1.3e-07
49.418813117878,2.05e-07
49.434425322526,1.256e-06
49.450047876145,1.37e-07
49.465680038219,5.4e-07
49.481297394404,-3.7e-08
49.496928820333,-1.5e-08
49.512556596898,3.7e-08
49.528180307061,1.67e-07
49.543805514414,-2.768e-06
49.55942129863,4.4e-08
49.575051136179,6.929e-06
49.590669068259,-4.28e-06
49.606304020517,-2.478e-06
49.621920994404,3.65e-07
49.63755318999,2.37e-07
49.65317922336,4.02e-07
49.668801944978,-3.338e-06
49.684430213457,1.135e-06
49.700047303342,8.57e-07
49.71566788074,-6.164e-06
49.731302484565,2.371e-06
49.746920288264,2.642e-06
49.762553422645,1.17e-07
49.778177494672,8.395e-06
49.793798612829,-1.56e-07
49.809420823739,-1.98e-07
49.825050507726,5.78e-07
49.84067484635,4.763e-06
49.856303680795,-6.177e-06
49.871931911084,5.38e-07
49.887555213886,-3.7e-07
49.903176236263,-3.64e-07
49.918803358781,-5.98e-07
49.934425605641,7.617e-06
49.950049689338,5.13e-07
49.965675099771,-1.491e-06
49.981298192626,-1.163e-06
49.996919708881,-3.07e-07
50.012547860263,-7.77e-07
50.028180425945,2.07e-07
50.043806938577,-1.1e-08
50.059434979332,-4.4e-08
50.075059120189,3.248e-06
50.090675612685,3.5e-07
50.106305321927,6.38e-07
50.121929424842,-1.256e-06
50.137556454954,3.345e-06
50.153183789239,2.473e-06
50.168799728235,9.4e-07
50.184415984106,8.51e-07
50.200051355166,3.97e-07
50.215679386471,-8.62e-07
50.231290704313,-1.524e-06
50.246924931275,2.76e-07
50.262554106942,6.05e-06
50.278180266877,-1.2e-06
50.293802685896,-5.95e-07
50.30942220409,-8.77e-07
50.325051442609,4.246e-06
50.340671851848,-9.02e-07
50.356294421235,4e-07
50.371913487799,3.8e-08
50.387555704117,-6.216e-06
50.403175783677,1.328e-06
50.418799950474,9.63e-07
50.434421007985,2e-09
50.450047567896,-1.96e-07
50.465673267138,5.14e-07
50.481298882535,3.18e-07
50.496923755999,4.5e-07
50.512555267779,3.95e-07
50.528176886722,6.561e-06
50.543795929356,2.2e-07
50.559421619441,-3.891e-06
50.575042728905,2.56e-07
50.590680510714,-3.07e-07
50.606298919828,-1.292e-06
50.621928375277,4.7e-07
50.637553985677,4.48e-07
50.653180998192,4.672e-06
50.668795424261,-1.28e-07
50.684430532171,-8.96e-07
50.700052797802,-1.34e-06
50.715679535875,-5.2e-06
50.731300082885,-1.792e-06
50.746934228689,-7.593e-06
50.762557867025,1.776e-06
50.778185178063,-1.15e-07
50.793808968188,3.66e-07
50.80941754804,-7.4e-07
50.825048865751,-6.99e-07
50.840668093002,-2.11e-07
50.856297111132,2.615e-06
50.871928327702,-1.74e-07
50.887553278568,2.306e-06
50.903172995711,-3.4e-07
50.918807701926,-3.86e-07
50.934423833425,-3.74e-07
50.950041810499,6.089e-06
50.965672384962,-4.83e-07
50.981311292968,-5.895e-06
50.996930041264,-4.1e-08
51.012546356711,-9.56e-07
51.028170988914,1.005e-06
51.043790390541,-6.9e-08
51.059428369535,8.4e-08
51.075043190692,-1.697e-06
51.090672288946,1.183e-06
51.106293851551,6.79e-07
51.121922191715,-7.46e-07
51.137549865848,1.38e-07
51.153168838983,-1.36e-06
51.168804532887,-2.77e-07
51.184420945983,-2.312e-06
51.20005224638,3e-08
51.215678267542,-1.72e-07
51.231300466041,-3.3e-07
51.246932065307,-4.257e-06
51.262548558453,1.3e-06
51.278178187802,-4.617e-06
51.293806453301,1.626e-06
51.309427471591,1.618e-06
51.325043990174,9.2e-07
51.340671567386,5e-09
51.356305736305,2.413e-06
51.371923761992,-1.192e-06
51.387556157692,-1.852e-06
51.403180815736,2.827e-06
51.418808197144,-1.679e-06
51.434418276141,-2.71e-07
51.450052380618,1.99e-07
51.46567249548,8.776e-06
51.481295752766,-2.31e-07
51.496920657875,7.42e-07
51.512551722501,-1.6e-07
51.528175188692,-9.46e-07
51.543801485852,-1.14e-06
51.559422530145,1.055e-06
51.575047227899,-1.28e-06
51.590676146282,-1.125e-06
51.606298263521,-3.06e-07
51.621925684909,-3.59e-07
51.637550476513,-3.49e-07
51.653176535819,4e-09
51.668802963276,-7.155e-06
51.68442244904,-4e-09
51.700039662169,-2.162e-06
51.715669971281,3.03e-07
51.731299751084,3.02e-07
51.74692411787,-5.3e-08
51.762541126375,-7.26e-07
51.778185524572,-2.78e-06
51.793799316548,-1.698e-06
51.809420255937,-1.745e-06
51.825055671231,-2.277e-06
51.840679143849,-5.309e-06
51.856294535221,-2.39e-07
51.871933932355,-2.83e-07
51.887542821008,-7.24e-07
51.90316669958,-5.21e-07
51.91879346261,-6.5e-06
51.934427949404,-1.287e-06
51.950055957906,-7.23e-07
51.965680725945,2.1e-07
51.981302280183,-9e-07
51.996926582003,-1.2e-08
52.012553301683,-3.53e-07
52.028169514355,-1.009e-06
52.043807250355,-1.009e-06
52.059424746325,-3.92e-07
52.07504673821,-1.938e-06
52.090671162477,8.5e-08
52.106293488645,1.33e-07
52.121927429336,1.17e-07
52.137554159994,-5.551e-06
52.153178526757,-7.38e-07
52.168798099497,-1.338e-06
52.184430092771,-1.289e-06
52.200042455339,-9.02e-07
52.215669607055,-2.45e-07
52.231298542967,-1.91e-07
52.246932144599,4.15e-07
52.262546615993,-1.142e-06
52.278170834336,-4.2e-08
52.293812223755,-3.5e-08
52.30942445977,-1.887e-06
52.325051153401,3.11e-07
52.340684830492,1.643e-06
52.356293901429,1.352e-06
52.371930957405,1.409e-06
52.3875559416,1.351e-06
52.403167762282,8.92e-07
52.41879630131,9.21e-07
52.434427479284,3.39e-07
52.450049006429,3.24e-07
52.465676158246,3.39e-07
52.481297557507,1.86e-06
52.496931502561,-6e-08
52.512554234798,-4.3e-08
52.528170524328,3.638e-06
52.543810506172,5.872e-06
52.559427076779,2.279e-06
52.575053985036,-4.515e-06
52.590677666945,1.482e-06
52.606291508977,-1.845e-06
52.621924326126,-6.292e-06
52.637551594868,7.46e-07
52.653178937281,5.92e-07
52.668797331233,-3.6e-08
52.684421166456,-1.3e-08
52.700047915795,3.9e-08
52.715680730677,-5.8e-08
52.731299810633,-3e-09
52.746921718977,-3.544e-06
52.762549983432,6.76e-07
52.778177381669,5.26e-07
52.793802771588,4.59e-07
52.80942487377,4.3e-08
52.825047462696,1.2e-07
52.840672778749,-7.1e-08
52.856302781978,5.616e-06
52.871930752449,-4.5e-08
52.887554575886,-1.248e-06
52.903174158614,-2.7e-08
52.918797573611,-1.401e-06
52.934425225517,1.99e-07
52.950048150717,-2.957e-06
52.96567780521,4.83e-07
52.981302577122,-1.953e-06
52.996928355484,3.237e-06
53.012546961717,7.74e-07
53.02817552663,1.815e-06
53.043805944698,5.85e-07
53.059428008047,6.44e-07
53.075038731054,2.9e-07
53.090669023685,1.576e-06
53.106302011602,-2.49e-07
53.121923533027,-6.907e-06
53.137548823151,4.98e-07
53.153181402346,2.24e-07
53.168795372225,2.7e-07
53.184430442457,8.27e-07
53.200061908589,8.24e-07
53.215681019116,-9.19e-07
53.231302319801,-4.8e-07
53.246921152313,-1.39e-06
53.262557036508,6.4e-08
53.278174048338,-7.09e-07
53.29379641158,1.77e-07
53.309434213942,6.7e-08
53.325042932251,1.96e-07
53.340667819613,2.3e-08
53.356308414835,8.7e-08
53.371920622028,3.32e-07
53.387551620646,-5.23e-07
53.403176602604,-2.18e-07
53.418811996036,-4.8e-08
53.434422416518,5.14e-07
53.450056087569,5.3e-08
53.46567915775,-8e-09
53.481298334079,5.4e-08
53.496928992846,7.65e-07
53.512550787543,0
53.52817650991,-4.445e-06
53.543794311317,2.23e-07
53.559415336247,-7.304e-06
53.575047568894,1.191e-06
53.590679184854,1.136e-06
53.606309051692,1.176e-06
53.621926282935,1.625e-06
53.637544257803,2.68e-07
53.653180682019,-3.5e-07
53.668805075931,2.91e-07
53.684427332641,6.46e-07
53.700052800619,6e-08
53.715674177339,-6.459e-06
53.73129950284,8.49e-07
53.746930628813,2.314e-06
53.762550177243,2.65e-07
53.778177810637,2.21e-07
53.793797898749,-5.94e-07
53.809425901672,5e-09
53.825048937523,4.53e-07
53.840672632029,5.07e-07
53.856313040832,1.405e-06
53.871926386275,4.01e-07
53.887541073146,-7.32e-07
53.903177813199,2.8e-08
53.918808079449,-2.5e-08
53.934424526536,-2.1e-08
53.95005409086,-2.474e-06
53.965669740365,1.47e-06
53.981294998391,8.15e-07
53.996930532156,1.891e-06
54.012549664959,2.739e-06
54.02817542529,2.736e-06
54.043787233082,2.568e-06
54.059417347732,1.85e-06
54.075043920592,1.358e-06
54.090670986741,6.12e-07
54.106296176428,3.7e-08
54.121924396205,-2.83e-07
54.137558648495,-6.26e-07
54.153180990852,-1.344e-06
54.168798242598,-9.42e-07
54.184411898168,-5.63e-07
54.200048308272,8.14e-07
54.215674934109,1.8e-08
54.231294177139,-2.9e-08
54.246935967322,-6.28e-07
54.262551802227,3.1e-08
54.278174192929,-1.56e-07
54.293800140193,7.2e-08
54.309430477661,-2.031e-06
54.32503543443,7e-08
54.340674427155,3.68e-07
54.356301258002,-1.8e-08
54.371925798617,4.474e-06
54.387554519381,-2.845e-06
54.403177599485,2.67e-07
54.418797201629,-1.96e-07
54.434417101455,7.3e-07
54.450048912829,4.67e-07
54.465673242274,4.68e-07
54.481299503676,5.331e-06
54.496928266337,6.692e-06
54.512554166542,9.81e-07
54.528184854366,-3.667e-06
54.54379564365,-8.81e-07
54.559430264772,-1.277e-06
54.575050597344,-1.86e-07
54.590676426365,8.41e-07
54.606295273466,5.48e-07
54.621921729873,2.59e-07
54.637563519195,1.305e-06
54.653181084891,2.28e-07
54.668805460768,1.81e-07
54.684421887322,-6.119e-06
54.700058625664,1.04e-06
54.71568475143,3.08e-06
54.731310145654,-3.45e-07
54.746922494511,-5.72e-07
54.76256041371,-1.92e-07
54.77817754821,-1.92e-07
54.793801063635,-5.38e-07
54.80942590588,-1.42e-07
54.825055538169,-3.98e-07
54.840679839636,-4.4e-07
54.856298793367,-3.144e-06
54.871929108011,4.678e-06
54.887553993879,-8.29e-07
54.903170859768,1.74e-07
54.918807790197,5.322e-06
54.934429226614,-1.18e-07
54.950045055877,-1.189e-06
54.965675621031,-4.22e-07
54.981306921295,2.024e-06
54.996920403961,-6.12e-07
55.012553989593,-1.95e-07
55.028174004464,5.84e-06
55.043792104072,-1.91e-07
55.059427199572,-1.35e-07
55.075058335841,-1e-08
55.090672943169,-1.9e-08
55.106301302015,-1.1e-08
55.121932750664,-7.346e-06
55.137545294054,1.505e-06
55.15317209091,-6.52e-07
55.168806574311,-4.158e-06
55.184427847997,1.441e-06
55.200060005217,5.42e-07
55.215680738565,-2.897e-06
55.231302911775,-2.546e-06
55.246925857122,6.1e-08
55.262546537135,4.69e-06
55.278184529061,-6.63e-07
55.293792211077,-3.71e-07
55.309422497402,5.049e-06
55.325052495073,-1.948e-06
55.340682030943,-3.254e-06
55.356292777866,5.296e-06
55.371924313309,-5.95e-07
55.387543638753,-1.024e-06
55.403169843283,-9.11e-07
55.418809262132,-9.63e-07
55.434422465319,-5.069e-06
55.450050789733,5.21e-07
55.465671260676,3.83e-06
55.481294640232,-2.72e-07
55.496921492607,1.49e-06
55.512551916642,7.11e-07
55.528173923409,3.3e-07
55.543809815307,2.77e-07
55.559429408534,3.5e-07
55.575050269053,3.9e-08
55.590669632657,2.107e-06
55.606301959857,-2.97e-07
55.621927374934,-1.394e-06
55.637548263468,-2.05e-07
55.65318051332,1.36e-06
55.668797661413,2.62e-07
55.684425947282,3.44e-07
55.700051474445,6.97e-07
55.715683230361,-2.88e-07
55.731292419457,4.316e-06
55.74691762832,2.013e-06
55.762552922537,-5.44e-06
55.778170167215,6.62e-07
55.793797287992,1.068e-06
55.809425744414,8.7e-07
55.825046466168,1.201e-06
55.840674992048,7.09e-07
55.856296437494,-5.885e-06
55.871922640382,-8.1e-08
55.887553442669,1.374e-06
55.903185699471,-2.1e-08
55.918806929394,-5.9e-08
55.93443176011,-1.2e-08
55.950057564039,-1.1e-08
55.965679989973,-1.69e-07
55.981306489756,5.433e-06
55.996916573859,4.85e-07
56.01256266142,2.22e-07
56.028172661477,-2.191e-06
56.043794023756,-1.039e-06
56.059424278554,2.975e-06
56.075052243198,-9.78e-07
56.090679063205,-6.109e-06
56.106290087961,-2.8e-07
56.121929041678,-2.78e-07
56.137551108367,3.07e-07
56.153172440814,2.49e-07
56.168794892008,1.44e-07
56.184426392819,1.47e-07
56.200052425406,4.327e-06
56.215672429601,5.98e-07
56.231304709408,4.11e-07
56.246925940994,7.596e-06
56.262545945998,-6.34e-07
56.278167383867,-5.95e-07
56.293805723694,-9.9e-07
56.30942564531,-4.81e-07
56.325046260991,-5.45e-07
56.340673108584,6.4e-08
56.356307110802,2.57e-07
56.371931493633,-3.549e-06
56.387560434512,5.36e-07
56.403172525914,1.989e-06
56.418796944959,5.29e-07
56.434428508453,2.25e-07
56.450041166682,-4.61e-07
56.465681958774,-4.52e-07
56.48129909731,-8.81e-07
56.496926450356,-2.519e-06
56.512561008721,6.01e-06
56.528169341928,-1.553e-06
56.543804528378,-2.926e-06
56.559418731615,1.151e-06
56.575036404347,-4.31e-07
56.590681185749,-2.988e-06
56.606292335832,-1.752e-06
56.621922389876,2.238e-06
56.637548291336,-1.319e-06
56.653175463253,1.568e-06
56.668802166565,-3.74e-06
56.684425000317,1.929e-06
56.700048549794,5.666e-06
56.715680125744,2.366e-06
56.731307824686,-1.478e-06
56.746922746566,2.482e-06
56.762558594783,-6.455e-06
56.778183936306,-2.26e-07
56.793802214415,1.062e-06
56.809433683301,8.61e-07
56.825058111229,-1.19e-07
56.840671441496,-1.18e-07
56.856295387596,-1.15e-07
56.871926226207,3e-09
56.887552631365,1.094e-06
56.903172447397,1.149e-06
56.918795994609,-2.309e-06
56.934427561768,-4.759e-06
56.950055074145,5.9e-07
56.965666198658,-1.487e-06
56.981310960437,-1.136e-06
56.996926206117,2.55e-07
57.012556630497,3e-08
57.028177960861,5.69e-07
57.043798859461,5.68e-07
57.059425076147,2.279e-06
57.075053385372,-4.144e-06
57.090673946054,4.734e-06
57.106298373563,-1.952e-06
57.12192183891,-5.23e-07
57.137551387806,-6.65e-07
57.153184112466,-5.65e-07
57.168798969517,-1.029e-06
57.184427306202,-1.125e-06
57.200051507344,-1.072e-06
57.215687275145,-5.6e-07
57.231299960651,-4.9e-07
57.246935520934,2.352e-06
57.262558872951,0
57.278183893178,-1.449e-06
57.293807487064,1.18e-07
57.30943251649,1e-08
57.325054668376,8e-09
57.340676569234,7.4e-08
57.356300891567,2.56e-07
57.371923386734,3e-09
57.387549380133,1.552e-06
57.403177136614,-9.13e-07
57.418803245513,-4.312e-06
57.434415654277,8.9e-08
57.450058185808,-8.91e-07
57.465679923914,5.77e-07
57.481306167199,-5.197e-06
57.496915834372,1.31e-06
57.512553023653,-3.936e-06
57.52818057609,3.278e-06
57.543803902499,4.33e-06
57.559420176227,-1.6e-08
57.575047694553,-4e-07
57.590682403687,-4.6e-07
57.606295357601,-4.04e-07
57.621926390746,-1.323e-06
57.637557868596,-6.454e-06
57.653172389497,4.6e-08
57.66879829051,-1.016e-06
57.684424201321,5.97e-07
57.700052316901,3.4e-07
57.715672764594,5.81e-07
57.731297045234,-4.022e-06
57.746922646424,-5e-08
57.762549823607,-1.8e-07
57.778160412352,1.052e-06
57.793798414344,1.113e-06
57.809425684478,2.006e-06
57.825054475647,4.14e-07
57.8406706059,1.747e-06
57.856292338558,4.7e-06
57.871923120015,-7.885e-06
57.887560522933,-4.66e-06
57.903168768012,2.187e-06
57.918791817916,1.955e-06
57.934425722277,1.49e-06
57.950054897558,1.39e-06
57.965680456274,1.032e-06
57.981300506486,2.69e-07
57.996931735838,-1.3e-06
58.012548666615,-5e-08
58.028183868405,2.8e-08
58.043800579686,3.5e-08
58.059428670304,1.2e-08
58.075045667698,3.429e-06
58.090683771665,-8.01e-07
58.106292197072,-3.97e-07
58.121932072505,7.79e-07
58.13754454547,-1e-07
58.153170596853,-1.93e-07
58.168799527035,8.9e-08
58.184423611111,1.264e-06
58.200051755912,-4.222e-06
58.215680587024,7.6e-08
58.231286700148,2.12e-06
58.246922789897,-7e-09
58.262556610193,-1.63e-07
58.278184376337,2.3e-08
58.293795181856,-1.51e-07
58.30942181752,-1.547e-06
58.325048002619,8.5e-08
58.340670399873,-2.38e-07
58.356300439427,-2.95e-07
58.371927421146,3.9e-08
58.387549840187,-1.4e-08
58.403173299393,3.8e-08
58.418802185095,-7e-09
58.434431164682,-4.8e-08
58.45004779897,-5.3e-08
58.465684064524,5.45e-06
58.48130790855,1.16e-07
58.496928606955,-5.86e-07
58.512537989514,-8.17e-07
58.528186110521,-7.78e-07
58.543801302501,1.852e-06
58.559422834012,-1.194e-06
58.575052804201,-2.25e-07
58.590682611172,-2.7e-08
58.606303425444,3.3e-08
58.621928281649,-3.819e-06
58.63754246607,1.147e-06
58.65317442265,1.09e-06
58.668799896756,5.968e-06
58.684420477671,4.9e-08
58.700053905491,-4.09e-06
58.715678435503,-3.335e-06
58.731300282298,2.11e-06
58.746931475267,-1.14e-06
58.762545650357,4.64e-07
58.778173553801,-5.7e-07
58.793785881168,1.8e-07
58.809421868223,-8.61e-07
58.825050647856,-2.09e-07
58.840678000262,-1.91e-07
58.856298170081,3.682e-06
58.871932020254,-2.26e-07
58.887548187887,1.26e-07
58.903181387068,6.9e-08
58.918795754116,7.1e-08
58.934425033552,-5.316e-06
58.95005726854,4.95e-07
58.965676439333,5.52e-07
58.981294423764,-3.246e-06
58.996923801874,1.063e-06
59.012554960858,7.011e-06
59.028175070938,6.033e-06
59.043800906143,-6.31e-07
59.059430919765,-1.616e-06
59.075050032315,-1.906e-06
59.09067692093,-1.954e-06
59.106294630657,-4.08e-07
59.121925382451,6.934e-06
59.137552608687,-1.5e-08
59.1531780994,-3.647e-06
59.168796946118,-1.062e-06
59.184430269499,3.032e-06
59.200042621613,-6.073e-06
59.215672968296,1.081e-06
59.231314163591,2.011e-06
59.246927063546,5.71e-07
59.262543831388,1.618e-06
59.278173175687,-1.501e-06
59.293796394194,6.012e-06
59.309427492821,-2.433e-06
59.325051742036,-5.323e-06
59.340676224474,-3.25e-07
59.356298017245,-2.061e-06
59.371928603443,7.346e-06
59.387560375059,-9.07e-07
59.40317592547,1.029e-06
59.418797019385,3.92e-07
59.434413505618,1.077e-06
59.450049916742,4.91e-07
59.465680707376,5.75e-07
59.481301425139,3.183e-06
59.496919023485,3.94e-07
59.512551402847,-2.15e-07
59.528176820385,-4.86e-07
59.543799596845,5e-07
59.559417975686,5.423e-06
59.575044189555,-4.23e-07
59.590669933023,1.519e-06
59.606303785462,-2.89e-07
59.621932955024,-4.46e-07
59.637555448088,-4.62e-07
59.653177600129,-1.814e-06
59.668803166857,-4.63e-07
59.684422911297,-4.67e-07
59.700051087236,-2.28e-07
59.71567072335,-2.79e-07
59.731299414089,-2.362e-06
59.74693044757,-8.13e-07
59.762543785951,7.19e-07
59.778186119371,-1.73e-07
59.793806171533,-1.63e-07
59.809422410427,1.63e-06
59.825053848809,2.6e-08
59.84067397068,2.5e-08
59.856296795666,8.39e-07
59.871924943813,-5.91e-06
59.887556344267,-1.56e-07
59.903169526374,1.446e-06
59.918804425826,4.207e-06
59.934431739858,-5.2e-08
59.950051954634,1.37e-07
59.965670487622,-8.8e-08
59.981305045958,-5.15e-07
59.996931037324,-3.227e-06
60.286801145682,0
